SMM: enter
EAX=00000001 EBX=00000000 ECX=02000000 EDX=02000628
ESI=0000000b EDI=02000000 EBP=00014900 ESP=00006c5c
EIP=000e9bb1 EFL=00000002 [-------] CPL=0 II=0 A20=1 SMM=0 HLT=0
ES =0010 00000000 ffffffff 00cf9300 DPL=0 DS   [-WA]
CS =0008 00000000 ffffffff 00cf9b00 DPL=0 CS32 [-RA]
SS =0010 00000000 ffffffff 00cf9300 DPL=0 DS   [-WA]
DS =0010 00000000 ffffffff 00cf9300 DPL=0 DS   [-WA]
FS =0010 00000000 ffffffff 00cf9300 DPL=0 DS   [-WA]
GS =0010 00000000 ffffffff 00cf9300 DPL=0 DS   [-WA]
LDT=0000 00000000 0000ffff 00008200 DPL=0 LDT
TR =0000 00000000 0000ffff 00008b00 DPL=0 TSS32-busy
GDT=     000f6180 00000037
IDT=     000f61be 00000000
CR0=00000011 CR2=00000000 CR3=00000000 CR4=00000000
DR0=00000000 DR1=00000000 DR2=00000000 DR3=00000000 
DR6=ffff0ff0 DR7=00000400
CCS=00000080 CCD=00000001 CCO=LOGICB
EFER=0000000000000000
SMM: after RSM
EAX=00000001 EBX=00000000 ECX=02000000 EDX=02000628
ESI=0000000b EDI=02000000 EBP=00014900 ESP=00006c5c
EIP=000e9bb1 EFL=00000002 [-------] CPL=0 II=0 A20=1 SMM=0 HLT=0
ES =0010 00000000 ffffffff 00c09300 DPL=0 DS   [-WA]
CS =0008 00000000 ffffffff 00c09b00 DPL=0 CS32 [-RA]
SS =0010 00000000 ffffffff 00c09300 DPL=0 DS   [-WA]
DS =0010 00000000 ffffffff 00c09300 DPL=0 DS   [-WA]
FS =0010 00000000 ffffffff 00c09300 DPL=0 DS   [-WA]
GS =0010 00000000 ffffffff 00c09300 DPL=0 DS   [-WA]
LDT=0000 00000000 0000ffff 00008200 DPL=0 LDT
TR =0000 00000000 0000ffff 00008b00 DPL=0 TSS32-busy
GDT=     000f6180 00000037
IDT=     000f61be 00000000
CR0=00000011 CR2=00000000 CR3=00000000 CR4=00000000
DR0=00000000 DR1=00000000 DR2=00000000 DR3=00000000 
DR6=ffff0ff0 DR7=00000400
CCS=00000000 CCD=00000000 CCO=EFLAGS
EFER=0000000000000000
SMM: enter
EAX=000000b5 EBX=000f7d2a ECX=00001234 EDX=00006cff
ESI=00006cb8 EDI=07fbec71 EBP=00006c78 ESP=00006c78
EIP=00007d29 EFL=00000006 [-----P-] CPL=0 II=0 A20=1 SMM=0 HLT=0
ES =d980 000d9800 ffffffff 008f9300
CS =f000 000f0000 ffffffff 008f9b00
SS =0000 00000000 ffffffff 008f9300
DS =0000 00000000 ffffffff 008f9300
FS =0000 00000000 ffffffff 008f9300
GS =0000 00000000 ffffffff 008f9300
LDT=0000 00000000 0000ffff 00008200
TR =0000 00000000 0000ffff 00008b00
GDT=     00000000 00000000
IDT=     00000000 000003ff
CR0=00000010 CR2=00000000 CR3=00000000 CR4=00000000
DR0=00000000 DR1=00000000 DR2=00000000 DR3=00000000 
DR6=ffff0ff0 DR7=00000400
CCS=00000004 CCD=00006c78 CCO=EFLAGS
EFER=0000000000000000
SMM: after RSM
EAX=000000b5 EBX=000f7d2a ECX=00001234 EDX=00006cff
ESI=00006cb8 EDI=07fbec71 EBP=00006c78 ESP=00006c78
EIP=000f7d2a EFL=00000002 [-------] CPL=0 II=0 A20=1 SMM=0 HLT=0
ES =0010 00000000 ffffffff 00c09300 DPL=0 DS   [-WA]
CS =0008 00000000 ffffffff 00c09b00 DPL=0 CS32 [-RA]
SS =0010 00000000 ffffffff 00c09300 DPL=0 DS   [-WA]
DS =0010 00000000 ffffffff 00c09300 DPL=0 DS   [-WA]
FS =0010 00000000 ffffffff 00c09300 DPL=0 DS   [-WA]
GS =0010 00000000 ffffffff 00c09300 DPL=0 DS   [-WA]
LDT=0000 00000000 0000ffff 00008200 DPL=0 LDT
TR =0000 00000000 0000ffff 00008b00 DPL=0 TSS32-busy
GDT=     000f6180 00000037
IDT=     000f61be 00000000
CR0=00000011 CR2=00000000 CR3=00000000 CR4=00000000
DR0=00000000 DR1=00000000 DR2=00000000 DR3=00000000 
DR6=ffff0ff0 DR7=00000400
CCS=00000000 CCD=00000000 CCO=EFLAGS
EFER=0000000000000000
SMM: enter
EAX=000000b5 EBX=00007d44 ECX=00005678 EDX=07fa91c0
ESI=000e8d00 EDI=07fbec71 EBP=00006c78 ESP=00006c78
EIP=000f7d43 EFL=00000012 [----A--] CPL=0 II=0 A20=1 SMM=0 HLT=0
ES =0010 00000000 ffffffff 00c09300 DPL=0 DS   [-WA]
CS =0008 00000000 ffffffff 00c09b00 DPL=0 CS32 [-RA]
SS =0010 00000000 ffffffff 00c09300 DPL=0 DS   [-WA]
DS =0010 00000000 ffffffff 00c09300 DPL=0 DS   [-WA]
FS =0010 00000000 ffffffff 00c09300 DPL=0 DS   [-WA]
GS =0010 00000000 ffffffff 00c09300 DPL=0 DS   [-WA]
LDT=0000 00000000 0000ffff 00008200 DPL=0 LDT
TR =0000 00000000 0000ffff 00008b00 DPL=0 TSS32-busy
GDT=     000f6180 00000037
IDT=     000f61be 00000000
CR0=00000011 CR2=00000000 CR3=00000000 CR4=00000000
DR0=00000000 DR1=00000000 DR2=00000000 DR3=00000000 
DR6=ffff0ff0 DR7=00000400
CCS=00000010 CCD=00006c64 CCO=EFLAGS
EFER=0000000000000000
SMM: after RSM
EAX=000000b5 EBX=00007d44 ECX=00005678 EDX=07fa91c0
ESI=000e8d00 EDI=07fbec71 EBP=00006c78 ESP=00006c78
EIP=00007d44 EFL=00000006 [-----P-] CPL=0 II=0 A20=1 SMM=0 HLT=0
ES =d980 000d9800 ffffffff 00809300
CS =f000 000f0000 ffffffff 00809b00
SS =0000 00000000 ffffffff 00809300
DS =0000 00000000 ffffffff 00809300
FS =0000 00000000 ffffffff 00809300
GS =0000 00000000 ffffffff 00809300
LDT=0000 00000000 0000ffff 00008200
TR =0000 00000000 0000ffff 00008b00
GDT=     00000000 00000000
IDT=     00000000 000003ff
CR0=00000010 CR2=00000000 CR3=00000000 CR4=00000000
DR0=00000000 DR1=00000000 DR2=00000000 DR3=00000000 
DR6=ffff0ff0 DR7=00000400
CCS=00000004 CCD=00000001 CCO=EFLAGS
EFER=0000000000000000
SMM: enter
EAX=000000b5 EBX=000f7d2a ECX=00001234 EDX=000069ff
ESI=0000699e EDI=07fbec71 EBP=0000695e ESP=0000695e
EIP=00007d29 EFL=00000002 [-------] CPL=0 II=0 A20=1 SMM=0 HLT=0
ES =d980 000d9800 ffffffff 008f9300
CS =f000 000f0000 ffffffff 008f9b00
SS =0000 00000000 ffffffff 008f9300
DS =0000 00000000 ffffffff 008f9300
FS =0000 00000000 ffffffff 008f9300
GS =ca00 000ca000 ffffffff 008f9300
LDT=0000 00000000 0000ffff 00008200
TR =0000 00000000 0000ffff 00008b00
GDT=     00000000 00000000
IDT=     00000000 000003ff
CR0=00000010 CR2=00000000 CR3=00000000 CR4=00000000
DR0=00000000 DR1=00000000 DR2=00000000 DR3=00000000 
DR6=ffff0ff0 DR7=00000400
CCS=00000000 CCD=0000695e CCO=EFLAGS
EFER=0000000000000000
SMM: after RSM
EAX=000000b5 EBX=000f7d2a ECX=00001234 EDX=000069ff
ESI=0000699e EDI=07fbec71 EBP=0000695e ESP=0000695e
EIP=000f7d2a EFL=00000002 [-------] CPL=0 II=0 A20=1 SMM=0 HLT=0
ES =0010 00000000 ffffffff 00c09300 DPL=0 DS   [-WA]
CS =0008 00000000 ffffffff 00c09b00 DPL=0 CS32 [-RA]
SS =0010 00000000 ffffffff 00c09300 DPL=0 DS   [-WA]
DS =0010 00000000 ffffffff 00c09300 DPL=0 DS   [-WA]
FS =0010 00000000 ffffffff 00c09300 DPL=0 DS   [-WA]
GS =0010 00000000 ffffffff 00c09300 DPL=0 DS   [-WA]
LDT=0000 00000000 0000ffff 00008200 DPL=0 LDT
TR =0000 00000000 0000ffff 00008b00 DPL=0 TSS32-busy
GDT=     000f6180 00000037
IDT=     000f61be 00000000
CR0=00000011 CR2=00000000 CR3=00000000 CR4=00000000
DR0=00000000 DR1=00000000 DR2=00000000 DR3=00000000 
DR6=ffff0ff0 DR7=00000400
CCS=00000000 CCD=00000000 CCO=EFLAGS
EFER=0000000000000000
SMM: enter
EAX=000000b5 EBX=00007d44 ECX=00005678 EDX=00000005
ESI=00000000 EDI=07fbec71 EBP=0000695e ESP=0000695e
EIP=000f7d43 EFL=00000012 [----A--] CPL=0 II=0 A20=1 SMM=0 HLT=0
ES =0010 00000000 ffffffff 00c09300 DPL=0 DS   [-WA]
CS =0008 00000000 ffffffff 00c09b00 DPL=0 CS32 [-RA]
SS =0010 00000000 ffffffff 00c09300 DPL=0 DS   [-WA]
DS =0010 00000000 ffffffff 00c09300 DPL=0 DS   [-WA]
FS =0010 00000000 ffffffff 00c09300 DPL=0 DS   [-WA]
GS =0010 00000000 ffffffff 00c09300 DPL=0 DS   [-WA]
LDT=0000 00000000 0000ffff 00008200 DPL=0 LDT
TR =0000 00000000 0000ffff 00008b00 DPL=0 TSS32-busy
GDT=     000f6180 00000037
IDT=     000f61be 00000000
CR0=00000011 CR2=00000000 CR3=00000000 CR4=00000000
DR0=00000000 DR1=00000000 DR2=00000000 DR3=00000000 
DR6=ffff0ff0 DR7=00000400
CCS=00000010 CCD=0000694a CCO=EFLAGS
EFER=0000000000000000
SMM: after RSM
EAX=000000b5 EBX=00007d44 ECX=00005678 EDX=00000005
ESI=00000000 EDI=07fbec71 EBP=0000695e ESP=0000695e
EIP=00007d44 EFL=00000002 [-------] CPL=0 II=0 A20=1 SMM=0 HLT=0
ES =d980 000d9800 ffffffff 00809300
CS =f000 000f0000 ffffffff 00809b00
SS =0000 00000000 ffffffff 00809300
DS =0000 00000000 ffffffff 00809300
FS =0000 00000000 ffffffff 00809300
GS =ca00 000ca000 ffffffff 00809300
LDT=0000 00000000 0000ffff 00008200
TR =0000 00000000 0000ffff 00008b00
GDT=     00000000 00000000
IDT=     00000000 000003ff
CR0=00000010 CR2=00000000 CR3=00000000 CR4=00000000
DR0=00000000 DR1=00000000 DR2=00000000 DR3=00000000 
DR6=ffff0ff0 DR7=00000400
CCS=00000000 CCD=00000001 CCO=EFLAGS
EFER=0000000000000000
SMM: enter
EAX=000000b5 EBX=000f7d2a ECX=00001234 EDX=000069ff
ESI=00006998 EDI=07fbec71 EBP=00006958 ESP=00006958
EIP=00007d29 EFL=00000002 [-------] CPL=0 II=0 A20=1 SMM=0 HLT=0
ES =d980 000d9800 ffffffff 00809300
CS =f000 000f0000 ffffffff 00809b00
SS =0000 00000000 ffffffff 00809300
DS =0000 00000000 ffffffff 00809300
FS =0000 00000000 ffffffff 00809300
GS =ca00 000ca000 ffffffff 00809300
LDT=0000 00000000 0000ffff 00008200
TR =0000 00000000 0000ffff 00008b00
GDT=     00000000 00000000
IDT=     00000000 000003ff
CR0=00000010 CR2=00000000 CR3=00000000 CR4=00000000
DR0=00000000 DR1=00000000 DR2=00000000 DR3=00000000 
DR6=ffff0ff0 DR7=00000400
CCS=00000000 CCD=00006958 CCO=EFLAGS
EFER=0000000000000000
SMM: after RSM
EAX=000000b5 EBX=000f7d2a ECX=00001234 EDX=000069ff
ESI=00006998 EDI=07fbec71 EBP=00006958 ESP=00006958
EIP=000f7d2a EFL=00000002 [-------] CPL=0 II=0 A20=1 SMM=0 HLT=0
ES =0010 00000000 ffffffff 00c09300 DPL=0 DS   [-WA]
CS =0008 00000000 ffffffff 00c09b00 DPL=0 CS32 [-RA]
SS =0010 00000000 ffffffff 00c09300 DPL=0 DS   [-WA]
DS =0010 00000000 ffffffff 00c09300 DPL=0 DS   [-WA]
FS =0010 00000000 ffffffff 00c09300 DPL=0 DS   [-WA]
GS =0010 00000000 ffffffff 00c09300 DPL=0 DS   [-WA]
LDT=0000 00000000 0000ffff 00008200 DPL=0 LDT
TR =0000 00000000 0000ffff 00008b00 DPL=0 TSS32-busy
GDT=     000f6180 00000037
IDT=     000f61be 00000000
CR0=00000011 CR2=00000000 CR3=00000000 CR4=00000000
DR0=00000000 DR1=00000000 DR2=00000000 DR3=00000000 
DR6=ffff0ff0 DR7=00000400
CCS=00000000 CCD=00000000 CCO=EFLAGS
EFER=0000000000000000
SMM: enter
EAX=000000b5 EBX=00007d44 ECX=00005678 EDX=00000003
ESI=07f8b590 EDI=07fbec71 EBP=00006958 ESP=00006958
EIP=000f7d43 EFL=00000016 [----AP-] CPL=0 II=0 A20=1 SMM=0 HLT=0
ES =0010 00000000 ffffffff 00c09300 DPL=0 DS   [-WA]
CS =0008 00000000 ffffffff 00c09b00 DPL=0 CS32 [-RA]
SS =0010 00000000 ffffffff 00c09300 DPL=0 DS   [-WA]
DS =0010 00000000 ffffffff 00c09300 DPL=0 DS   [-WA]
FS =0010 00000000 ffffffff 00c09300 DPL=0 DS   [-WA]
GS =0010 00000000 ffffffff 00c09300 DPL=0 DS   [-WA]
LDT=0000 00000000 0000ffff 00008200 DPL=0 LDT
TR =0000 00000000 0000ffff 00008b00 DPL=0 TSS32-busy
GDT=     000f6180 00000037
IDT=     000f61be 00000000
CR0=00000011 CR2=00000000 CR3=00000000 CR4=00000000
DR0=00000000 DR1=00000000 DR2=00000000 DR3=00000000 
DR6=ffff0ff0 DR7=00000400
CCS=00000014 CCD=00006944 CCO=EFLAGS
EFER=0000000000000000
SMM: after RSM
EAX=000000b5 EBX=00007d44 ECX=00005678 EDX=00000003
ESI=07f8b590 EDI=07fbec71 EBP=00006958 ESP=00006958
EIP=00007d44 EFL=00000002 [-------] CPL=0 II=0 A20=1 SMM=0 HLT=0
ES =d980 000d9800 ffffffff 00809300
CS =f000 000f0000 ffffffff 00809b00
SS =0000 00000000 ffffffff 00809300
DS =0000 00000000 ffffffff 00809300
FS =0000 00000000 ffffffff 00809300
GS =ca00 000ca000 ffffffff 00809300
LDT=0000 00000000 0000ffff 00008200
TR =0000 00000000 0000ffff 00008b00
GDT=     00000000 00000000
IDT=     00000000 000003ff
CR0=00000010 CR2=00000000 CR3=00000000 CR4=00000000
DR0=00000000 DR1=00000000 DR2=00000000 DR3=00000000 
DR6=ffff0ff0 DR7=00000400
CCS=00000000 CCD=00000001 CCO=EFLAGS
EFER=0000000000000000
SMM: enter
EAX=000000b5 EBX=000f7d2a ECX=00001234 EDX=000069ff
ESI=0000699e EDI=07fbec71 EBP=0000695e ESP=0000695e
EIP=00007d29 EFL=00000002 [-------] CPL=0 II=0 A20=1 SMM=0 HLT=0
ES =d980 000d9800 ffffffff 00809300
CS =f000 000f0000 ffffffff 00809b00
SS =0000 00000000 ffffffff 00809300
DS =0000 00000000 ffffffff 00809300
FS =0000 00000000 ffffffff 00809300
GS =ca00 000ca000 ffffffff 00809300
LDT=0000 00000000 0000ffff 00008200
TR =0000 00000000 0000ffff 00008b00
GDT=     00000000 00000000
IDT=     00000000 000003ff
CR0=00000010 CR2=00000000 CR3=00000000 CR4=00000000
DR0=00000000 DR1=00000000 DR2=00000000 DR3=00000000 
DR6=ffff0ff0 DR7=00000400
CCS=00000000 CCD=0000695e CCO=EFLAGS
EFER=0000000000000000
SMM: after RSM
EAX=000000b5 EBX=000f7d2a ECX=00001234 EDX=000069ff
ESI=0000699e EDI=07fbec71 EBP=0000695e ESP=0000695e
EIP=000f7d2a EFL=00000002 [-------] CPL=0 II=0 A20=1 SMM=0 HLT=0
ES =0010 00000000 ffffffff 00c09300 DPL=0 DS   [-WA]
CS =0008 00000000 ffffffff 00c09b00 DPL=0 CS32 [-RA]
SS =0010 00000000 ffffffff 00c09300 DPL=0 DS   [-WA]
DS =0010 00000000 ffffffff 00c09300 DPL=0 DS   [-WA]
FS =0010 00000000 ffffffff 00c09300 DPL=0 DS   [-WA]
GS =0010 00000000 ffffffff 00c09300 DPL=0 DS   [-WA]
LDT=0000 00000000 0000ffff 00008200 DPL=0 LDT
TR =0000 00000000 0000ffff 00008b00 DPL=0 TSS32-busy
GDT=     000f6180 00000037
IDT=     000f61be 00000000
CR0=00000011 CR2=00000000 CR3=00000000 CR4=00000000
DR0=00000000 DR1=00000000 DR2=00000000 DR3=00000000 
DR6=ffff0ff0 DR7=00000400
CCS=00000000 CCD=00000000 CCO=EFLAGS
EFER=0000000000000000
SMM: enter
EAX=000000b5 EBX=00007d44 ECX=00005678 EDX=00000005
ESI=00000000 EDI=07fbec71 EBP=0000695e ESP=0000695e
EIP=000f7d43 EFL=00000012 [----A--] CPL=0 II=0 A20=1 SMM=0 HLT=0
ES =0010 00000000 ffffffff 00c09300 DPL=0 DS   [-WA]
CS =0008 00000000 ffffffff 00c09b00 DPL=0 CS32 [-RA]
SS =0010 00000000 ffffffff 00c09300 DPL=0 DS   [-WA]
DS =0010 00000000 ffffffff 00c09300 DPL=0 DS   [-WA]
FS =0010 00000000 ffffffff 00c09300 DPL=0 DS   [-WA]
GS =0010 00000000 ffffffff 00c09300 DPL=0 DS   [-WA]
LDT=0000 00000000 0000ffff 00008200 DPL=0 LDT
TR =0000 00000000 0000ffff 00008b00 DPL=0 TSS32-busy
GDT=     000f6180 00000037
IDT=     000f61be 00000000
CR0=00000011 CR2=00000000 CR3=00000000 CR4=00000000
DR0=00000000 DR1=00000000 DR2=00000000 DR3=00000000 
DR6=ffff0ff0 DR7=00000400
CCS=00000010 CCD=0000694a CCO=EFLAGS
EFER=0000000000000000
SMM: after RSM
EAX=000000b5 EBX=00007d44 ECX=00005678 EDX=00000005
ESI=00000000 EDI=07fbec71 EBP=0000695e ESP=0000695e
EIP=00007d44 EFL=00000002 [-------] CPL=0 II=0 A20=1 SMM=0 HLT=0
ES =d980 000d9800 ffffffff 00809300
CS =f000 000f0000 ffffffff 00809b00
SS =0000 00000000 ffffffff 00809300
DS =0000 00000000 ffffffff 00809300
FS =0000 00000000 ffffffff 00809300
GS =ca00 000ca000 ffffffff 00809300
LDT=0000 00000000 0000ffff 00008200
TR =0000 00000000 0000ffff 00008b00
GDT=     00000000 00000000
IDT=     00000000 000003ff
CR0=00000010 CR2=00000000 CR3=00000000 CR4=00000000
DR0=00000000 DR1=00000000 DR2=00000000 DR3=00000000 
DR6=ffff0ff0 DR7=00000400
CCS=00000000 CCD=00000001 CCO=EFLAGS
EFER=0000000000000000
SMM: enter
EAX=000000b5 EBX=000f7d2a ECX=00001234 EDX=000069ff
ESI=00006998 EDI=07fbec71 EBP=00006958 ESP=00006958
EIP=00007d29 EFL=00000002 [-------] CPL=0 II=0 A20=1 SMM=0 HLT=0
ES =d980 000d9800 ffffffff 00809300
CS =f000 000f0000 ffffffff 00809b00
SS =0000 00000000 ffffffff 00809300
DS =0000 00000000 ffffffff 00809300
FS =0000 00000000 ffffffff 00809300
GS =ca00 000ca000 ffffffff 00809300
LDT=0000 00000000 0000ffff 00008200
TR =0000 00000000 0000ffff 00008b00
GDT=     00000000 00000000
IDT=     00000000 000003ff
CR0=00000010 CR2=00000000 CR3=00000000 CR4=00000000
DR0=00000000 DR1=00000000 DR2=00000000 DR3=00000000 
DR6=ffff0ff0 DR7=00000400
CCS=00000000 CCD=00006958 CCO=EFLAGS
EFER=0000000000000000
SMM: after RSM
EAX=000000b5 EBX=000f7d2a ECX=00001234 EDX=000069ff
ESI=00006998 EDI=07fbec71 EBP=00006958 ESP=00006958
EIP=000f7d2a EFL=00000002 [-------] CPL=0 II=0 A20=1 SMM=0 HLT=0
ES =0010 00000000 ffffffff 00c09300 DPL=0 DS   [-WA]
CS =0008 00000000 ffffffff 00c09b00 DPL=0 CS32 [-RA]
SS =0010 00000000 ffffffff 00c09300 DPL=0 DS   [-WA]
DS =0010 00000000 ffffffff 00c09300 DPL=0 DS   [-WA]
FS =0010 00000000 ffffffff 00c09300 DPL=0 DS   [-WA]
GS =0010 00000000 ffffffff 00c09300 DPL=0 DS   [-WA]
LDT=0000 00000000 0000ffff 00008200 DPL=0 LDT
TR =0000 00000000 0000ffff 00008b00 DPL=0 TSS32-busy
GDT=     000f6180 00000037
IDT=     000f61be 00000000
CR0=00000011 CR2=00000000 CR3=00000000 CR4=00000000
DR0=00000000 DR1=00000000 DR2=00000000 DR3=00000000 
DR6=ffff0ff0 DR7=00000400
CCS=00000000 CCD=00000000 CCO=EFLAGS
EFER=0000000000000000
SMM: enter
EAX=000000b5 EBX=00007d44 ECX=00005678 EDX=00000003
ESI=07ecb590 EDI=07fbec71 EBP=00006958 ESP=00006958
EIP=000f7d43 EFL=00000016 [----AP-] CPL=0 II=0 A20=1 SMM=0 HLT=0
ES =0010 00000000 ffffffff 00c09300 DPL=0 DS   [-WA]
CS =0008 00000000 ffffffff 00c09b00 DPL=0 CS32 [-RA]
SS =0010 00000000 ffffffff 00c09300 DPL=0 DS   [-WA]
DS =0010 00000000 ffffffff 00c09300 DPL=0 DS   [-WA]
FS =0010 00000000 ffffffff 00c09300 DPL=0 DS   [-WA]
GS =0010 00000000 ffffffff 00c09300 DPL=0 DS   [-WA]
LDT=0000 00000000 0000ffff 00008200 DPL=0 LDT
TR =0000 00000000 0000ffff 00008b00 DPL=0 TSS32-busy
GDT=     000f6180 00000037
IDT=     000f61be 00000000
CR0=00000011 CR2=00000000 CR3=00000000 CR4=00000000
DR0=00000000 DR1=00000000 DR2=00000000 DR3=00000000 
DR6=ffff0ff0 DR7=00000400
CCS=00000014 CCD=00006944 CCO=EFLAGS
EFER=0000000000000000
SMM: after RSM
EAX=000000b5 EBX=00007d44 ECX=00005678 EDX=00000003
ESI=07ecb590 EDI=07fbec71 EBP=00006958 ESP=00006958
EIP=00007d44 EFL=00000002 [-------] CPL=0 II=0 A20=1 SMM=0 HLT=0
ES =d980 000d9800 ffffffff 00809300
CS =f000 000f0000 ffffffff 00809b00
SS =0000 00000000 ffffffff 00809300
DS =0000 00000000 ffffffff 00809300
FS =0000 00000000 ffffffff 00809300
GS =ca00 000ca000 ffffffff 00809300
LDT=0000 00000000 0000ffff 00008200
TR =0000 00000000 0000ffff 00008b00
GDT=     00000000 00000000
IDT=     00000000 000003ff
CR0=00000010 CR2=00000000 CR3=00000000 CR4=00000000
DR0=00000000 DR1=00000000 DR2=00000000 DR3=00000000 
DR6=ffff0ff0 DR7=00000400
CCS=00000000 CCD=00000001 CCO=EFLAGS
EFER=0000000000000000
     0: v=20 e=0000 i=1 cpl=0 IP=0010:00100563 pc=00100563 SP=0018:00106fe0 env->regs[R_EAX]=00000000
EAX=00000000 EBX=00010000 ECX=000b8000 EDX=0000001a
ESI=00000000 EDI=00000000 EBP=00106ff8 ESP=00106fe0
EIP=00100563 EFL=00000012 [----A--] CPL=0 II=0 A20=1 SMM=0 HLT=0
ES =0018 00000000 ffffffff 00cf9300 DPL=0 DS   [-WA]
CS =0010 00000000 ffffffff 00cf9a00 DPL=0 CS32 [-R-]
SS =0018 00000000 ffffffff 00cf9300 DPL=0 DS   [-WA]
DS =0018 00000000 ffffffff 00cf9300 DPL=0 DS   [-WA]
FS =0018 00000000 ffffffff 00cf9300 DPL=0 DS   [-WA]
GS =0018 00000000 ffffffff 00cf9300 DPL=0 DS   [-WA]
LDT=0000 00000000 0000ffff 00008200 DPL=0 LDT
TR =0000 00000000 0000ffff 00008b00 DPL=0 TSS32-busy
GDT=     000010b0 00000020
IDT=     00107020 000007ff
CR0=00000011 CR2=00000000 CR3=00000000 CR4=00000000
DR0=00000000 DR1=00000000 DR2=00000000 DR3=00000000 
DR6=ffff0ff0 DR7=00000400
CCS=00000004 CCD=00106fe0 CCO=ADDL
EFER=0000000000000000
     1: v=20 e=0000 i=0 cpl=0 IP=0010:00000202 pc=00000202 SP=0018:00109840 env->regs[R_EAX]=00000000
EAX=00000000 EBX=00000000 ECX=00000000 EDX=00000000
ESI=00000000 EDI=00000000 EBP=00000000 ESP=00109840
EIP=00000202 EFL=00000306 [-----P-] CPL=0 II=0 A20=1 SMM=0 HLT=0
ES =0018 00000000 ffffffff 00cf9300 DPL=0 DS   [-WA]
CS =0010 00000000 ffffffff 00cf9a00 DPL=0 CS32 [-R-]
SS =0018 00000000 ffffffff 00cf9300 DPL=0 DS   [-WA]
DS =0018 00000000 ffffffff 00cf9300 DPL=0 DS   [-WA]
FS =0018 00000000 ffffffff 00cf9300 DPL=0 DS   [-WA]
GS =0018 00000000 ffffffff 00cf9300 DPL=0 DS   [-WA]
LDT=0000 00000000 0000ffff 00008200 DPL=0 LDT
TR =0000 00000000 0000ffff 00008b00 DPL=0 TSS32-busy
GDT=     000010b0 00000020
IDT=     00107020 000007ff
CR0=00000011 CR2=00000000 CR3=00000000 CR4=00000000
DR0=00000000 DR1=00000000 DR2=00000000 DR3=00000000 
DR6=ffff0ff0 DR7=00000400
CCS=00000004 CCD=00106fac CCO=EFLAGS
EFER=0000000000000000
check_exception old: 0xffffffff new 0xd
     2: v=0d e=056c i=0 cpl=0 IP=0010:0010059f pc=0010059f SP=0018:00106fd4 env->regs[R_EAX]=00000012
EAX=00000012 EBX=00010000 ECX=000003e4 EDX=0000001a
ESI=00000000 EDI=00000000 EBP=00106ff8 ESP=00106fd4
EIP=0010059f EFL=00000212 [----A--] CPL=0 II=1 A20=1 SMM=0 HLT=0
ES =0018 00000000 ffffffff 00cf9300 DPL=0 DS   [-WA]
CS =0010 00000000 ffffffff 00cf9a00 DPL=0 CS32 [-R-]
SS =0018 00000000 ffffffff 00cf9300 DPL=0 DS   [-WA]
DS =0018 00000000 ffffffff 00cf9300 DPL=0 DS   [-WA]
FS =0018 00000000 ffffffff 00cf9300 DPL=0 DS   [-WA]
GS =0018 00000000 ffffffff 00cf9300 DPL=0 DS   [-WA]
LDT=0000 00000000 0000ffff 00008200 DPL=0 LDT
TR =0000 00000000 0000ffff 00008b00 DPL=0 TSS32-busy
GDT=     000010b0 00000020
IDT=     00107020 000007ff
CR0=00000011 CR2=00000000 CR3=00000000 CR4=00000000
DR0=00000000 DR1=00000000 DR2=00000000 DR3=00000000 
DR6=ffff0ff0 DR7=00000400
CCS=00000004 CCD=00106fe0 CCO=ADDL
EFER=0000000000000000
check_exception old: 0xffffffff new 0x6
     3: v=06 e=0000 i=0 cpl=0 IP=0010:0001000d pc=0001000d SP=0018:00106fc0 env->regs[R_EAX]=000000bf
EAX=000000bf EBX=00010000 ECX=000003e4 EDX=0000001a
ESI=00000000 EDI=00000000 EBP=00106ff8 ESP=00106fc0
EIP=0001000d EFL=00000046 [---Z-P-] CPL=0 II=0 A20=1 SMM=0 HLT=0
ES =0018 00000000 ffffffff 00cf9300 DPL=0 DS   [-WA]
CS =0010 00000000 ffffffff 00cf9a00 DPL=0 CS32 [-R-]
SS =0018 00000000 ffffffff 00cf9300 DPL=0 DS   [-WA]
DS =0018 00000000 ffffffff 00cf9300 DPL=0 DS   [-WA]
FS =0018 00000000 ffffffff 00cf9300 DPL=0 DS   [-WA]
GS =0018 00000000 ffffffff 00cf9300 DPL=0 DS   [-WA]
LDT=0000 00000000 0000ffff 00008200 DPL=0 LDT
TR =0000 00000000 0000ffff 00008b00 DPL=0 TSS32-busy
GDT=     000010b0 00000020
IDT=     00107020 000007ff
CR0=00000011 CR2=00000000 CR3=00000000 CR4=00000000
DR0=00000000 DR1=00000000 DR2=00000000 DR3=00000000 
DR6=ffff0ff0 DR7=00000400
CCS=00000000 CCD=00000000 CCO=ADDB
EFER=0000000000000000
check_exception old: 0xffffffff new 0x6
     4: v=06 e=0000 i=0 cpl=0 IP=0010:0001000d pc=0001000d SP=0018:00106fb0 env->regs[R_EAX]=0000006c
EAX=0000006c EBX=00010000 ECX=000003e4 EDX=0000001a
ESI=00000000 EDI=00000000 EBP=00106ff8 ESP=00106fb0
EIP=0001000d EFL=00000046 [---Z-P-] CPL=0 II=0 A20=1 SMM=0 HLT=0
ES =0018 00000000 ffffffff 00cf9300 DPL=0 DS   [-WA]
CS =0010 00000000 ffffffff 00cf9a00 DPL=0 CS32 [-R-]
SS =0018 00000000 ffffffff 00cf9300 DPL=0 DS   [-WA]
DS =0018 00000000 ffffffff 00cf9300 DPL=0 DS   [-WA]
FS =0018 00000000 ffffffff 00cf9300 DPL=0 DS   [-WA]
GS =0018 00000000 ffffffff 00cf9300 DPL=0 DS   [-WA]
LDT=0000 00000000 0000ffff 00008200 DPL=0 LDT
TR =0000 00000000 0000ffff 00008b00 DPL=0 TSS32-busy
GDT=     000010b0 00000020
IDT=     00107020 000007ff
CR0=00000011 CR2=00000000 CR3=00000000 CR4=00000000
DR0=00000000 DR1=00000000 DR2=00000000 DR3=00000000 
DR6=ffff0ff0 DR7=00000400
CCS=00000000 CCD=00000000 CCO=ADDB
EFER=0000000000000000
check_exception old: 0xffffffff new 0x6
     5: v=06 e=0000 i=0 cpl=0 IP=0010:0001000d pc=0001000d SP=0018:00106fa0 env->regs[R_EAX]=00000019
EAX=00000019 EBX=00010000 ECX=000003e4 EDX=0000001a
ESI=00000000 EDI=00000000 EBP=00106ff8 ESP=00106fa0
EIP=0001000d EFL=00000046 [---Z-P-] CPL=0 II=0 A20=1 SMM=0 HLT=0
ES =0018 00000000 ffffffff 00cf9300 DPL=0 DS   [-WA]
CS =0010 00000000 ffffffff 00cf9a00 DPL=0 CS32 [-R-]
SS =0018 00000000 ffffffff 00cf9300 DPL=0 DS   [-WA]
DS =0018 00000000 ffffffff 00cf9300 DPL=0 DS   [-WA]
FS =0018 00000000 ffffffff 00cf9300 DPL=0 DS   [-WA]
GS =0018 00000000 ffffffff 00cf9300 DPL=0 DS   [-WA]
LDT=0000 00000000 0000ffff 00008200 DPL=0 LDT
TR =0000 00000000 0000ffff 00008b00 DPL=0 TSS32-busy
GDT=     000010b0 00000020
IDT=     00107020 000007ff
CR0=00000011 CR2=00000000 CR3=00000000 CR4=00000000
DR0=00000000 DR1=00000000 DR2=00000000 DR3=00000000 
DR6=ffff0ff0 DR7=00000400
CCS=00000000 CCD=00000000 CCO=ADDB
EFER=0000000000000000
check_exception old: 0xffffffff new 0x6
     6: v=06 e=0000 i=0 cpl=0 IP=0010:0001000d pc=0001000d SP=0018:00106f90 env->regs[R_EAX]=000000c6
EAX=000000c6 EBX=00010000 ECX=000003e4 EDX=0000001a
ESI=00000000 EDI=00000000 EBP=00106ff8 ESP=00106f90
EIP=0001000d EFL=00000046 [---Z-P-] CPL=0 II=0 A20=1 SMM=0 HLT=0
ES =0018 00000000 ffffffff 00cf9300 DPL=0 DS   [-WA]
CS =0010 00000000 ffffffff 00cf9a00 DPL=0 CS32 [-R-]
SS =0018 00000000 ffffffff 00cf9300 DPL=0 DS   [-WA]
DS =0018 00000000 ffffffff 00cf9300 DPL=0 DS   [-WA]
FS =0018 00000000 ffffffff 00cf9300 DPL=0 DS   [-WA]
GS =0018 00000000 ffffffff 00cf9300 DPL=0 DS   [-WA]
LDT=0000 00000000 0000ffff 00008200 DPL=0 LDT
TR =0000 00000000 0000ffff 00008b00 DPL=0 TSS32-busy
GDT=     000010b0 00000020
IDT=     00107020 000007ff
CR0=00000011 CR2=00000000 CR3=00000000 CR4=00000000
DR0=00000000 DR1=00000000 DR2=00000000 DR3=00000000 
DR6=ffff0ff0 DR7=00000400
CCS=00000000 CCD=00000000 CCO=ADDB
EFER=0000000000000000
check_exception old: 0xffffffff new 0x6
     7: v=06 e=0000 i=0 cpl=0 IP=0010:0001000d pc=0001000d SP=0018:00106f80 env->regs[R_EAX]=00000073
EAX=00000073 EBX=00010000 ECX=000003e4 EDX=0000001a
ESI=00000000 EDI=00000000 EBP=00106ff8 ESP=00106f80
EIP=0001000d EFL=00000046 [---Z-P-] CPL=0 II=0 A20=1 SMM=0 HLT=0
ES =0018 00000000 ffffffff 00cf9300 DPL=0 DS   [-WA]
CS =0010 00000000 ffffffff 00cf9a00 DPL=0 CS32 [-R-]
SS =0018 00000000 ffffffff 00cf9300 DPL=0 DS   [-WA]
DS =0018 00000000 ffffffff 00cf9300 DPL=0 DS   [-WA]
FS =0018 00000000 ffffffff 00cf9300 DPL=0 DS   [-WA]
GS =0018 00000000 ffffffff 00cf9300 DPL=0 DS   [-WA]
LDT=0000 00000000 0000ffff 00008200 DPL=0 LDT
TR =0000 00000000 0000ffff 00008b00 DPL=0 TSS32-busy
GDT=     000010b0 00000020
IDT=     00107020 000007ff
CR0=00000011 CR2=00000000 CR3=00000000 CR4=00000000
DR0=00000000 DR1=00000000 DR2=00000000 DR3=00000000 
DR6=ffff0ff0 DR7=00000400
CCS=00000000 CCD=00000000 CCO=ADDB
EFER=0000000000000000
check_exception old: 0xffffffff new 0x6
     8: v=06 e=0000 i=0 cpl=0 IP=0010:0001000d pc=0001000d SP=0018:00106f70 env->regs[R_EAX]=00000020
EAX=00000020 EBX=00010000 ECX=000003e4 EDX=0000001a
ESI=00000000 EDI=00000000 EBP=00106ff8 ESP=00106f70
EIP=0001000d EFL=00000046 [---Z-P-] CPL=0 II=0 A20=1 SMM=0 HLT=0
ES =0018 00000000 ffffffff 00cf9300 DPL=0 DS   [-WA]
CS =0010 00000000 ffffffff 00cf9a00 DPL=0 CS32 [-R-]
SS =0018 00000000 ffffffff 00cf9300 DPL=0 DS   [-WA]
DS =0018 00000000 ffffffff 00cf9300 DPL=0 DS   [-WA]
FS =0018 00000000 ffffffff 00cf9300 DPL=0 DS   [-WA]
GS =0018 00000000 ffffffff 00cf9300 DPL=0 DS   [-WA]
LDT=0000 00000000 0000ffff 00008200 DPL=0 LDT
TR =0000 00000000 0000ffff 00008b00 DPL=0 TSS32-busy
GDT=     000010b0 00000020
IDT=     00107020 000007ff
CR0=00000011 CR2=00000000 CR3=00000000 CR4=00000000
DR0=00000000 DR1=00000000 DR2=00000000 DR3=00000000 
DR6=ffff0ff0 DR7=00000400
CCS=00000000 CCD=00000000 CCO=ADDB
EFER=0000000000000000
check_exception old: 0xffffffff new 0x6
     9: v=06 e=0000 i=0 cpl=0 IP=0010:0001000d pc=0001000d SP=0018:00106f60 env->regs[R_EAX]=000000cd
EAX=000000cd EBX=00010000 ECX=000003e4 EDX=0000001a
ESI=00000000 EDI=00000000 EBP=00106ff8 ESP=00106f60
EIP=0001000d EFL=00000046 [---Z-P-] CPL=0 II=0 A20=1 SMM=0 HLT=0
ES =0018 00000000 ffffffff 00cf9300 DPL=0 DS   [-WA]
CS =0010 00000000 ffffffff 00cf9a00 DPL=0 CS32 [-R-]
SS =0018 00000000 ffffffff 00cf9300 DPL=0 DS   [-WA]
DS =0018 00000000 ffffffff 00cf9300 DPL=0 DS   [-WA]
FS =0018 00000000 ffffffff 00cf9300 DPL=0 DS   [-WA]
GS =0018 00000000 ffffffff 00cf9300 DPL=0 DS   [-WA]
LDT=0000 00000000 0000ffff 00008200 DPL=0 LDT
TR =0000 00000000 0000ffff 00008b00 DPL=0 TSS32-busy
GDT=     000010b0 00000020
IDT=     00107020 000007ff
CR0=00000011 CR2=00000000 CR3=00000000 CR4=00000000
DR0=00000000 DR1=00000000 DR2=00000000 DR3=00000000 
DR6=ffff0ff0 DR7=00000400
CCS=00000000 CCD=00000000 CCO=ADDB
EFER=0000000000000000
check_exception old: 0xffffffff new 0x6
    10: v=06 e=0000 i=0 cpl=0 IP=0010:0001000d pc=0001000d SP=0018:00106f50 env->regs[R_EAX]=0000007a
EAX=0000007a EBX=00010000 ECX=000003e4 EDX=0000001a
ESI=00000000 EDI=00000000 EBP=00106ff8 ESP=00106f50
EIP=0001000d EFL=00000046 [---Z-P-] CPL=0 II=0 A20=1 SMM=0 HLT=0
ES =0018 00000000 ffffffff 00cf9300 DPL=0 DS   [-WA]
CS =0010 00000000 ffffffff 00cf9a00 DPL=0 CS32 [-R-]
SS =0018 00000000 ffffffff 00cf9300 DPL=0 DS   [-WA]
DS =0018 00000000 ffffffff 00cf9300 DPL=0 DS   [-WA]
FS =0018 00000000 ffffffff 00cf9300 DPL=0 DS   [-WA]
GS =0018 00000000 ffffffff 00cf9300 DPL=0 DS   [-WA]
LDT=0000 00000000 0000ffff 00008200 DPL=0 LDT
TR =0000 00000000 0000ffff 00008b00 DPL=0 TSS32-busy
GDT=     000010b0 00000020
IDT=     00107020 000007ff
CR0=00000011 CR2=00000000 CR3=00000000 CR4=00000000
DR0=00000000 DR1=00000000 DR2=00000000 DR3=00000000 
DR6=ffff0ff0 DR7=00000400
CCS=00000000 CCD=00000000 CCO=ADDB
EFER=0000000000000000
check_exception old: 0xffffffff new 0x6
    11: v=06 e=0000 i=0 cpl=0 IP=0010:0001000d pc=0001000d SP=0018:00106f40 env->regs[R_EAX]=00000027
EAX=00000027 EBX=00010000 ECX=000003e4 EDX=0000001a
ESI=00000000 EDI=00000000 EBP=00106ff8 ESP=00106f40
EIP=0001000d EFL=00000046 [---Z-P-] CPL=0 II=0 A20=1 SMM=0 HLT=0
ES =0018 00000000 ffffffff 00cf9300 DPL=0 DS   [-WA]
CS =0010 00000000 ffffffff 00cf9a00 DPL=0 CS32 [-R-]
SS =0018 00000000 ffffffff 00cf9300 DPL=0 DS   [-WA]
DS =0018 00000000 ffffffff 00cf9300 DPL=0 DS   [-WA]
FS =0018 00000000 ffffffff 00cf9300 DPL=0 DS   [-WA]
GS =0018 00000000 ffffffff 00cf9300 DPL=0 DS   [-WA]
LDT=0000 00000000 0000ffff 00008200 DPL=0 LDT
TR =0000 00000000 0000ffff 00008b00 DPL=0 TSS32-busy
GDT=     000010b0 00000020
IDT=     00107020 000007ff
CR0=00000011 CR2=00000000 CR3=00000000 CR4=00000000
DR0=00000000 DR1=00000000 DR2=00000000 DR3=00000000 
DR6=ffff0ff0 DR7=00000400
CCS=00000000 CCD=00000000 CCO=ADDB
EFER=0000000000000000
check_exception old: 0xffffffff new 0x6
    12: v=06 e=0000 i=0 cpl=0 IP=0010:0001000d pc=0001000d SP=0018:00106f30 env->regs[R_EAX]=000000d4
EAX=000000d4 EBX=00010000 ECX=000003e4 EDX=0000001a
ESI=00000000 EDI=00000000 EBP=00106ff8 ESP=00106f30
EIP=0001000d EFL=00000046 [---Z-P-] CPL=0 II=0 A20=1 SMM=0 HLT=0
ES =0018 00000000 ffffffff 00cf9300 DPL=0 DS   [-WA]
CS =0010 00000000 ffffffff 00cf9a00 DPL=0 CS32 [-R-]
SS =0018 00000000 ffffffff 00cf9300 DPL=0 DS   [-WA]
DS =0018 00000000 ffffffff 00cf9300 DPL=0 DS   [-WA]
FS =0018 00000000 ffffffff 00cf9300 DPL=0 DS   [-WA]
GS =0018 00000000 ffffffff 00cf9300 DPL=0 DS   [-WA]
LDT=0000 00000000 0000ffff 00008200 DPL=0 LDT
TR =0000 00000000 0000ffff 00008b00 DPL=0 TSS32-busy
GDT=     000010b0 00000020
IDT=     00107020 000007ff
CR0=00000011 CR2=00000000 CR3=00000000 CR4=00000000
DR0=00000000 DR1=00000000 DR2=00000000 DR3=00000000 
DR6=ffff0ff0 DR7=00000400
CCS=00000000 CCD=00000000 CCO=ADDB
EFER=0000000000000000
check_exception old: 0xffffffff new 0x6
    13: v=06 e=0000 i=0 cpl=0 IP=0010:0001000d pc=0001000d SP=0018:00106f20 env->regs[R_EAX]=00000081
EAX=00000081 EBX=00010000 ECX=000003e4 EDX=0000001a
ESI=00000000 EDI=00000000 EBP=00106ff8 ESP=00106f20
EIP=0001000d EFL=00000046 [---Z-P-] CPL=0 II=0 A20=1 SMM=0 HLT=0
ES =0018 00000000 ffffffff 00cf9300 DPL=0 DS   [-WA]
CS =0010 00000000 ffffffff 00cf9a00 DPL=0 CS32 [-R-]
SS =0018 00000000 ffffffff 00cf9300 DPL=0 DS   [-WA]
DS =0018 00000000 ffffffff 00cf9300 DPL=0 DS   [-WA]
FS =0018 00000000 ffffffff 00cf9300 DPL=0 DS   [-WA]
GS =0018 00000000 ffffffff 00cf9300 DPL=0 DS   [-WA]
LDT=0000 00000000 0000ffff 00008200 DPL=0 LDT
TR =0000 00000000 0000ffff 00008b00 DPL=0 TSS32-busy
GDT=     000010b0 00000020
IDT=     00107020 000007ff
CR0=00000011 CR2=00000000 CR3=00000000 CR4=00000000
DR0=00000000 DR1=00000000 DR2=00000000 DR3=00000000 
DR6=ffff0ff0 DR7=00000400
CCS=00000000 CCD=00000000 CCO=ADDB
EFER=0000000000000000
check_exception old: 0xffffffff new 0x6
    14: v=06 e=0000 i=0 cpl=0 IP=0010:0001000d pc=0001000d SP=0018:00106f10 env->regs[R_EAX]=0000002e
EAX=0000002e EBX=00010000 ECX=000003e4 EDX=0000001a
ESI=00000000 EDI=00000000 EBP=00106ff8 ESP=00106f10
EIP=0001000d EFL=00000046 [---Z-P-] CPL=0 II=0 A20=1 SMM=0 HLT=0
ES =0018 00000000 ffffffff 00cf9300 DPL=0 DS   [-WA]
CS =0010 00000000 ffffffff 00cf9a00 DPL=0 CS32 [-R-]
SS =0018 00000000 ffffffff 00cf9300 DPL=0 DS   [-WA]
DS =0018 00000000 ffffffff 00cf9300 DPL=0 DS   [-WA]
FS =0018 00000000 ffffffff 00cf9300 DPL=0 DS   [-WA]
GS =0018 00000000 ffffffff 00cf9300 DPL=0 DS   [-WA]
LDT=0000 00000000 0000ffff 00008200 DPL=0 LDT
TR =0000 00000000 0000ffff 00008b00 DPL=0 TSS32-busy
GDT=     000010b0 00000020
IDT=     00107020 000007ff
CR0=00000011 CR2=00000000 CR3=00000000 CR4=00000000
DR0=00000000 DR1=00000000 DR2=00000000 DR3=00000000 
DR6=ffff0ff0 DR7=00000400
CCS=00000000 CCD=00000000 CCO=ADDB
EFER=0000000000000000
check_exception old: 0xffffffff new 0x6
    15: v=06 e=0000 i=0 cpl=0 IP=0010:0001000d pc=0001000d SP=0018:00106f00 env->regs[R_EAX]=000000db
EAX=000000db EBX=00010000 ECX=000003e4 EDX=0000001a
ESI=00000000 EDI=00000000 EBP=00106ff8 ESP=00106f00
EIP=0001000d EFL=00000046 [---Z-P-] CPL=0 II=0 A20=1 SMM=0 HLT=0
ES =0018 00000000 ffffffff 00cf9300 DPL=0 DS   [-WA]
CS =0010 00000000 ffffffff 00cf9a00 DPL=0 CS32 [-R-]
SS =0018 00000000 ffffffff 00cf9300 DPL=0 DS   [-WA]
DS =0018 00000000 ffffffff 00cf9300 DPL=0 DS   [-WA]
FS =0018 00000000 ffffffff 00cf9300 DPL=0 DS   [-WA]
GS =0018 00000000 ffffffff 00cf9300 DPL=0 DS   [-WA]
LDT=0000 00000000 0000ffff 00008200 DPL=0 LDT
TR =0000 00000000 0000ffff 00008b00 DPL=0 TSS32-busy
GDT=     000010b0 00000020
IDT=     00107020 000007ff
CR0=00000011 CR2=00000000 CR3=00000000 CR4=00000000
DR0=00000000 DR1=00000000 DR2=00000000 DR3=00000000 
DR6=ffff0ff0 DR7=00000400
CCS=00000000 CCD=00000000 CCO=ADDB
EFER=0000000000000000
check_exception old: 0xffffffff new 0x6
    16: v=06 e=0000 i=0 cpl=0 IP=0010:0001000d pc=0001000d SP=0018:00106ef0 env->regs[R_EAX]=00000088
EAX=00000088 EBX=00010000 ECX=000003e4 EDX=0000001a
ESI=00000000 EDI=00000000 EBP=00106ff8 ESP=00106ef0
EIP=0001000d EFL=00000046 [---Z-P-] CPL=0 II=0 A20=1 SMM=0 HLT=0
ES =0018 00000000 ffffffff 00cf9300 DPL=0 DS   [-WA]
CS =0010 00000000 ffffffff 00cf9a00 DPL=0 CS32 [-R-]
SS =0018 00000000 ffffffff 00cf9300 DPL=0 DS   [-WA]
DS =0018 00000000 ffffffff 00cf9300 DPL=0 DS   [-WA]
FS =0018 00000000 ffffffff 00cf9300 DPL=0 DS   [-WA]
GS =0018 00000000 ffffffff 00cf9300 DPL=0 DS   [-WA]
LDT=0000 00000000 0000ffff 00008200 DPL=0 LDT
TR =0000 00000000 0000ffff 00008b00 DPL=0 TSS32-busy
GDT=     000010b0 00000020
IDT=     00107020 000007ff
CR0=00000011 CR2=00000000 CR3=00000000 CR4=00000000
DR0=00000000 DR1=00000000 DR2=00000000 DR3=00000000 
DR6=ffff0ff0 DR7=00000400
CCS=00000000 CCD=00000000 CCO=ADDB
EFER=0000000000000000
check_exception old: 0xffffffff new 0x6
    17: v=06 e=0000 i=0 cpl=0 IP=0010:0001000d pc=0001000d SP=0018:00106ee0 env->regs[R_EAX]=00000035
EAX=00000035 EBX=00010000 ECX=000003e4 EDX=0000001a
ESI=00000000 EDI=00000000 EBP=00106ff8 ESP=00106ee0
EIP=0001000d EFL=00000046 [---Z-P-] CPL=0 II=0 A20=1 SMM=0 HLT=0
ES =0018 00000000 ffffffff 00cf9300 DPL=0 DS   [-WA]
CS =0010 00000000 ffffffff 00cf9a00 DPL=0 CS32 [-R-]
SS =0018 00000000 ffffffff 00cf9300 DPL=0 DS   [-WA]
DS =0018 00000000 ffffffff 00cf9300 DPL=0 DS   [-WA]
FS =0018 00000000 ffffffff 00cf9300 DPL=0 DS   [-WA]
GS =0018 00000000 ffffffff 00cf9300 DPL=0 DS   [-WA]
LDT=0000 00000000 0000ffff 00008200 DPL=0 LDT
TR =0000 00000000 0000ffff 00008b00 DPL=0 TSS32-busy
GDT=     000010b0 00000020
IDT=     00107020 000007ff
CR0=00000011 CR2=00000000 CR3=00000000 CR4=00000000
DR0=00000000 DR1=00000000 DR2=00000000 DR3=00000000 
DR6=ffff0ff0 DR7=00000400
CCS=00000000 CCD=00000000 CCO=ADDB
EFER=0000000000000000
check_exception old: 0xffffffff new 0x6
    18: v=06 e=0000 i=0 cpl=0 IP=0010:0001000d pc=0001000d SP=0018:00106ed0 env->regs[R_EAX]=000000e2
EAX=000000e2 EBX=00010000 ECX=000003e4 EDX=0000001a
ESI=00000000 EDI=00000000 EBP=00106ff8 ESP=00106ed0
EIP=0001000d EFL=00000046 [---Z-P-] CPL=0 II=0 A20=1 SMM=0 HLT=0
ES =0018 00000000 ffffffff 00cf9300 DPL=0 DS   [-WA]
CS =0010 00000000 ffffffff 00cf9a00 DPL=0 CS32 [-R-]
SS =0018 00000000 ffffffff 00cf9300 DPL=0 DS   [-WA]
DS =0018 00000000 ffffffff 00cf9300 DPL=0 DS   [-WA]
FS =0018 00000000 ffffffff 00cf9300 DPL=0 DS   [-WA]
GS =0018 00000000 ffffffff 00cf9300 DPL=0 DS   [-WA]
LDT=0000 00000000 0000ffff 00008200 DPL=0 LDT
TR =0000 00000000 0000ffff 00008b00 DPL=0 TSS32-busy
GDT=     000010b0 00000020
IDT=     00107020 000007ff
CR0=00000011 CR2=00000000 CR3=00000000 CR4=00000000
DR0=00000000 DR1=00000000 DR2=00000000 DR3=00000000 
DR6=ffff0ff0 DR7=00000400
CCS=00000000 CCD=00000000 CCO=ADDB
EFER=0000000000000000
check_exception old: 0xffffffff new 0x6
    19: v=06 e=0000 i=0 cpl=0 IP=0010:0001000d pc=0001000d SP=0018:00106ec0 env->regs[R_EAX]=0000008f
EAX=0000008f EBX=00010000 ECX=000003e4 EDX=0000001a
ESI=00000000 EDI=00000000 EBP=00106ff8 ESP=00106ec0
EIP=0001000d EFL=00000046 [---Z-P-] CPL=0 II=0 A20=1 SMM=0 HLT=0
ES =0018 00000000 ffffffff 00cf9300 DPL=0 DS   [-WA]
CS =0010 00000000 ffffffff 00cf9a00 DPL=0 CS32 [-R-]
SS =0018 00000000 ffffffff 00cf9300 DPL=0 DS   [-WA]
DS =0018 00000000 ffffffff 00cf9300 DPL=0 DS   [-WA]
FS =0018 00000000 ffffffff 00cf9300 DPL=0 DS   [-WA]
GS =0018 00000000 ffffffff 00cf9300 DPL=0 DS   [-WA]
LDT=0000 00000000 0000ffff 00008200 DPL=0 LDT
TR =0000 00000000 0000ffff 00008b00 DPL=0 TSS32-busy
GDT=     000010b0 00000020
IDT=     00107020 000007ff
CR0=00000011 CR2=00000000 CR3=00000000 CR4=00000000
DR0=00000000 DR1=00000000 DR2=00000000 DR3=00000000 
DR6=ffff0ff0 DR7=00000400
CCS=00000000 CCD=00000000 CCO=ADDB
EFER=0000000000000000
check_exception old: 0xffffffff new 0x6
    20: v=06 e=0000 i=0 cpl=0 IP=0010:0001000d pc=0001000d SP=0018:00106eb0 env->regs[R_EAX]=0000003c
EAX=0000003c EBX=00010000 ECX=000003e4 EDX=0000001a
ESI=00000000 EDI=00000000 EBP=00106ff8 ESP=00106eb0
EIP=0001000d EFL=00000046 [---Z-P-] CPL=0 II=0 A20=1 SMM=0 HLT=0
ES =0018 00000000 ffffffff 00cf9300 DPL=0 DS   [-WA]
CS =0010 00000000 ffffffff 00cf9a00 DPL=0 CS32 [-R-]
SS =0018 00000000 ffffffff 00cf9300 DPL=0 DS   [-WA]
DS =0018 00000000 ffffffff 00cf9300 DPL=0 DS   [-WA]
FS =0018 00000000 ffffffff 00cf9300 DPL=0 DS   [-WA]
GS =0018 00000000 ffffffff 00cf9300 DPL=0 DS   [-WA]
LDT=0000 00000000 0000ffff 00008200 DPL=0 LDT
TR =0000 00000000 0000ffff 00008b00 DPL=0 TSS32-busy
GDT=     000010b0 00000020
IDT=     00107020 000007ff
CR0=00000011 CR2=00000000 CR3=00000000 CR4=00000000
DR0=00000000 DR1=00000000 DR2=00000000 DR3=00000000 
DR6=ffff0ff0 DR7=00000400
CCS=00000000 CCD=00000000 CCO=ADDB
EFER=0000000000000000
check_exception old: 0xffffffff new 0x6
    21: v=06 e=0000 i=0 cpl=0 IP=0010:0001000d pc=0001000d SP=0018:00106ea0 env->regs[R_EAX]=000000e9
EAX=000000e9 EBX=00010000 ECX=000003e4 EDX=0000001a
ESI=00000000 EDI=00000000 EBP=00106ff8 ESP=00106ea0
EIP=0001000d EFL=00000046 [---Z-P-] CPL=0 II=0 A20=1 SMM=0 HLT=0
ES =0018 00000000 ffffffff 00cf9300 DPL=0 DS   [-WA]
CS =0010 00000000 ffffffff 00cf9a00 DPL=0 CS32 [-R-]
SS =0018 00000000 ffffffff 00cf9300 DPL=0 DS   [-WA]
DS =0018 00000000 ffffffff 00cf9300 DPL=0 DS   [-WA]
FS =0018 00000000 ffffffff 00cf9300 DPL=0 DS   [-WA]
GS =0018 00000000 ffffffff 00cf9300 DPL=0 DS   [-WA]
LDT=0000 00000000 0000ffff 00008200 DPL=0 LDT
TR =0000 00000000 0000ffff 00008b00 DPL=0 TSS32-busy
GDT=     000010b0 00000020
IDT=     00107020 000007ff
CR0=00000011 CR2=00000000 CR3=00000000 CR4=00000000
DR0=00000000 DR1=00000000 DR2=00000000 DR3=00000000 
DR6=ffff0ff0 DR7=00000400
CCS=00000000 CCD=00000000 CCO=ADDB
EFER=0000000000000000
check_exception old: 0xffffffff new 0x6
    22: v=06 e=0000 i=0 cpl=0 IP=0010:0001000d pc=0001000d SP=0018:00106e90 env->regs[R_EAX]=00000096
EAX=00000096 EBX=00010000 ECX=000003e4 EDX=0000001a
ESI=00000000 EDI=00000000 EBP=00106ff8 ESP=00106e90
EIP=0001000d EFL=00000046 [---Z-P-] CPL=0 II=0 A20=1 SMM=0 HLT=0
ES =0018 00000000 ffffffff 00cf9300 DPL=0 DS   [-WA]
CS =0010 00000000 ffffffff 00cf9a00 DPL=0 CS32 [-R-]
SS =0018 00000000 ffffffff 00cf9300 DPL=0 DS   [-WA]
DS =0018 00000000 ffffffff 00cf9300 DPL=0 DS   [-WA]
FS =0018 00000000 ffffffff 00cf9300 DPL=0 DS   [-WA]
GS =0018 00000000 ffffffff 00cf9300 DPL=0 DS   [-WA]
LDT=0000 00000000 0000ffff 00008200 DPL=0 LDT
TR =0000 00000000 0000ffff 00008b00 DPL=0 TSS32-busy
GDT=     000010b0 00000020
IDT=     00107020 000007ff
CR0=00000011 CR2=00000000 CR3=00000000 CR4=00000000
DR0=00000000 DR1=00000000 DR2=00000000 DR3=00000000 
DR6=ffff0ff0 DR7=00000400
CCS=00000000 CCD=00000000 CCO=ADDB
EFER=0000000000000000
check_exception old: 0xffffffff new 0x6
    23: v=06 e=0000 i=0 cpl=0 IP=0010:0001000d pc=0001000d SP=0018:00106e80 env->regs[R_EAX]=00000043
EAX=00000043 EBX=00010000 ECX=000003e4 EDX=0000001a
ESI=00000000 EDI=00000000 EBP=00106ff8 ESP=00106e80
EIP=0001000d EFL=00000046 [---Z-P-] CPL=0 II=0 A20=1 SMM=0 HLT=0
ES =0018 00000000 ffffffff 00cf9300 DPL=0 DS   [-WA]
CS =0010 00000000 ffffffff 00cf9a00 DPL=0 CS32 [-R-]
SS =0018 00000000 ffffffff 00cf9300 DPL=0 DS   [-WA]
DS =0018 00000000 ffffffff 00cf9300 DPL=0 DS   [-WA]
FS =0018 00000000 ffffffff 00cf9300 DPL=0 DS   [-WA]
GS =0018 00000000 ffffffff 00cf9300 DPL=0 DS   [-WA]
LDT=0000 00000000 0000ffff 00008200 DPL=0 LDT
TR =0000 00000000 0000ffff 00008b00 DPL=0 TSS32-busy
GDT=     000010b0 00000020
IDT=     00107020 000007ff
CR0=00000011 CR2=00000000 CR3=00000000 CR4=00000000
DR0=00000000 DR1=00000000 DR2=00000000 DR3=00000000 
DR6=ffff0ff0 DR7=00000400
CCS=00000000 CCD=00000000 CCO=ADDB
EFER=0000000000000000
check_exception old: 0xffffffff new 0x6
    24: v=06 e=0000 i=0 cpl=0 IP=0010:0001000d pc=0001000d SP=0018:00106e70 env->regs[R_EAX]=000000f0
EAX=000000f0 EBX=00010000 ECX=000003e4 EDX=0000001a
ESI=00000000 EDI=00000000 EBP=00106ff8 ESP=00106e70
EIP=0001000d EFL=00000046 [---Z-P-] CPL=0 II=0 A20=1 SMM=0 HLT=0
ES =0018 00000000 ffffffff 00cf9300 DPL=0 DS   [-WA]
CS =0010 00000000 ffffffff 00cf9a00 DPL=0 CS32 [-R-]
SS =0018 00000000 ffffffff 00cf9300 DPL=0 DS   [-WA]
DS =0018 00000000 ffffffff 00cf9300 DPL=0 DS   [-WA]
FS =0018 00000000 ffffffff 00cf9300 DPL=0 DS   [-WA]
GS =0018 00000000 ffffffff 00cf9300 DPL=0 DS   [-WA]
LDT=0000 00000000 0000ffff 00008200 DPL=0 LDT
TR =0000 00000000 0000ffff 00008b00 DPL=0 TSS32-busy
GDT=     000010b0 00000020
IDT=     00107020 000007ff
CR0=00000011 CR2=00000000 CR3=00000000 CR4=00000000
DR0=00000000 DR1=00000000 DR2=00000000 DR3=00000000 
DR6=ffff0ff0 DR7=00000400
CCS=00000000 CCD=00000000 CCO=ADDB
EFER=0000000000000000
check_exception old: 0xffffffff new 0x6
    25: v=06 e=0000 i=0 cpl=0 IP=0010:0001000d pc=0001000d SP=0018:00106e60 env->regs[R_EAX]=0000009d
EAX=0000009d EBX=00010000 ECX=000003e4 EDX=0000001a
ESI=00000000 EDI=00000000 EBP=00106ff8 ESP=00106e60
EIP=0001000d EFL=00000046 [---Z-P-] CPL=0 II=0 A20=1 SMM=0 HLT=0
ES =0018 00000000 ffffffff 00cf9300 DPL=0 DS   [-WA]
CS =0010 00000000 ffffffff 00cf9a00 DPL=0 CS32 [-R-]
SS =0018 00000000 ffffffff 00cf9300 DPL=0 DS   [-WA]
DS =0018 00000000 ffffffff 00cf9300 DPL=0 DS   [-WA]
FS =0018 00000000 ffffffff 00cf9300 DPL=0 DS   [-WA]
GS =0018 00000000 ffffffff 00cf9300 DPL=0 DS   [-WA]
LDT=0000 00000000 0000ffff 00008200 DPL=0 LDT
TR =0000 00000000 0000ffff 00008b00 DPL=0 TSS32-busy
GDT=     000010b0 00000020
IDT=     00107020 000007ff
CR0=00000011 CR2=00000000 CR3=00000000 CR4=00000000
DR0=00000000 DR1=00000000 DR2=00000000 DR3=00000000 
DR6=ffff0ff0 DR7=00000400
CCS=00000000 CCD=00000000 CCO=ADDB
EFER=0000000000000000
check_exception old: 0xffffffff new 0x6
    26: v=06 e=0000 i=0 cpl=0 IP=0010:0001000d pc=0001000d SP=0018:00106e50 env->regs[R_EAX]=0000004a
EAX=0000004a EBX=00010000 ECX=000003e4 EDX=0000001a
ESI=00000000 EDI=00000000 EBP=00106ff8 ESP=00106e50
EIP=0001000d EFL=00000046 [---Z-P-] CPL=0 II=0 A20=1 SMM=0 HLT=0
ES =0018 00000000 ffffffff 00cf9300 DPL=0 DS   [-WA]
CS =0010 00000000 ffffffff 00cf9a00 DPL=0 CS32 [-R-]
SS =0018 00000000 ffffffff 00cf9300 DPL=0 DS   [-WA]
DS =0018 00000000 ffffffff 00cf9300 DPL=0 DS   [-WA]
FS =0018 00000000 ffffffff 00cf9300 DPL=0 DS   [-WA]
GS =0018 00000000 ffffffff 00cf9300 DPL=0 DS   [-WA]
LDT=0000 00000000 0000ffff 00008200 DPL=0 LDT
TR =0000 00000000 0000ffff 00008b00 DPL=0 TSS32-busy
GDT=     000010b0 00000020
IDT=     00107020 000007ff
CR0=00000011 CR2=00000000 CR3=00000000 CR4=00000000
DR0=00000000 DR1=00000000 DR2=00000000 DR3=00000000 
DR6=ffff0ff0 DR7=00000400
CCS=00000000 CCD=00000000 CCO=ADDB
EFER=0000000000000000
check_exception old: 0xffffffff new 0x6
    27: v=06 e=0000 i=0 cpl=0 IP=0010:0001000d pc=0001000d SP=0018:00106e40 env->regs[R_EAX]=000000f7
EAX=000000f7 EBX=00010000 ECX=000003e4 EDX=0000001a
ESI=00000000 EDI=00000000 EBP=00106ff8 ESP=00106e40
EIP=0001000d EFL=00000046 [---Z-P-] CPL=0 II=0 A20=1 SMM=0 HLT=0
ES =0018 00000000 ffffffff 00cf9300 DPL=0 DS   [-WA]
CS =0010 00000000 ffffffff 00cf9a00 DPL=0 CS32 [-R-]
SS =0018 00000000 ffffffff 00cf9300 DPL=0 DS   [-WA]
DS =0018 00000000 ffffffff 00cf9300 DPL=0 DS   [-WA]
FS =0018 00000000 ffffffff 00cf9300 DPL=0 DS   [-WA]
GS =0018 00000000 ffffffff 00cf9300 DPL=0 DS   [-WA]
LDT=0000 00000000 0000ffff 00008200 DPL=0 LDT
TR =0000 00000000 0000ffff 00008b00 DPL=0 TSS32-busy
GDT=     000010b0 00000020
IDT=     00107020 000007ff
CR0=00000011 CR2=00000000 CR3=00000000 CR4=00000000
DR0=00000000 DR1=00000000 DR2=00000000 DR3=00000000 
DR6=ffff0ff0 DR7=00000400
CCS=00000000 CCD=00000000 CCO=ADDB
EFER=0000000000000000
check_exception old: 0xffffffff new 0x6
    28: v=06 e=0000 i=0 cpl=0 IP=0010:0001000d pc=0001000d SP=0018:00106e30 env->regs[R_EAX]=000000a4
EAX=000000a4 EBX=00010000 ECX=000003e4 EDX=0000001a
ESI=00000000 EDI=00000000 EBP=00106ff8 ESP=00106e30
EIP=0001000d EFL=00000046 [---Z-P-] CPL=0 II=0 A20=1 SMM=0 HLT=0
ES =0018 00000000 ffffffff 00cf9300 DPL=0 DS   [-WA]
CS =0010 00000000 ffffffff 00cf9a00 DPL=0 CS32 [-R-]
SS =0018 00000000 ffffffff 00cf9300 DPL=0 DS   [-WA]
DS =0018 00000000 ffffffff 00cf9300 DPL=0 DS   [-WA]
FS =0018 00000000 ffffffff 00cf9300 DPL=0 DS   [-WA]
GS =0018 00000000 ffffffff 00cf9300 DPL=0 DS   [-WA]
LDT=0000 00000000 0000ffff 00008200 DPL=0 LDT
TR =0000 00000000 0000ffff 00008b00 DPL=0 TSS32-busy
GDT=     000010b0 00000020
IDT=     00107020 000007ff
CR0=00000011 CR2=00000000 CR3=00000000 CR4=00000000
DR0=00000000 DR1=00000000 DR2=00000000 DR3=00000000 
DR6=ffff0ff0 DR7=00000400
CCS=00000000 CCD=00000000 CCO=ADDB
EFER=0000000000000000
check_exception old: 0xffffffff new 0x6
    29: v=06 e=0000 i=0 cpl=0 IP=0010:0001000d pc=0001000d SP=0018:00106e20 env->regs[R_EAX]=00000051
EAX=00000051 EBX=00010000 ECX=000003e4 EDX=0000001a
ESI=00000000 EDI=00000000 EBP=00106ff8 ESP=00106e20
EIP=0001000d EFL=00000046 [---Z-P-] CPL=0 II=0 A20=1 SMM=0 HLT=0
ES =0018 00000000 ffffffff 00cf9300 DPL=0 DS   [-WA]
CS =0010 00000000 ffffffff 00cf9a00 DPL=0 CS32 [-R-]
SS =0018 00000000 ffffffff 00cf9300 DPL=0 DS   [-WA]
DS =0018 00000000 ffffffff 00cf9300 DPL=0 DS   [-WA]
FS =0018 00000000 ffffffff 00cf9300 DPL=0 DS   [-WA]
GS =0018 00000000 ffffffff 00cf9300 DPL=0 DS   [-WA]
LDT=0000 00000000 0000ffff 00008200 DPL=0 LDT
TR =0000 00000000 0000ffff 00008b00 DPL=0 TSS32-busy
GDT=     000010b0 00000020
IDT=     00107020 000007ff
CR0=00000011 CR2=00000000 CR3=00000000 CR4=00000000
DR0=00000000 DR1=00000000 DR2=00000000 DR3=00000000 
DR6=ffff0ff0 DR7=00000400
CCS=00000000 CCD=00000000 CCO=ADDB
EFER=0000000000000000
check_exception old: 0xffffffff new 0x6
    30: v=06 e=0000 i=0 cpl=0 IP=0010:0001000d pc=0001000d SP=0018:00106e10 env->regs[R_EAX]=000000fe
EAX=000000fe EBX=00010000 ECX=000003e4 EDX=0000001a
ESI=00000000 EDI=00000000 EBP=00106ff8 ESP=00106e10
EIP=0001000d EFL=00000046 [---Z-P-] CPL=0 II=0 A20=1 SMM=0 HLT=0
ES =0018 00000000 ffffffff 00cf9300 DPL=0 DS   [-WA]
CS =0010 00000000 ffffffff 00cf9a00 DPL=0 CS32 [-R-]
SS =0018 00000000 ffffffff 00cf9300 DPL=0 DS   [-WA]
DS =0018 00000000 ffffffff 00cf9300 DPL=0 DS   [-WA]
FS =0018 00000000 ffffffff 00cf9300 DPL=0 DS   [-WA]
GS =0018 00000000 ffffffff 00cf9300 DPL=0 DS   [-WA]
LDT=0000 00000000 0000ffff 00008200 DPL=0 LDT
TR =0000 00000000 0000ffff 00008b00 DPL=0 TSS32-busy
GDT=     000010b0 00000020
IDT=     00107020 000007ff
CR0=00000011 CR2=00000000 CR3=00000000 CR4=00000000
DR0=00000000 DR1=00000000 DR2=00000000 DR3=00000000 
DR6=ffff0ff0 DR7=00000400
CCS=00000000 CCD=00000000 CCO=ADDB
EFER=0000000000000000
check_exception old: 0xffffffff new 0x6
    31: v=06 e=0000 i=0 cpl=0 IP=0010:0001000d pc=0001000d SP=0018:00106e00 env->regs[R_EAX]=000000ab
EAX=000000ab EBX=00010000 ECX=000003e4 EDX=0000001a
ESI=00000000 EDI=00000000 EBP=00106ff8 ESP=00106e00
EIP=0001000d EFL=00000046 [---Z-P-] CPL=0 II=0 A20=1 SMM=0 HLT=0
ES =0018 00000000 ffffffff 00cf9300 DPL=0 DS   [-WA]
CS =0010 00000000 ffffffff 00cf9a00 DPL=0 CS32 [-R-]
SS =0018 00000000 ffffffff 00cf9300 DPL=0 DS   [-WA]
DS =0018 00000000 ffffffff 00cf9300 DPL=0 DS   [-WA]
FS =0018 00000000 ffffffff 00cf9300 DPL=0 DS   [-WA]
GS =0018 00000000 ffffffff 00cf9300 DPL=0 DS   [-WA]
LDT=0000 00000000 0000ffff 00008200 DPL=0 LDT
TR =0000 00000000 0000ffff 00008b00 DPL=0 TSS32-busy
GDT=     000010b0 00000020
IDT=     00107020 000007ff
CR0=00000011 CR2=00000000 CR3=00000000 CR4=00000000
DR0=00000000 DR1=00000000 DR2=00000000 DR3=00000000 
DR6=ffff0ff0 DR7=00000400
CCS=00000000 CCD=00000000 CCO=ADDB
EFER=0000000000000000
check_exception old: 0xffffffff new 0x6
    32: v=06 e=0000 i=0 cpl=0 IP=0010:0001000d pc=0001000d SP=0018:00106df0 env->regs[R_EAX]=00000058
EAX=00000058 EBX=00010000 ECX=000003e4 EDX=0000001a
ESI=00000000 EDI=00000000 EBP=00106ff8 ESP=00106df0
EIP=0001000d EFL=00000046 [---Z-P-] CPL=0 II=0 A20=1 SMM=0 HLT=0
ES =0018 00000000 ffffffff 00cf9300 DPL=0 DS   [-WA]
CS =0010 00000000 ffffffff 00cf9a00 DPL=0 CS32 [-R-]
SS =0018 00000000 ffffffff 00cf9300 DPL=0 DS   [-WA]
DS =0018 00000000 ffffffff 00cf9300 DPL=0 DS   [-WA]
FS =0018 00000000 ffffffff 00cf9300 DPL=0 DS   [-WA]
GS =0018 00000000 ffffffff 00cf9300 DPL=0 DS   [-WA]
LDT=0000 00000000 0000ffff 00008200 DPL=0 LDT
TR =0000 00000000 0000ffff 00008b00 DPL=0 TSS32-busy
GDT=     000010b0 00000020
IDT=     00107020 000007ff
CR0=00000011 CR2=00000000 CR3=00000000 CR4=00000000
DR0=00000000 DR1=00000000 DR2=00000000 DR3=00000000 
DR6=ffff0ff0 DR7=00000400
CCS=00000000 CCD=00000000 CCO=ADDB
EFER=0000000000000000
check_exception old: 0xffffffff new 0x6
    33: v=06 e=0000 i=0 cpl=0 IP=0010:0001000d pc=0001000d SP=0018:00106de0 env->regs[R_EAX]=00000005
EAX=00000005 EBX=00010000 ECX=000003e4 EDX=0000001a
ESI=00000000 EDI=00000000 EBP=00106ff8 ESP=00106de0
EIP=0001000d EFL=00000046 [---Z-P-] CPL=0 II=0 A20=1 SMM=0 HLT=0
ES =0018 00000000 ffffffff 00cf9300 DPL=0 DS   [-WA]
CS =0010 00000000 ffffffff 00cf9a00 DPL=0 CS32 [-R-]
SS =0018 00000000 ffffffff 00cf9300 DPL=0 DS   [-WA]
DS =0018 00000000 ffffffff 00cf9300 DPL=0 DS   [-WA]
FS =0018 00000000 ffffffff 00cf9300 DPL=0 DS   [-WA]
GS =0018 00000000 ffffffff 00cf9300 DPL=0 DS   [-WA]
LDT=0000 00000000 0000ffff 00008200 DPL=0 LDT
TR =0000 00000000 0000ffff 00008b00 DPL=0 TSS32-busy
GDT=     000010b0 00000020
IDT=     00107020 000007ff
CR0=00000011 CR2=00000000 CR3=00000000 CR4=00000000
DR0=00000000 DR1=00000000 DR2=00000000 DR3=00000000 
DR6=ffff0ff0 DR7=00000400
CCS=00000000 CCD=00000000 CCO=ADDB
EFER=0000000000000000
check_exception old: 0xffffffff new 0x0
    34: v=00 e=0000 i=0 cpl=0 IP=0010:00000029 pc=00000029 SP=0018:00106db8 env->regs[R_EAX]=e2c3f0b3
EAX=e2c3f0b3 EBX=00010000 ECX=000003e4 EDX=0000001a
ESI=e987f000 EDI=00000000 EBP=00106ff8 ESP=00106db8
EIP=00000029 EFL=00000082 [--S----] CPL=0 II=0 A20=1 SMM=0 HLT=0
ES =0018 00000000 ffffffff 00cf9300 DPL=0 DS   [-WA]
CS =0010 00000000 ffffffff 00cf9a00 DPL=0 CS32 [-R-]
SS =0018 00000000 ffffffff 00cf9300 DPL=0 DS   [-WA]
DS =0018 00000000 ffffffff 00cf9300 DPL=0 DS   [-WA]
FS =0018 00000000 ffffffff 00cf9300 DPL=0 DS   [-WA]
GS =0018 00000000 ffffffff 00cf9300 DPL=0 DS   [-WA]
LDT=0000 00000000 0000ffff 00008200 DPL=0 LDT
TR =0000 00000000 0000ffff 00008b00 DPL=0 TSS32-busy
GDT=     000010b0 00000020
IDT=     00107020 000007ff
CR0=00000011 CR2=00000000 CR3=00000000 CR4=00000000
DR0=00000000 DR1=00000000 DR2=00000000 DR3=00000000 
DR6=ffff0ff0 DR7=00000400
CCS=00000000 CCD=e2c3f0b3 CCO=INCL
EFER=0000000000000000
check_exception old: 0xffffffff new 0x0
    35: v=00 e=0000 i=0 cpl=0 IP=0010:00000029 pc=00000029 SP=0018:00106d90 env->regs[R_EAX]=c587e0b2
EAX=c587e0b2 EBX=00010000 ECX=000003e4 EDX=0000001a
ESI=e987f000 EDI=00000000 EBP=00106ff8 ESP=00106d90
EIP=00000029 EFL=00000086 [--S--P-] CPL=0 II=0 A20=1 SMM=0 HLT=0
ES =0018 00000000 ffffffff 00cf9300 DPL=0 DS   [-WA]
CS =0010 00000000 ffffffff 00cf9a00 DPL=0 CS32 [-R-]
SS =0018 00000000 ffffffff 00cf9300 DPL=0 DS   [-WA]
DS =0018 00000000 ffffffff 00cf9300 DPL=0 DS   [-WA]
FS =0018 00000000 ffffffff 00cf9300 DPL=0 DS   [-WA]
GS =0018 00000000 ffffffff 00cf9300 DPL=0 DS   [-WA]
LDT=0000 00000000 0000ffff 00008200 DPL=0 LDT
TR =0000 00000000 0000ffff 00008b00 DPL=0 TSS32-busy
GDT=     000010b0 00000020
IDT=     00107020 000007ff
CR0=00000011 CR2=00000000 CR3=00000000 CR4=00000000
DR0=00000000 DR1=00000000 DR2=00000000 DR3=00000000 
DR6=ffff0ff0 DR7=00000400
CCS=00000000 CCD=c587e0b2 CCO=INCL
EFER=0000000000000000
check_exception old: 0xffffffff new 0x0
    36: v=00 e=0000 i=0 cpl=0 IP=0010:00000029 pc=00000029 SP=0018:00106d68 env->regs[R_EAX]=a84bd04c
EAX=a84bd04c EBX=00010000 ECX=000003e4 EDX=0000001a
ESI=e987f000 EDI=00000000 EBP=00106ff8 ESP=00106d68
EIP=00000029 EFL=00000082 [--S----] CPL=0 II=0 A20=1 SMM=0 HLT=0
ES =0018 00000000 ffffffff 00cf9300 DPL=0 DS   [-WA]
CS =0010 00000000 ffffffff 00cf9a00 DPL=0 CS32 [-R-]
SS =0018 00000000 ffffffff 00cf9300 DPL=0 DS   [-WA]
DS =0018 00000000 ffffffff 00cf9300 DPL=0 DS   [-WA]
FS =0018 00000000 ffffffff 00cf9300 DPL=0 DS   [-WA]
GS =0018 00000000 ffffffff 00cf9300 DPL=0 DS   [-WA]
LDT=0000 00000000 0000ffff 00008200 DPL=0 LDT
TR =0000 00000000 0000ffff 00008b00 DPL=0 TSS32-busy
GDT=     000010b0 00000020
IDT=     00107020 000007ff
CR0=00000011 CR2=00000000 CR3=00000000 CR4=00000000
DR0=00000000 DR1=00000000 DR2=00000000 DR3=00000000 
DR6=ffff0ff0 DR7=00000400
CCS=00000000 CCD=a84bd04c CCO=INCL
EFER=0000000000000000
check_exception old: 0xffffffff new 0x0
    37: v=00 e=0000 i=0 cpl=0 IP=0010:00000029 pc=00000029 SP=0018:00106d40 env->regs[R_EAX]=8b0fc04d
EAX=8b0fc04d EBX=00010000 ECX=000003e4 EDX=0000001a
ESI=e987f000 EDI=00000000 EBP=00106ff8 ESP=00106d40
EIP=00000029 EFL=00000086 [--S--P-] CPL=0 II=0 A20=1 SMM=0 HLT=0
ES =0018 00000000 ffffffff 00cf9300 DPL=0 DS   [-WA]
CS =0010 00000000 ffffffff 00cf9a00 DPL=0 CS32 [-R-]
SS =0018 00000000 ffffffff 00cf9300 DPL=0 DS   [-WA]
DS =0018 00000000 ffffffff 00cf9300 DPL=0 DS   [-WA]
FS =0018 00000000 ffffffff 00cf9300 DPL=0 DS   [-WA]
GS =0018 00000000 ffffffff 00cf9300 DPL=0 DS   [-WA]
LDT=0000 00000000 0000ffff 00008200 DPL=0 LDT
TR =0000 00000000 0000ffff 00008b00 DPL=0 TSS32-busy
GDT=     000010b0 00000020
IDT=     00107020 000007ff
CR0=00000011 CR2=00000000 CR3=00000000 CR4=00000000
DR0=00000000 DR1=00000000 DR2=00000000 DR3=00000000 
DR6=ffff0ff0 DR7=00000400
CCS=00000000 CCD=8b0fc04d CCO=INCL
EFER=0000000000000000
check_exception old: 0xffffffff new 0x0
    38: v=00 e=0000 i=0 cpl=0 IP=0010:00000029 pc=00000029 SP=0018:00106d1c env->regs[R_EAX]=6dd3b04e
EAX=6dd3b04e EBX=00010000 ECX=000003e4 EDX=0000001a
ESI=e987f000 EDI=00000000 EBP=00106ff8 ESP=00106d1c
EIP=00000029 EFL=00000006 [-----P-] CPL=0 II=0 A20=1 SMM=0 HLT=0
ES =0018 00000000 ffffffff 00cf9300 DPL=0 DS   [-WA]
CS =0010 00000000 ffffffff 00cf9a00 DPL=0 CS32 [-R-]
SS =0018 00000000 ffffffff 00cf9300 DPL=0 DS   [-WA]
DS =0018 00000000 ffffffff 00cf9300 DPL=0 DS   [-WA]
FS =0018 00000000 ffffffff 00cf9300 DPL=0 DS   [-WA]
GS =0018 00000000 ffffffff 00cf9300 DPL=0 DS   [-WA]
LDT=0000 00000000 0000ffff 00008200 DPL=0 LDT
TR =0000 00000000 0000ffff 00008b00 DPL=0 TSS32-busy
GDT=     000010b0 00000020
IDT=     00107020 000007ff
CR0=00000011 CR2=00000000 CR3=00000000 CR4=00000000
DR0=00000000 DR1=00000000 DR2=00000000 DR3=00000000 
DR6=ffff0ff0 DR7=00000400
CCS=00000000 CCD=6dd3b04e CCO=INCL
EFER=0000000000000000
check_exception old: 0xffffffff new 0x0
    39: v=00 e=0000 i=0 cpl=0 IP=0010:00000029 pc=00000029 SP=0018:00106cf4 env->regs[R_EAX]=5097a04f
EAX=5097a04f EBX=00010000 ECX=000003e4 EDX=0000001a
ESI=e987f000 EDI=00000000 EBP=00106ff8 ESP=00106cf4
EIP=00000029 EFL=00000002 [-------] CPL=0 II=0 A20=1 SMM=0 HLT=0
ES =0018 00000000 ffffffff 00cf9300 DPL=0 DS   [-WA]
CS =0010 00000000 ffffffff 00cf9a00 DPL=0 CS32 [-R-]
SS =0018 00000000 ffffffff 00cf9300 DPL=0 DS   [-WA]
DS =0018 00000000 ffffffff 00cf9300 DPL=0 DS   [-WA]
FS =0018 00000000 ffffffff 00cf9300 DPL=0 DS   [-WA]
GS =0018 00000000 ffffffff 00cf9300 DPL=0 DS   [-WA]
LDT=0000 00000000 0000ffff 00008200 DPL=0 LDT
TR =0000 00000000 0000ffff 00008b00 DPL=0 TSS32-busy
GDT=     000010b0 00000020
IDT=     00107020 000007ff
CR0=00000011 CR2=00000000 CR3=00000000 CR4=00000000
DR0=00000000 DR1=00000000 DR2=00000000 DR3=00000000 
DR6=ffff0ff0 DR7=00000400
CCS=00000000 CCD=5097a04f CCO=INCL
EFER=0000000000000000
check_exception old: 0xffffffff new 0x0
    40: v=00 e=0000 i=0 cpl=0 IP=0010:00000029 pc=00000029 SP=0018:00106ccc env->regs[R_EAX]=335b90fd
EAX=335b90fd EBX=00010000 ECX=000003e4 EDX=0000001a
ESI=e987f000 EDI=00000000 EBP=00106ff8 ESP=00106ccc
EIP=00000029 EFL=00000002 [-------] CPL=0 II=0 A20=1 SMM=0 HLT=0
ES =0018 00000000 ffffffff 00cf9300 DPL=0 DS   [-WA]
CS =0010 00000000 ffffffff 00cf9a00 DPL=0 CS32 [-R-]
SS =0018 00000000 ffffffff 00cf9300 DPL=0 DS   [-WA]
DS =0018 00000000 ffffffff 00cf9300 DPL=0 DS   [-WA]
FS =0018 00000000 ffffffff 00cf9300 DPL=0 DS   [-WA]
GS =0018 00000000 ffffffff 00cf9300 DPL=0 DS   [-WA]
LDT=0000 00000000 0000ffff 00008200 DPL=0 LDT
TR =0000 00000000 0000ffff 00008b00 DPL=0 TSS32-busy
GDT=     000010b0 00000020
IDT=     00107020 000007ff
CR0=00000011 CR2=00000000 CR3=00000000 CR4=00000000
DR0=00000000 DR1=00000000 DR2=00000000 DR3=00000000 
DR6=ffff0ff0 DR7=00000400
CCS=00000000 CCD=335b90fd CCO=INCL
EFER=0000000000000000
check_exception old: 0xffffffff new 0x0
    41: v=00 e=0000 i=0 cpl=0 IP=0010:00000029 pc=00000029 SP=0018:00106ca4 env->regs[R_EAX]=161f80fe
EAX=161f80fe EBX=00010000 ECX=000003e4 EDX=0000001a
ESI=e987f000 EDI=00000000 EBP=00106ff8 ESP=00106ca4
EIP=00000029 EFL=00000002 [-------] CPL=0 II=0 A20=1 SMM=0 HLT=0
ES =0018 00000000 ffffffff 00cf9300 DPL=0 DS   [-WA]
CS =0010 00000000 ffffffff 00cf9a00 DPL=0 CS32 [-R-]
SS =0018 00000000 ffffffff 00cf9300 DPL=0 DS   [-WA]
DS =0018 00000000 ffffffff 00cf9300 DPL=0 DS   [-WA]
FS =0018 00000000 ffffffff 00cf9300 DPL=0 DS   [-WA]
GS =0018 00000000 ffffffff 00cf9300 DPL=0 DS   [-WA]
LDT=0000 00000000 0000ffff 00008200 DPL=0 LDT
TR =0000 00000000 0000ffff 00008b00 DPL=0 TSS32-busy
GDT=     000010b0 00000020
IDT=     00107020 000007ff
CR0=00000011 CR2=00000000 CR3=00000000 CR4=00000000
DR0=00000000 DR1=00000000 DR2=00000000 DR3=00000000 
DR6=ffff0ff0 DR7=00000400
CCS=00000000 CCD=161f80fe CCO=INCL
EFER=0000000000000000
check_exception old: 0xffffffff new 0x0
    42: v=00 e=0000 i=0 cpl=0 IP=0010:00000029 pc=00000029 SP=0018:00106c7c env->regs[R_EAX]=f8e370ff
EAX=f8e370ff EBX=00010000 ECX=00000391 EDX=0000001a
ESI=e987f000 EDI=00000000 EBP=00106ff8 ESP=00106c7c
EIP=00000029 EFL=00000086 [--S--P-] CPL=0 II=0 A20=1 SMM=0 HLT=0
ES =0018 00000000 ffffffff 00cf9300 DPL=0 DS   [-WA]
CS =0010 00000000 ffffffff 00cf9a00 DPL=0 CS32 [-R-]
SS =0018 00000000 ffffffff 00cf9300 DPL=0 DS   [-WA]
DS =0018 00000000 ffffffff 00cf9300 DPL=0 DS   [-WA]
FS =0018 00000000 ffffffff 00cf9300 DPL=0 DS   [-WA]
GS =0018 00000000 ffffffff 00cf9300 DPL=0 DS   [-WA]
LDT=0000 00000000 0000ffff 00008200 DPL=0 LDT
TR =0000 00000000 0000ffff 00008b00 DPL=0 TSS32-busy
GDT=     000010b0 00000020
IDT=     00107020 000007ff
CR0=00000011 CR2=00000000 CR3=00000000 CR4=00000000
DR0=00000000 DR1=00000000 DR2=00000000 DR3=00000000 
DR6=ffff0ff0 DR7=00000400
CCS=00000000 CCD=f8e370ff CCO=INCL
EFER=0000000000000000
check_exception old: 0xffffffff new 0x0
    43: v=00 e=0000 i=0 cpl=0 IP=0010:00000029 pc=00000029 SP=0018:00106c54 env->regs[R_EAX]=dba76100
EAX=dba76100 EBX=00010000 ECX=00000387 EDX=0000001a
ESI=e987f000 EDI=00000000 EBP=00106ff8 ESP=00106c54
EIP=00000029 EFL=00000096 [--S-AP-] CPL=0 II=0 A20=1 SMM=0 HLT=0
ES =0018 00000000 ffffffff 00cf9300 DPL=0 DS   [-WA]
CS =0010 00000000 ffffffff 00cf9a00 DPL=0 CS32 [-R-]
SS =0018 00000000 ffffffff 00cf9300 DPL=0 DS   [-WA]
DS =0018 00000000 ffffffff 00cf9300 DPL=0 DS   [-WA]
FS =0018 00000000 ffffffff 00cf9300 DPL=0 DS   [-WA]
GS =0018 00000000 ffffffff 00cf9300 DPL=0 DS   [-WA]
LDT=0000 00000000 0000ffff 00008200 DPL=0 LDT
TR =0000 00000000 0000ffff 00008b00 DPL=0 TSS32-busy
GDT=     000010b0 00000020
IDT=     00107020 000007ff
CR0=00000011 CR2=00000000 CR3=00000000 CR4=00000000
DR0=00000000 DR1=00000000 DR2=00000000 DR3=00000000 
DR6=ffff0ff0 DR7=00000400
CCS=00000000 CCD=dba76100 CCO=INCL
EFER=0000000000000000
check_exception old: 0xffffffff new 0x0
    44: v=00 e=0000 i=0 cpl=0 IP=0010:00000029 pc=00000029 SP=0018:00106c2c env->regs[R_EAX]=be6b5101
EAX=be6b5101 EBX=00010000 ECX=00000320 EDX=0000001a
ESI=e987f000 EDI=00000000 EBP=00106ff8 ESP=00106c2c
EIP=00000029 EFL=00000082 [--S----] CPL=0 II=0 A20=1 SMM=0 HLT=0
ES =0018 00000000 ffffffff 00cf9300 DPL=0 DS   [-WA]
CS =0010 00000000 ffffffff 00cf9a00 DPL=0 CS32 [-R-]
SS =0018 00000000 ffffffff 00cf9300 DPL=0 DS   [-WA]
DS =0018 00000000 ffffffff 00cf9300 DPL=0 DS   [-WA]
FS =0018 00000000 ffffffff 00cf9300 DPL=0 DS   [-WA]
GS =0018 00000000 ffffffff 00cf9300 DPL=0 DS   [-WA]
LDT=0000 00000000 0000ffff 00008200 DPL=0 LDT
TR =0000 00000000 0000ffff 00008b00 DPL=0 TSS32-busy
GDT=     000010b0 00000020
IDT=     00107020 000007ff
CR0=00000011 CR2=00000000 CR3=00000000 CR4=00000000
DR0=00000000 DR1=00000000 DR2=00000000 DR3=00000000 
DR6=ffff0ff0 DR7=00000400
CCS=00000000 CCD=be6b5101 CCO=INCL
EFER=0000000000000000
check_exception old: 0xffffffff new 0x0
    45: v=00 e=0000 i=0 cpl=0 IP=0010:00000029 pc=00000029 SP=0018:00106c04 env->regs[R_EAX]=a12f4102
EAX=a12f4102 EBX=00010000 ECX=00000320 EDX=0000001a
ESI=e987f000 EDI=00000000 EBP=00106ff8 ESP=00106c04
EIP=00000029 EFL=00000082 [--S----] CPL=0 II=0 A20=1 SMM=0 HLT=0
ES =0018 00000000 ffffffff 00cf9300 DPL=0 DS   [-WA]
CS =0010 00000000 ffffffff 00cf9a00 DPL=0 CS32 [-R-]
SS =0018 00000000 ffffffff 00cf9300 DPL=0 DS   [-WA]
DS =0018 00000000 ffffffff 00cf9300 DPL=0 DS   [-WA]
FS =0018 00000000 ffffffff 00cf9300 DPL=0 DS   [-WA]
GS =0018 00000000 ffffffff 00cf9300 DPL=0 DS   [-WA]
LDT=0000 00000000 0000ffff 00008200 DPL=0 LDT
TR =0000 00000000 0000ffff 00008b00 DPL=0 TSS32-busy
GDT=     000010b0 00000020
IDT=     00107020 000007ff
CR0=00000011 CR2=00000000 CR3=00000000 CR4=00000000
DR0=00000000 DR1=00000000 DR2=00000000 DR3=00000000 
DR6=ffff0ff0 DR7=00000400
CCS=00000000 CCD=a12f4102 CCO=INCL
EFER=0000000000000000
check_exception old: 0xffffffff new 0x0
    46: v=00 e=0000 i=0 cpl=0 IP=0010:00000029 pc=00000029 SP=0018:00106be0 env->regs[R_EAX]=83f33103
EAX=83f33103 EBX=00010000 ECX=00000320 EDX=0000001a
ESI=e987f000 EDI=00000000 EBP=00106ff8 ESP=00106be0
EIP=00000029 EFL=00000086 [--S--P-] CPL=0 II=0 A20=1 SMM=0 HLT=0
ES =0018 00000000 ffffffff 00cf9300 DPL=0 DS   [-WA]
CS =0010 00000000 ffffffff 00cf9a00 DPL=0 CS32 [-R-]
SS =0018 00000000 ffffffff 00cf9300 DPL=0 DS   [-WA]
DS =0018 00000000 ffffffff 00cf9300 DPL=0 DS   [-WA]
FS =0018 00000000 ffffffff 00cf9300 DPL=0 DS   [-WA]
GS =0018 00000000 ffffffff 00cf9300 DPL=0 DS   [-WA]
LDT=0000 00000000 0000ffff 00008200 DPL=0 LDT
TR =0000 00000000 0000ffff 00008b00 DPL=0 TSS32-busy
GDT=     000010b0 00000020
IDT=     00107020 000007ff
CR0=00000011 CR2=00000000 CR3=00000000 CR4=00000000
DR0=00000000 DR1=00000000 DR2=00000000 DR3=00000000 
DR6=ffff0ff0 DR7=00000400
CCS=00000000 CCD=83f33103 CCO=INCL
EFER=0000000000000000
check_exception old: 0xffffffff new 0x0
    47: v=00 e=0000 i=0 cpl=0 IP=0010:00000029 pc=00000029 SP=0018:00106bb8 env->regs[R_EAX]=66b72104
EAX=66b72104 EBX=00010000 ECX=00000320 EDX=0000001a
ESI=e987f000 EDI=00000000 EBP=00106ff8 ESP=00106bb8
EIP=00000029 EFL=00000002 [-------] CPL=0 II=0 A20=1 SMM=0 HLT=0
ES =0018 00000000 ffffffff 00cf9300 DPL=0 DS   [-WA]
CS =0010 00000000 ffffffff 00cf9a00 DPL=0 CS32 [-R-]
SS =0018 00000000 ffffffff 00cf9300 DPL=0 DS   [-WA]
DS =0018 00000000 ffffffff 00cf9300 DPL=0 DS   [-WA]
FS =0018 00000000 ffffffff 00cf9300 DPL=0 DS   [-WA]
GS =0018 00000000 ffffffff 00cf9300 DPL=0 DS   [-WA]
LDT=0000 00000000 0000ffff 00008200 DPL=0 LDT
TR =0000 00000000 0000ffff 00008b00 DPL=0 TSS32-busy
GDT=     000010b0 00000020
IDT=     00107020 000007ff
CR0=00000011 CR2=00000000 CR3=00000000 CR4=00000000
DR0=00000000 DR1=00000000 DR2=00000000 DR3=00000000 
DR6=ffff0ff0 DR7=00000400
CCS=00000000 CCD=66b72104 CCO=INCL
EFER=0000000000000000
check_exception old: 0xffffffff new 0x0
    48: v=00 e=0000 i=0 cpl=0 IP=0010:00000029 pc=00000029 SP=0018:00106b90 env->regs[R_EAX]=497b1105
EAX=497b1105 EBX=00010000 ECX=000003cd EDX=0000001a
ESI=e987f000 EDI=00000000 EBP=00106ff8 ESP=00106b90
EIP=00000029 EFL=00000006 [-----P-] CPL=0 II=0 A20=1 SMM=0 HLT=0
ES =0018 00000000 ffffffff 00cf9300 DPL=0 DS   [-WA]
CS =0010 00000000 ffffffff 00cf9a00 DPL=0 CS32 [-R-]
SS =0018 00000000 ffffffff 00cf9300 DPL=0 DS   [-WA]
DS =0018 00000000 ffffffff 00cf9300 DPL=0 DS   [-WA]
FS =0018 00000000 ffffffff 00cf9300 DPL=0 DS   [-WA]
GS =0018 00000000 ffffffff 00cf9300 DPL=0 DS   [-WA]
LDT=0000 00000000 0000ffff 00008200 DPL=0 LDT
TR =0000 00000000 0000ffff 00008b00 DPL=0 TSS32-busy
GDT=     000010b0 00000020
IDT=     00107020 000007ff
CR0=00000011 CR2=00000000 CR3=00000000 CR4=00000000
DR0=00000000 DR1=00000000 DR2=00000000 DR3=00000000 
DR6=ffff0ff0 DR7=00000400
CCS=00000000 CCD=497b1105 CCO=INCL
EFER=0000000000000000
check_exception old: 0xffffffff new 0x0
    49: v=00 e=0000 i=0 cpl=0 IP=0010:00000029 pc=00000029 SP=0018:00106b68 env->regs[R_EAX]=2c3f0106
EAX=2c3f0106 EBX=00010000 ECX=000003cd EDX=0000001a
ESI=e987f000 EDI=00000000 EBP=00106ff8 ESP=00106b68
EIP=00000029 EFL=00000006 [-----P-] CPL=0 II=0 A20=1 SMM=0 HLT=0
ES =0018 00000000 ffffffff 00cf9300 DPL=0 DS   [-WA]
CS =0010 00000000 ffffffff 00cf9a00 DPL=0 CS32 [-R-]
SS =0018 00000000 ffffffff 00cf9300 DPL=0 DS   [-WA]
DS =0018 00000000 ffffffff 00cf9300 DPL=0 DS   [-WA]
FS =0018 00000000 ffffffff 00cf9300 DPL=0 DS   [-WA]
GS =0018 00000000 ffffffff 00cf9300 DPL=0 DS   [-WA]
LDT=0000 00000000 0000ffff 00008200 DPL=0 LDT
TR =0000 00000000 0000ffff 00008b00 DPL=0 TSS32-busy
GDT=     000010b0 00000020
IDT=     00107020 000007ff
CR0=00000011 CR2=00000000 CR3=00000000 CR4=00000000
DR0=00000000 DR1=00000000 DR2=00000000 DR3=00000000 
DR6=ffff0ff0 DR7=00000400
CCS=00000000 CCD=2c3f0106 CCO=INCL
EFER=0000000000000000
check_exception old: 0xffffffff new 0x0
    50: v=00 e=0000 i=0 cpl=0 IP=0010:00000029 pc=00000029 SP=0018:00106b40 env->regs[R_EAX]=0f02f107
EAX=0f02f107 EBX=00010000 ECX=000003cd EDX=0000001b
ESI=e987f000 EDI=00000000 EBP=00106ff8 ESP=00106b40
EIP=00000029 EFL=00000002 [-------] CPL=0 II=0 A20=1 SMM=0 HLT=0
ES =0018 00000000 ffffffff 00cf9300 DPL=0 DS   [-WA]
CS =0010 00000000 ffffffff 00cf9a00 DPL=0 CS32 [-R-]
SS =0018 00000000 ffffffff 00cf9300 DPL=0 DS   [-WA]
DS =0018 00000000 ffffffff 00cf9300 DPL=0 DS   [-WA]
FS =0018 00000000 ffffffff 00cf9300 DPL=0 DS   [-WA]
GS =0018 00000000 ffffffff 00cf9300 DPL=0 DS   [-WA]
LDT=0000 00000000 0000ffff 00008200 DPL=0 LDT
TR =0000 00000000 0000ffff 00008b00 DPL=0 TSS32-busy
GDT=     000010b0 00000020
IDT=     00107020 000007ff
CR0=00000011 CR2=00000000 CR3=00000000 CR4=00000000
DR0=00000000 DR1=00000000 DR2=00000000 DR3=00000000 
DR6=ffff0ff0 DR7=00000400
CCS=00000000 CCD=0f02f107 CCO=INCL
EFER=0000000000000000
check_exception old: 0xffffffff new 0x6
    51: v=06 e=0000 i=0 cpl=0 IP=0010:0000001b pc=0000001b SP=0018:00106b1c env->regs[R_EAX]=f1c6e107
EAX=f1c6e107 EBX=00010000 ECX=000003cd EDX=0000001c
ESI=e987f000 EDI=00000000 EBP=00106ff8 ESP=00106b1c
EIP=0000001b EFL=00000013 [----A-C] CPL=0 II=0 A20=1 SMM=0 HLT=0
ES =0018 00000000 ffffffff 00cf9300 DPL=0 DS   [-WA]
CS =0010 00000000 ffffffff 00cf9a00 DPL=0 CS32 [-R-]
SS =0018 00000000 ffffffff 00cf9300 DPL=0 DS   [-WA]
DS =0018 00000000 ffffffff 00cf9300 DPL=0 DS   [-WA]
FS =0018 00000000 ffffffff 00cf9300 DPL=0 DS   [-WA]
GS =0018 00000000 ffffffff 00cf9300 DPL=0 DS   [-WA]
LDT=0000 00000000 0000ffff 00008200 DPL=0 LDT
TR =0000 00000000 0000ffff 00008b00 DPL=0 TSS32-busy
GDT=     000010b0 00000020
IDT=     00107020 000007ff
CR0=00000011 CR2=00000000 CR3=00000000 CR4=00000000
DR0=00000000 DR1=00000000 DR2=00000000 DR3=00000000 
DR6=ffff0ff0 DR7=00000400
CCS=000000ff CCD=ffffff1c CCO=SBBB
EFER=0000000000000000
check_exception old: 0xffffffff new 0x6
    52: v=06 e=0000 i=0 cpl=0 IP=0010:0000001b pc=0000001b SP=0018:00106af8 env->regs[R_EAX]=d48ad107
EAX=d48ad107 EBX=00010000 ECX=000003cd EDX=0000001d
ESI=e987f000 EDI=00000000 EBP=00106ff8 ESP=00106af8
EIP=0000001b EFL=00000017 [----APC] CPL=0 II=0 A20=1 SMM=0 HLT=0
ES =0018 00000000 ffffffff 00cf9300 DPL=0 DS   [-WA]
CS =0010 00000000 ffffffff 00cf9a00 DPL=0 CS32 [-R-]
SS =0018 00000000 ffffffff 00cf9300 DPL=0 DS   [-WA]
DS =0018 00000000 ffffffff 00cf9300 DPL=0 DS   [-WA]
FS =0018 00000000 ffffffff 00cf9300 DPL=0 DS   [-WA]
GS =0018 00000000 ffffffff 00cf9300 DPL=0 DS   [-WA]
LDT=0000 00000000 0000ffff 00008200 DPL=0 LDT
TR =0000 00000000 0000ffff 00008b00 DPL=0 TSS32-busy
GDT=     000010b0 00000020
IDT=     00107020 000007ff
CR0=00000011 CR2=00000000 CR3=00000000 CR4=00000000
DR0=00000000 DR1=00000000 DR2=00000000 DR3=00000000 
DR6=ffff0ff0 DR7=00000400
CCS=000000ff CCD=ffffff1d CCO=SBBB
EFER=0000000000000000
check_exception old: 0xffffffff new 0x6
    53: v=06 e=0000 i=0 cpl=0 IP=0010:0000001b pc=0000001b SP=0018:00106ad4 env->regs[R_EAX]=b74ec107
EAX=b74ec107 EBX=00010000 ECX=000003cd EDX=0000001e
ESI=e987f000 EDI=00000000 EBP=00106ff8 ESP=00106ad4
EIP=0000001b EFL=00000017 [----APC] CPL=0 II=0 A20=1 SMM=0 HLT=0
ES =0018 00000000 ffffffff 00cf9300 DPL=0 DS   [-WA]
CS =0010 00000000 ffffffff 00cf9a00 DPL=0 CS32 [-R-]
SS =0018 00000000 ffffffff 00cf9300 DPL=0 DS   [-WA]
DS =0018 00000000 ffffffff 00cf9300 DPL=0 DS   [-WA]
FS =0018 00000000 ffffffff 00cf9300 DPL=0 DS   [-WA]
GS =0018 00000000 ffffffff 00cf9300 DPL=0 DS   [-WA]
LDT=0000 00000000 0000ffff 00008200 DPL=0 LDT
TR =0000 00000000 0000ffff 00008b00 DPL=0 TSS32-busy
GDT=     000010b0 00000020
IDT=     00107020 000007ff
CR0=00000011 CR2=00000000 CR3=00000000 CR4=00000000
DR0=00000000 DR1=00000000 DR2=00000000 DR3=00000000 
DR6=ffff0ff0 DR7=00000400
CCS=000000ff CCD=ffffff1e CCO=SBBB
EFER=0000000000000000
check_exception old: 0xffffffff new 0x6
    54: v=06 e=0000 i=0 cpl=0 IP=0010:0000001b pc=0000001b SP=0018:00106ab0 env->regs[R_EAX]=9a12b107
EAX=9a12b107 EBX=00010000 ECX=000003cd EDX=0000001f
ESI=e987f000 EDI=00000000 EBP=00106ff8 ESP=00106ab0
EIP=0000001b EFL=00000013 [----A-C] CPL=0 II=0 A20=1 SMM=0 HLT=0
ES =0018 00000000 ffffffff 00cf9300 DPL=0 DS   [-WA]
CS =0010 00000000 ffffffff 00cf9a00 DPL=0 CS32 [-R-]
SS =0018 00000000 ffffffff 00cf9300 DPL=0 DS   [-WA]
DS =0018 00000000 ffffffff 00cf9300 DPL=0 DS   [-WA]
FS =0018 00000000 ffffffff 00cf9300 DPL=0 DS   [-WA]
GS =0018 00000000 ffffffff 00cf9300 DPL=0 DS   [-WA]
LDT=0000 00000000 0000ffff 00008200 DPL=0 LDT
TR =0000 00000000 0000ffff 00008b00 DPL=0 TSS32-busy
GDT=     000010b0 00000020
IDT=     00107020 000007ff
CR0=00000011 CR2=00000000 CR3=00000000 CR4=00000000
DR0=00000000 DR1=00000000 DR2=00000000 DR3=00000000 
DR6=ffff0ff0 DR7=00000400
CCS=000000ff CCD=ffffff1f CCO=SBBB
EFER=0000000000000000
check_exception old: 0xffffffff new 0x6
    55: v=06 e=0000 i=0 cpl=0 IP=0010:0000001b pc=0000001b SP=0018:00106a8c env->regs[R_EAX]=7cd6a107
EAX=7cd6a107 EBX=00010000 ECX=000003cd EDX=00000020
ESI=e987f000 EDI=00000000 EBP=00106ff8 ESP=00106a8c
EIP=0000001b EFL=00000003 [------C] CPL=0 II=0 A20=1 SMM=0 HLT=0
ES =0018 00000000 ffffffff 00cf9300 DPL=0 DS   [-WA]
CS =0010 00000000 ffffffff 00cf9a00 DPL=0 CS32 [-R-]
SS =0018 00000000 ffffffff 00cf9300 DPL=0 DS   [-WA]
DS =0018 00000000 ffffffff 00cf9300 DPL=0 DS   [-WA]
FS =0018 00000000 ffffffff 00cf9300 DPL=0 DS   [-WA]
GS =0018 00000000 ffffffff 00cf9300 DPL=0 DS   [-WA]
LDT=0000 00000000 0000ffff 00008200 DPL=0 LDT
TR =0000 00000000 0000ffff 00008b00 DPL=0 TSS32-busy
GDT=     000010b0 00000020
IDT=     00107020 000007ff
CR0=00000011 CR2=00000000 CR3=00000000 CR4=00000000
DR0=00000000 DR1=00000000 DR2=00000000 DR3=00000000 
DR6=ffff0ff0 DR7=00000400
CCS=000000ff CCD=ffffff20 CCO=SBBB
EFER=0000000000000000
check_exception old: 0xffffffff new 0x6
    56: v=06 e=0000 i=0 cpl=0 IP=0010:0000001b pc=0000001b SP=0018:00106a68 env->regs[R_EAX]=5f9a9107
EAX=5f9a9107 EBX=00010000 ECX=000003cd EDX=00000021
ESI=e987f000 EDI=00000000 EBP=00106ff8 ESP=00106a68
EIP=0000001b EFL=00000017 [----APC] CPL=0 II=0 A20=1 SMM=0 HLT=0
ES =0018 00000000 ffffffff 00cf9300 DPL=0 DS   [-WA]
CS =0010 00000000 ffffffff 00cf9a00 DPL=0 CS32 [-R-]
SS =0018 00000000 ffffffff 00cf9300 DPL=0 DS   [-WA]
DS =0018 00000000 ffffffff 00cf9300 DPL=0 DS   [-WA]
FS =0018 00000000 ffffffff 00cf9300 DPL=0 DS   [-WA]
GS =0018 00000000 ffffffff 00cf9300 DPL=0 DS   [-WA]
LDT=0000 00000000 0000ffff 00008200 DPL=0 LDT
TR =0000 00000000 0000ffff 00008b00 DPL=0 TSS32-busy
GDT=     000010b0 00000020
IDT=     00107020 000007ff
CR0=00000011 CR2=00000000 CR3=00000000 CR4=00000000
DR0=00000000 DR1=00000000 DR2=00000000 DR3=00000000 
DR6=ffff0ff0 DR7=00000400
CCS=000000ff CCD=ffffff21 CCO=SBBB
EFER=0000000000000000
check_exception old: 0xffffffff new 0x6
    57: v=06 e=0000 i=0 cpl=0 IP=0010:0000001b pc=0000001b SP=0018:00106a44 env->regs[R_EAX]=425e8107
EAX=425e8107 EBX=00010000 ECX=000003cd EDX=00000022
ESI=e987f000 EDI=00000000 EBP=00106ff8 ESP=00106a44
EIP=0000001b EFL=00000017 [----APC] CPL=0 II=0 A20=1 SMM=0 HLT=0
ES =0018 00000000 ffffffff 00cf9300 DPL=0 DS   [-WA]
CS =0010 00000000 ffffffff 00cf9a00 DPL=0 CS32 [-R-]
SS =0018 00000000 ffffffff 00cf9300 DPL=0 DS   [-WA]
DS =0018 00000000 ffffffff 00cf9300 DPL=0 DS   [-WA]
FS =0018 00000000 ffffffff 00cf9300 DPL=0 DS   [-WA]
GS =0018 00000000 ffffffff 00cf9300 DPL=0 DS   [-WA]
LDT=0000 00000000 0000ffff 00008200 DPL=0 LDT
TR =0000 00000000 0000ffff 00008b00 DPL=0 TSS32-busy
GDT=     000010b0 00000020
IDT=     00107020 000007ff
CR0=00000011 CR2=00000000 CR3=00000000 CR4=00000000
DR0=00000000 DR1=00000000 DR2=00000000 DR3=00000000 
DR6=ffff0ff0 DR7=00000400
CCS=000000ff CCD=ffffff22 CCO=SBBB
EFER=0000000000000000
check_exception old: 0xffffffff new 0x6
    58: v=06 e=0000 i=0 cpl=0 IP=0010:0000001b pc=0000001b SP=0018:00106a20 env->regs[R_EAX]=25227107
EAX=25227107 EBX=00010000 ECX=000003cd EDX=00000023
ESI=e987f000 EDI=00000000 EBP=00106ff8 ESP=00106a20
EIP=0000001b EFL=00000013 [----A-C] CPL=0 II=0 A20=1 SMM=0 HLT=0
ES =0018 00000000 ffffffff 00cf9300 DPL=0 DS   [-WA]
CS =0010 00000000 ffffffff 00cf9a00 DPL=0 CS32 [-R-]
SS =0018 00000000 ffffffff 00cf9300 DPL=0 DS   [-WA]
DS =0018 00000000 ffffffff 00cf9300 DPL=0 DS   [-WA]
FS =0018 00000000 ffffffff 00cf9300 DPL=0 DS   [-WA]
GS =0018 00000000 ffffffff 00cf9300 DPL=0 DS   [-WA]
LDT=0000 00000000 0000ffff 00008200 DPL=0 LDT
TR =0000 00000000 0000ffff 00008b00 DPL=0 TSS32-busy
GDT=     000010b0 00000020
IDT=     00107020 000007ff
CR0=00000011 CR2=00000000 CR3=00000000 CR4=00000000
DR0=00000000 DR1=00000000 DR2=00000000 DR3=00000000 
DR6=ffff0ff0 DR7=00000400
CCS=000000ff CCD=ffffff23 CCO=SBBB
EFER=0000000000000000
check_exception old: 0xffffffff new 0x6
    59: v=06 e=0000 i=0 cpl=0 IP=0010:0000001b pc=0000001b SP=0018:001069fc env->regs[R_EAX]=07e66107
EAX=07e66107 EBX=00010000 ECX=000003cd EDX=00000024
ESI=e987f000 EDI=00000000 EBP=00106ff8 ESP=001069fc
EIP=0000001b EFL=00000017 [----APC] CPL=0 II=0 A20=1 SMM=0 HLT=0
ES =0018 00000000 ffffffff 00cf9300 DPL=0 DS   [-WA]
CS =0010 00000000 ffffffff 00cf9a00 DPL=0 CS32 [-R-]
SS =0018 00000000 ffffffff 00cf9300 DPL=0 DS   [-WA]
DS =0018 00000000 ffffffff 00cf9300 DPL=0 DS   [-WA]
FS =0018 00000000 ffffffff 00cf9300 DPL=0 DS   [-WA]
GS =0018 00000000 ffffffff 00cf9300 DPL=0 DS   [-WA]
LDT=0000 00000000 0000ffff 00008200 DPL=0 LDT
TR =0000 00000000 0000ffff 00008b00 DPL=0 TSS32-busy
GDT=     000010b0 00000020
IDT=     00107020 000007ff
CR0=00000011 CR2=00000000 CR3=00000000 CR4=00000000
DR0=00000000 DR1=00000000 DR2=00000000 DR3=00000000 
DR6=ffff0ff0 DR7=00000400
CCS=000000ff CCD=ffffff24 CCO=SBBB
EFER=0000000000000000
check_exception old: 0xffffffff new 0x6
    60: v=06 e=0000 i=0 cpl=0 IP=0010:0000001b pc=0000001b SP=0018:001069d8 env->regs[R_EAX]=eaaa5107
EAX=eaaa5107 EBX=00010000 ECX=000003cd EDX=00000025
ESI=e987f000 EDI=00000000 EBP=00106ff8 ESP=001069d8
EIP=0000001b EFL=00000013 [----A-C] CPL=0 II=0 A20=1 SMM=0 HLT=0
ES =0018 00000000 ffffffff 00cf9300 DPL=0 DS   [-WA]
CS =0010 00000000 ffffffff 00cf9a00 DPL=0 CS32 [-R-]
SS =0018 00000000 ffffffff 00cf9300 DPL=0 DS   [-WA]
DS =0018 00000000 ffffffff 00cf9300 DPL=0 DS   [-WA]
FS =0018 00000000 ffffffff 00cf9300 DPL=0 DS   [-WA]
GS =0018 00000000 ffffffff 00cf9300 DPL=0 DS   [-WA]
LDT=0000 00000000 0000ffff 00008200 DPL=0 LDT
TR =0000 00000000 0000ffff 00008b00 DPL=0 TSS32-busy
GDT=     000010b0 00000020
IDT=     00107020 000007ff
CR0=00000011 CR2=00000000 CR3=00000000 CR4=00000000
DR0=00000000 DR1=00000000 DR2=00000000 DR3=00000000 
DR6=ffff0ff0 DR7=00000400
CCS=000000ff CCD=ffffff25 CCO=SBBB
EFER=0000000000000000
check_exception old: 0xffffffff new 0x6
    61: v=06 e=0000 i=0 cpl=0 IP=0010:0000001b pc=0000001b SP=0018:001069b4 env->regs[R_EAX]=cd6e4107
EAX=cd6e4107 EBX=00010000 ECX=000003cd EDX=00000026
ESI=e987f000 EDI=00000000 EBP=00106ff8 ESP=001069b4
EIP=0000001b EFL=00000013 [----A-C] CPL=0 II=0 A20=1 SMM=0 HLT=0
ES =0018 00000000 ffffffff 00cf9300 DPL=0 DS   [-WA]
CS =0010 00000000 ffffffff 00cf9a00 DPL=0 CS32 [-R-]
SS =0018 00000000 ffffffff 00cf9300 DPL=0 DS   [-WA]
DS =0018 00000000 ffffffff 00cf9300 DPL=0 DS   [-WA]
FS =0018 00000000 ffffffff 00cf9300 DPL=0 DS   [-WA]
GS =0018 00000000 ffffffff 00cf9300 DPL=0 DS   [-WA]
LDT=0000 00000000 0000ffff 00008200 DPL=0 LDT
TR =0000 00000000 0000ffff 00008b00 DPL=0 TSS32-busy
GDT=     000010b0 00000020
IDT=     00107020 000007ff
CR0=00000011 CR2=00000000 CR3=00000000 CR4=00000000
DR0=00000000 DR1=00000000 DR2=00000000 DR3=00000000 
DR6=ffff0ff0 DR7=00000400
CCS=000000ff CCD=ffffff26 CCO=SBBB
EFER=0000000000000000
check_exception old: 0xffffffff new 0x6
    62: v=06 e=0000 i=0 cpl=0 IP=0010:0000001b pc=0000001b SP=0018:00106990 env->regs[R_EAX]=b0323107
EAX=b0323107 EBX=00010000 ECX=000003cd EDX=00000027
ESI=e987f000 EDI=00000000 EBP=00106ff8 ESP=00106990
EIP=0000001b EFL=00000017 [----APC] CPL=0 II=0 A20=1 SMM=0 HLT=0
ES =0018 00000000 ffffffff 00cf9300 DPL=0 DS   [-WA]
CS =0010 00000000 ffffffff 00cf9a00 DPL=0 CS32 [-R-]
SS =0018 00000000 ffffffff 00cf9300 DPL=0 DS   [-WA]
DS =0018 00000000 ffffffff 00cf9300 DPL=0 DS   [-WA]
FS =0018 00000000 ffffffff 00cf9300 DPL=0 DS   [-WA]
GS =0018 00000000 ffffffff 00cf9300 DPL=0 DS   [-WA]
LDT=0000 00000000 0000ffff 00008200 DPL=0 LDT
TR =0000 00000000 0000ffff 00008b00 DPL=0 TSS32-busy
GDT=     000010b0 00000020
IDT=     00107020 000007ff
CR0=00000011 CR2=00000000 CR3=00000000 CR4=00000000
DR0=00000000 DR1=00000000 DR2=00000000 DR3=00000000 
DR6=ffff0ff0 DR7=00000400
CCS=000000ff CCD=ffffff27 CCO=SBBB
EFER=0000000000000000
check_exception old: 0xffffffff new 0x6
    63: v=06 e=0000 i=0 cpl=0 IP=0010:0000001b pc=0000001b SP=0018:0010696c env->regs[R_EAX]=92f62107
EAX=92f62107 EBX=00010000 ECX=000003cd EDX=00000028
ESI=e987f000 EDI=00000000 EBP=00106ff8 ESP=0010696c
EIP=0000001b EFL=00000017 [----APC] CPL=0 II=0 A20=1 SMM=0 HLT=0
ES =0018 00000000 ffffffff 00cf9300 DPL=0 DS   [-WA]
CS =0010 00000000 ffffffff 00cf9a00 DPL=0 CS32 [-R-]
SS =0018 00000000 ffffffff 00cf9300 DPL=0 DS   [-WA]
DS =0018 00000000 ffffffff 00cf9300 DPL=0 DS   [-WA]
FS =0018 00000000 ffffffff 00cf9300 DPL=0 DS   [-WA]
GS =0018 00000000 ffffffff 00cf9300 DPL=0 DS   [-WA]
LDT=0000 00000000 0000ffff 00008200 DPL=0 LDT
TR =0000 00000000 0000ffff 00008b00 DPL=0 TSS32-busy
GDT=     000010b0 00000020
IDT=     00107020 000007ff
CR0=00000011 CR2=00000000 CR3=00000000 CR4=00000000
DR0=00000000 DR1=00000000 DR2=00000000 DR3=00000000 
DR6=ffff0ff0 DR7=00000400
CCS=000000ff CCD=ffffff28 CCO=SBBB
EFER=0000000000000000
check_exception old: 0xffffffff new 0x6
    64: v=06 e=0000 i=0 cpl=0 IP=0010:0000001b pc=0000001b SP=0018:00106948 env->regs[R_EAX]=75ba1107
EAX=75ba1107 EBX=00010000 ECX=000003cd EDX=00000029
ESI=e987f000 EDI=00000000 EBP=00106ff8 ESP=00106948
EIP=0000001b EFL=00000013 [----A-C] CPL=0 II=0 A20=1 SMM=0 HLT=0
ES =0018 00000000 ffffffff 00cf9300 DPL=0 DS   [-WA]
CS =0010 00000000 ffffffff 00cf9a00 DPL=0 CS32 [-R-]
SS =0018 00000000 ffffffff 00cf9300 DPL=0 DS   [-WA]
DS =0018 00000000 ffffffff 00cf9300 DPL=0 DS   [-WA]
FS =0018 00000000 ffffffff 00cf9300 DPL=0 DS   [-WA]
GS =0018 00000000 ffffffff 00cf9300 DPL=0 DS   [-WA]
LDT=0000 00000000 0000ffff 00008200 DPL=0 LDT
TR =0000 00000000 0000ffff 00008b00 DPL=0 TSS32-busy
GDT=     000010b0 00000020
IDT=     00107020 000007ff
CR0=00000011 CR2=00000000 CR3=00000000 CR4=00000000
DR0=00000000 DR1=00000000 DR2=00000000 DR3=00000000 
DR6=ffff0ff0 DR7=00000400
CCS=000000ff CCD=ffffff29 CCO=SBBB
EFER=0000000000000000
check_exception old: 0xffffffff new 0x6
    65: v=06 e=0000 i=0 cpl=0 IP=0010:0000001b pc=0000001b SP=0018:00106924 env->regs[R_EAX]=587e0107
EAX=587e0107 EBX=00010000 ECX=000003cd EDX=0000002a
ESI=e987f000 EDI=00000000 EBP=00106ff8 ESP=00106924
EIP=0000001b EFL=00000013 [----A-C] CPL=0 II=0 A20=1 SMM=0 HLT=0
ES =0018 00000000 ffffffff 00cf9300 DPL=0 DS   [-WA]
CS =0010 00000000 ffffffff 00cf9a00 DPL=0 CS32 [-R-]
SS =0018 00000000 ffffffff 00cf9300 DPL=0 DS   [-WA]
DS =0018 00000000 ffffffff 00cf9300 DPL=0 DS   [-WA]
FS =0018 00000000 ffffffff 00cf9300 DPL=0 DS   [-WA]
GS =0018 00000000 ffffffff 00cf9300 DPL=0 DS   [-WA]
LDT=0000 00000000 0000ffff 00008200 DPL=0 LDT
TR =0000 00000000 0000ffff 00008b00 DPL=0 TSS32-busy
GDT=     000010b0 00000020
IDT=     00107020 000007ff
CR0=00000011 CR2=00000000 CR3=00000000 CR4=00000000
DR0=00000000 DR1=00000000 DR2=00000000 DR3=00000000 
DR6=ffff0ff0 DR7=00000400
CCS=000000ff CCD=ffffff2a CCO=SBBB
EFER=0000000000000000
check_exception old: 0xffffffff new 0x6
    66: v=06 e=0000 i=0 cpl=0 IP=0010:0000001b pc=0000001b SP=0018:00106900 env->regs[R_EAX]=3b41f107
EAX=3b41f107 EBX=00010000 ECX=000003cd EDX=0000002b
ESI=e987f000 EDI=00000000 EBP=00106ff8 ESP=00106900
EIP=0000001b EFL=00000017 [----APC] CPL=0 II=0 A20=1 SMM=0 HLT=0
ES =0018 00000000 ffffffff 00cf9300 DPL=0 DS   [-WA]
CS =0010 00000000 ffffffff 00cf9a00 DPL=0 CS32 [-R-]
SS =0018 00000000 ffffffff 00cf9300 DPL=0 DS   [-WA]
DS =0018 00000000 ffffffff 00cf9300 DPL=0 DS   [-WA]
FS =0018 00000000 ffffffff 00cf9300 DPL=0 DS   [-WA]
GS =0018 00000000 ffffffff 00cf9300 DPL=0 DS   [-WA]
LDT=0000 00000000 0000ffff 00008200 DPL=0 LDT
TR =0000 00000000 0000ffff 00008b00 DPL=0 TSS32-busy
GDT=     000010b0 00000020
IDT=     00107020 000007ff
CR0=00000011 CR2=00000000 CR3=00000000 CR4=00000000
DR0=00000000 DR1=00000000 DR2=00000000 DR3=00000000 
DR6=ffff0ff0 DR7=00000400
CCS=000000ff CCD=ffffff2b CCO=SBBB
EFER=0000000000000000
check_exception old: 0xffffffff new 0x6
    67: v=06 e=0000 i=0 cpl=0 IP=0010:0000001b pc=0000001b SP=0018:001068dc env->regs[R_EAX]=1e05e107
EAX=1e05e107 EBX=00010000 ECX=000003cd EDX=0000002c
ESI=e987f000 EDI=00000000 EBP=00106ff8 ESP=001068dc
EIP=0000001b EFL=00000013 [----A-C] CPL=0 II=0 A20=1 SMM=0 HLT=0
ES =0018 00000000 ffffffff 00cf9300 DPL=0 DS   [-WA]
CS =0010 00000000 ffffffff 00cf9a00 DPL=0 CS32 [-R-]
SS =0018 00000000 ffffffff 00cf9300 DPL=0 DS   [-WA]
DS =0018 00000000 ffffffff 00cf9300 DPL=0 DS   [-WA]
FS =0018 00000000 ffffffff 00cf9300 DPL=0 DS   [-WA]
GS =0018 00000000 ffffffff 00cf9300 DPL=0 DS   [-WA]
LDT=0000 00000000 0000ffff 00008200 DPL=0 LDT
TR =0000 00000000 0000ffff 00008b00 DPL=0 TSS32-busy
GDT=     000010b0 00000020
IDT=     00107020 000007ff
CR0=00000011 CR2=00000000 CR3=00000000 CR4=00000000
DR0=00000000 DR1=00000000 DR2=00000000 DR3=00000000 
DR6=ffff0ff0 DR7=00000400
CCS=000000ff CCD=ffffff2c CCO=SBBB
EFER=0000000000000000
check_exception old: 0xffffffff new 0x6
    68: v=06 e=0000 i=0 cpl=0 IP=0010:0000001b pc=0000001b SP=0018:001068b8 env->regs[R_EAX]=00c9d107
EAX=00c9d107 EBX=00010000 ECX=000003cd EDX=0000002d
ESI=e987f000 EDI=00000000 EBP=00106ff8 ESP=001068b8
EIP=0000001b EFL=00000017 [----APC] CPL=0 II=0 A20=1 SMM=0 HLT=0
ES =0018 00000000 ffffffff 00cf9300 DPL=0 DS   [-WA]
CS =0010 00000000 ffffffff 00cf9a00 DPL=0 CS32 [-R-]
SS =0018 00000000 ffffffff 00cf9300 DPL=0 DS   [-WA]
DS =0018 00000000 ffffffff 00cf9300 DPL=0 DS   [-WA]
FS =0018 00000000 ffffffff 00cf9300 DPL=0 DS   [-WA]
GS =0018 00000000 ffffffff 00cf9300 DPL=0 DS   [-WA]
LDT=0000 00000000 0000ffff 00008200 DPL=0 LDT
TR =0000 00000000 0000ffff 00008b00 DPL=0 TSS32-busy
GDT=     000010b0 00000020
IDT=     00107020 000007ff
CR0=00000011 CR2=00000000 CR3=00000000 CR4=00000000
DR0=00000000 DR1=00000000 DR2=00000000 DR3=00000000 
DR6=ffff0ff0 DR7=00000400
CCS=000000ff CCD=ffffff2d CCO=SBBB
EFER=0000000000000000
check_exception old: 0xffffffff new 0x6
    69: v=06 e=0000 i=0 cpl=0 IP=0010:0000001b pc=0000001b SP=0018:00106894 env->regs[R_EAX]=e38dc107
EAX=e38dc107 EBX=00010000 ECX=000003cd EDX=0000002e
ESI=e987f000 EDI=00000000 EBP=00106ff8 ESP=00106894
EIP=0000001b EFL=00000017 [----APC] CPL=0 II=0 A20=1 SMM=0 HLT=0
ES =0018 00000000 ffffffff 00cf9300 DPL=0 DS   [-WA]
CS =0010 00000000 ffffffff 00cf9a00 DPL=0 CS32 [-R-]
SS =0018 00000000 ffffffff 00cf9300 DPL=0 DS   [-WA]
DS =0018 00000000 ffffffff 00cf9300 DPL=0 DS   [-WA]
FS =0018 00000000 ffffffff 00cf9300 DPL=0 DS   [-WA]
GS =0018 00000000 ffffffff 00cf9300 DPL=0 DS   [-WA]
LDT=0000 00000000 0000ffff 00008200 DPL=0 LDT
TR =0000 00000000 0000ffff 00008b00 DPL=0 TSS32-busy
GDT=     000010b0 00000020
IDT=     00107020 000007ff
CR0=00000011 CR2=00000000 CR3=00000000 CR4=00000000
DR0=00000000 DR1=00000000 DR2=00000000 DR3=00000000 
DR6=ffff0ff0 DR7=00000400
CCS=000000ff CCD=ffffff2e CCO=SBBB
EFER=0000000000000000
check_exception old: 0xffffffff new 0x6
    70: v=06 e=0000 i=0 cpl=0 IP=0010:0000001b pc=0000001b SP=0018:00106870 env->regs[R_EAX]=c651b107
EAX=c651b107 EBX=00010000 ECX=000003cd EDX=0000002f
ESI=e987f000 EDI=00000000 EBP=00106ff8 ESP=00106870
EIP=0000001b EFL=00000013 [----A-C] CPL=0 II=0 A20=1 SMM=0 HLT=0
ES =0018 00000000 ffffffff 00cf9300 DPL=0 DS   [-WA]
CS =0010 00000000 ffffffff 00cf9a00 DPL=0 CS32 [-R-]
SS =0018 00000000 ffffffff 00cf9300 DPL=0 DS   [-WA]
DS =0018 00000000 ffffffff 00cf9300 DPL=0 DS   [-WA]
FS =0018 00000000 ffffffff 00cf9300 DPL=0 DS   [-WA]
GS =0018 00000000 ffffffff 00cf9300 DPL=0 DS   [-WA]
LDT=0000 00000000 0000ffff 00008200 DPL=0 LDT
TR =0000 00000000 0000ffff 00008b00 DPL=0 TSS32-busy
GDT=     000010b0 00000020
IDT=     00107020 000007ff
CR0=00000011 CR2=00000000 CR3=00000000 CR4=00000000
DR0=00000000 DR1=00000000 DR2=00000000 DR3=00000000 
DR6=ffff0ff0 DR7=00000400
CCS=000000ff CCD=ffffff2f CCO=SBBB
EFER=0000000000000000
check_exception old: 0xffffffff new 0x6
    71: v=06 e=0000 i=0 cpl=0 IP=0010:0000001b pc=0000001b SP=0018:0010684c env->regs[R_EAX]=a915a107
EAX=a915a107 EBX=00010000 ECX=000003cd EDX=00000030
ESI=e987f000 EDI=00000000 EBP=00106ff8 ESP=0010684c
EIP=0000001b EFL=00000007 [-----PC] CPL=0 II=0 A20=1 SMM=0 HLT=0
ES =0018 00000000 ffffffff 00cf9300 DPL=0 DS   [-WA]
CS =0010 00000000 ffffffff 00cf9a00 DPL=0 CS32 [-R-]
SS =0018 00000000 ffffffff 00cf9300 DPL=0 DS   [-WA]
DS =0018 00000000 ffffffff 00cf9300 DPL=0 DS   [-WA]
FS =0018 00000000 ffffffff 00cf9300 DPL=0 DS   [-WA]
GS =0018 00000000 ffffffff 00cf9300 DPL=0 DS   [-WA]
LDT=0000 00000000 0000ffff 00008200 DPL=0 LDT
TR =0000 00000000 0000ffff 00008b00 DPL=0 TSS32-busy
GDT=     000010b0 00000020
IDT=     00107020 000007ff
CR0=00000011 CR2=00000000 CR3=00000000 CR4=00000000
DR0=00000000 DR1=00000000 DR2=00000000 DR3=00000000 
DR6=ffff0ff0 DR7=00000400
CCS=000000ff CCD=ffffff30 CCO=SBBB
EFER=0000000000000000
check_exception old: 0xffffffff new 0x6
    72: v=06 e=0000 i=0 cpl=0 IP=0010:0000001b pc=0000001b SP=0018:00106828 env->regs[R_EAX]=8bd99107
EAX=8bd99107 EBX=00010000 ECX=000003cd EDX=00000031
ESI=e987f000 EDI=00000000 EBP=00106ff8 ESP=00106828
EIP=0000001b EFL=00000013 [----A-C] CPL=0 II=0 A20=1 SMM=0 HLT=0
ES =0018 00000000 ffffffff 00cf9300 DPL=0 DS   [-WA]
CS =0010 00000000 ffffffff 00cf9a00 DPL=0 CS32 [-R-]
SS =0018 00000000 ffffffff 00cf9300 DPL=0 DS   [-WA]
DS =0018 00000000 ffffffff 00cf9300 DPL=0 DS   [-WA]
FS =0018 00000000 ffffffff 00cf9300 DPL=0 DS   [-WA]
GS =0018 00000000 ffffffff 00cf9300 DPL=0 DS   [-WA]
LDT=0000 00000000 0000ffff 00008200 DPL=0 LDT
TR =0000 00000000 0000ffff 00008b00 DPL=0 TSS32-busy
GDT=     000010b0 00000020
IDT=     00107020 000007ff
CR0=00000011 CR2=00000000 CR3=00000000 CR4=00000000
DR0=00000000 DR1=00000000 DR2=00000000 DR3=00000000 
DR6=ffff0ff0 DR7=00000400
CCS=000000ff CCD=ffffff31 CCO=SBBB
EFER=0000000000000000
check_exception old: 0xffffffff new 0x6
    73: v=06 e=0000 i=0 cpl=0 IP=0010:0000001b pc=0000001b SP=0018:00106804 env->regs[R_EAX]=6e9d8107
EAX=6e9d8107 EBX=00010000 ECX=000003cd EDX=00000032
ESI=e987f000 EDI=00000000 EBP=00106ff8 ESP=00106804
EIP=0000001b EFL=00000013 [----A-C] CPL=0 II=0 A20=1 SMM=0 HLT=0
ES =0018 00000000 ffffffff 00cf9300 DPL=0 DS   [-WA]
CS =0010 00000000 ffffffff 00cf9a00 DPL=0 CS32 [-R-]
SS =0018 00000000 ffffffff 00cf9300 DPL=0 DS   [-WA]
DS =0018 00000000 ffffffff 00cf9300 DPL=0 DS   [-WA]
FS =0018 00000000 ffffffff 00cf9300 DPL=0 DS   [-WA]
GS =0018 00000000 ffffffff 00cf9300 DPL=0 DS   [-WA]
LDT=0000 00000000 0000ffff 00008200 DPL=0 LDT
TR =0000 00000000 0000ffff 00008b00 DPL=0 TSS32-busy
GDT=     000010b0 00000020
IDT=     00107020 000007ff
CR0=00000011 CR2=00000000 CR3=00000000 CR4=00000000
DR0=00000000 DR1=00000000 DR2=00000000 DR3=00000000 
DR6=ffff0ff0 DR7=00000400
CCS=000000ff CCD=ffffff32 CCO=SBBB
EFER=0000000000000000
check_exception old: 0xffffffff new 0x6
    74: v=06 e=0000 i=0 cpl=0 IP=0010:0000001b pc=0000001b SP=0018:001067e0 env->regs[R_EAX]=51617107
EAX=51617107 EBX=00010000 ECX=000003cd EDX=00000033
ESI=e987f000 EDI=00000000 EBP=00106ff8 ESP=001067e0
EIP=0000001b EFL=00000017 [----APC] CPL=0 II=0 A20=1 SMM=0 HLT=0
ES =0018 00000000 ffffffff 00cf9300 DPL=0 DS   [-WA]
CS =0010 00000000 ffffffff 00cf9a00 DPL=0 CS32 [-R-]
SS =0018 00000000 ffffffff 00cf9300 DPL=0 DS   [-WA]
DS =0018 00000000 ffffffff 00cf9300 DPL=0 DS   [-WA]
FS =0018 00000000 ffffffff 00cf9300 DPL=0 DS   [-WA]
GS =0018 00000000 ffffffff 00cf9300 DPL=0 DS   [-WA]
LDT=0000 00000000 0000ffff 00008200 DPL=0 LDT
TR =0000 00000000 0000ffff 00008b00 DPL=0 TSS32-busy
GDT=     000010b0 00000020
IDT=     00107020 000007ff
CR0=00000011 CR2=00000000 CR3=00000000 CR4=00000000
DR0=00000000 DR1=00000000 DR2=00000000 DR3=00000000 
DR6=ffff0ff0 DR7=00000400
CCS=000000ff CCD=ffffff33 CCO=SBBB
EFER=0000000000000000
check_exception old: 0xffffffff new 0x6
    75: v=06 e=0000 i=0 cpl=0 IP=0010:0000001b pc=0000001b SP=0018:001067bc env->regs[R_EAX]=34256107
EAX=34256107 EBX=00010000 ECX=000003cd EDX=00000034
ESI=e987f000 EDI=00000000 EBP=00106ff8 ESP=001067bc
EIP=0000001b EFL=00000013 [----A-C] CPL=0 II=0 A20=1 SMM=0 HLT=0
ES =0018 00000000 ffffffff 00cf9300 DPL=0 DS   [-WA]
CS =0010 00000000 ffffffff 00cf9a00 DPL=0 CS32 [-R-]
SS =0018 00000000 ffffffff 00cf9300 DPL=0 DS   [-WA]
DS =0018 00000000 ffffffff 00cf9300 DPL=0 DS   [-WA]
FS =0018 00000000 ffffffff 00cf9300 DPL=0 DS   [-WA]
GS =0018 00000000 ffffffff 00cf9300 DPL=0 DS   [-WA]
LDT=0000 00000000 0000ffff 00008200 DPL=0 LDT
TR =0000 00000000 0000ffff 00008b00 DPL=0 TSS32-busy
GDT=     000010b0 00000020
IDT=     00107020 000007ff
CR0=00000011 CR2=00000000 CR3=00000000 CR4=00000000
DR0=00000000 DR1=00000000 DR2=00000000 DR3=00000000 
DR6=ffff0ff0 DR7=00000400
CCS=000000ff CCD=ffffff34 CCO=SBBB
EFER=0000000000000000
check_exception old: 0xffffffff new 0x6
    76: v=06 e=0000 i=0 cpl=0 IP=0010:0000001b pc=0000001b SP=0018:00106798 env->regs[R_EAX]=16e95107
EAX=16e95107 EBX=00010000 ECX=000003cd EDX=00000035
ESI=e987f000 EDI=00000000 EBP=00106ff8 ESP=00106798
EIP=0000001b EFL=00000017 [----APC] CPL=0 II=0 A20=1 SMM=0 HLT=0
ES =0018 00000000 ffffffff 00cf9300 DPL=0 DS   [-WA]
CS =0010 00000000 ffffffff 00cf9a00 DPL=0 CS32 [-R-]
SS =0018 00000000 ffffffff 00cf9300 DPL=0 DS   [-WA]
DS =0018 00000000 ffffffff 00cf9300 DPL=0 DS   [-WA]
FS =0018 00000000 ffffffff 00cf9300 DPL=0 DS   [-WA]
GS =0018 00000000 ffffffff 00cf9300 DPL=0 DS   [-WA]
LDT=0000 00000000 0000ffff 00008200 DPL=0 LDT
TR =0000 00000000 0000ffff 00008b00 DPL=0 TSS32-busy
GDT=     000010b0 00000020
IDT=     00107020 000007ff
CR0=00000011 CR2=00000000 CR3=00000000 CR4=00000000
DR0=00000000 DR1=00000000 DR2=00000000 DR3=00000000 
DR6=ffff0ff0 DR7=00000400
CCS=000000ff CCD=ffffff35 CCO=SBBB
EFER=0000000000000000
check_exception old: 0xffffffff new 0x6
    77: v=06 e=0000 i=0 cpl=0 IP=0010:0000001b pc=0000001b SP=0018:00106774 env->regs[R_EAX]=f9ad4107
EAX=f9ad4107 EBX=00010000 ECX=000003cd EDX=00000036
ESI=e987f000 EDI=00000000 EBP=00106ff8 ESP=00106774
EIP=0000001b EFL=00000017 [----APC] CPL=0 II=0 A20=1 SMM=0 HLT=0
ES =0018 00000000 ffffffff 00cf9300 DPL=0 DS   [-WA]
CS =0010 00000000 ffffffff 00cf9a00 DPL=0 CS32 [-R-]
SS =0018 00000000 ffffffff 00cf9300 DPL=0 DS   [-WA]
DS =0018 00000000 ffffffff 00cf9300 DPL=0 DS   [-WA]
FS =0018 00000000 ffffffff 00cf9300 DPL=0 DS   [-WA]
GS =0018 00000000 ffffffff 00cf9300 DPL=0 DS   [-WA]
LDT=0000 00000000 0000ffff 00008200 DPL=0 LDT
TR =0000 00000000 0000ffff 00008b00 DPL=0 TSS32-busy
GDT=     000010b0 00000020
IDT=     00107020 000007ff
CR0=00000011 CR2=00000000 CR3=00000000 CR4=00000000
DR0=00000000 DR1=00000000 DR2=00000000 DR3=00000000 
DR6=ffff0ff0 DR7=00000400
CCS=000000ff CCD=ffffff36 CCO=SBBB
EFER=0000000000000000
check_exception old: 0xffffffff new 0x6
    78: v=06 e=0000 i=0 cpl=0 IP=0010:0000001b pc=0000001b SP=0018:00106750 env->regs[R_EAX]=dc713107
EAX=dc713107 EBX=00010000 ECX=000003cd EDX=00000037
ESI=e987f000 EDI=00000000 EBP=00106ff8 ESP=00106750
EIP=0000001b EFL=00000013 [----A-C] CPL=0 II=0 A20=1 SMM=0 HLT=0
ES =0018 00000000 ffffffff 00cf9300 DPL=0 DS   [-WA]
CS =0010 00000000 ffffffff 00cf9a00 DPL=0 CS32 [-R-]
SS =0018 00000000 ffffffff 00cf9300 DPL=0 DS   [-WA]
DS =0018 00000000 ffffffff 00cf9300 DPL=0 DS   [-WA]
FS =0018 00000000 ffffffff 00cf9300 DPL=0 DS   [-WA]
GS =0018 00000000 ffffffff 00cf9300 DPL=0 DS   [-WA]
LDT=0000 00000000 0000ffff 00008200 DPL=0 LDT
TR =0000 00000000 0000ffff 00008b00 DPL=0 TSS32-busy
GDT=     000010b0 00000020
IDT=     00107020 000007ff
CR0=00000011 CR2=00000000 CR3=00000000 CR4=00000000
DR0=00000000 DR1=00000000 DR2=00000000 DR3=00000000 
DR6=ffff0ff0 DR7=00000400
CCS=000000ff CCD=ffffff37 CCO=SBBB
EFER=0000000000000000
check_exception old: 0xffffffff new 0x6
    79: v=06 e=0000 i=0 cpl=0 IP=0010:0000001b pc=0000001b SP=0018:0010672c env->regs[R_EAX]=bf352107
EAX=bf352107 EBX=00010000 ECX=000003cd EDX=00000038
ESI=e987f000 EDI=00000000 EBP=00106ff8 ESP=0010672c
EIP=0000001b EFL=00000013 [----A-C] CPL=0 II=0 A20=1 SMM=0 HLT=0
ES =0018 00000000 ffffffff 00cf9300 DPL=0 DS   [-WA]
CS =0010 00000000 ffffffff 00cf9a00 DPL=0 CS32 [-R-]
SS =0018 00000000 ffffffff 00cf9300 DPL=0 DS   [-WA]
DS =0018 00000000 ffffffff 00cf9300 DPL=0 DS   [-WA]
FS =0018 00000000 ffffffff 00cf9300 DPL=0 DS   [-WA]
GS =0018 00000000 ffffffff 00cf9300 DPL=0 DS   [-WA]
LDT=0000 00000000 0000ffff 00008200 DPL=0 LDT
TR =0000 00000000 0000ffff 00008b00 DPL=0 TSS32-busy
GDT=     000010b0 00000020
IDT=     00107020 000007ff
CR0=00000011 CR2=00000000 CR3=00000000 CR4=00000000
DR0=00000000 DR1=00000000 DR2=00000000 DR3=00000000 
DR6=ffff0ff0 DR7=00000400
CCS=000000ff CCD=ffffff38 CCO=SBBB
EFER=0000000000000000
check_exception old: 0xffffffff new 0x6
    80: v=06 e=0000 i=0 cpl=0 IP=0010:0000001b pc=0000001b SP=0018:00106708 env->regs[R_EAX]=a1f91107
EAX=a1f91107 EBX=00010000 ECX=000003cd EDX=00000039
ESI=e987f000 EDI=00000000 EBP=00106ff8 ESP=00106708
EIP=0000001b EFL=00000017 [----APC] CPL=0 II=0 A20=1 SMM=0 HLT=0
ES =0018 00000000 ffffffff 00cf9300 DPL=0 DS   [-WA]
CS =0010 00000000 ffffffff 00cf9a00 DPL=0 CS32 [-R-]
SS =0018 00000000 ffffffff 00cf9300 DPL=0 DS   [-WA]
DS =0018 00000000 ffffffff 00cf9300 DPL=0 DS   [-WA]
FS =0018 00000000 ffffffff 00cf9300 DPL=0 DS   [-WA]
GS =0018 00000000 ffffffff 00cf9300 DPL=0 DS   [-WA]
LDT=0000 00000000 0000ffff 00008200 DPL=0 LDT
TR =0000 00000000 0000ffff 00008b00 DPL=0 TSS32-busy
GDT=     000010b0 00000020
IDT=     00107020 000007ff
CR0=00000011 CR2=00000000 CR3=00000000 CR4=00000000
DR0=00000000 DR1=00000000 DR2=00000000 DR3=00000000 
DR6=ffff0ff0 DR7=00000400
CCS=000000ff CCD=ffffff39 CCO=SBBB
EFER=0000000000000000
check_exception old: 0xffffffff new 0x6
    81: v=06 e=0000 i=0 cpl=0 IP=0010:0000001b pc=0000001b SP=0018:001066e4 env->regs[R_EAX]=84bd0107
EAX=84bd0107 EBX=00010000 ECX=000003cd EDX=0000003a
ESI=e987f000 EDI=00000000 EBP=00106ff8 ESP=001066e4
EIP=0000001b EFL=00000017 [----APC] CPL=0 II=0 A20=1 SMM=0 HLT=0
ES =0018 00000000 ffffffff 00cf9300 DPL=0 DS   [-WA]
CS =0010 00000000 ffffffff 00cf9a00 DPL=0 CS32 [-R-]
SS =0018 00000000 ffffffff 00cf9300 DPL=0 DS   [-WA]
DS =0018 00000000 ffffffff 00cf9300 DPL=0 DS   [-WA]
FS =0018 00000000 ffffffff 00cf9300 DPL=0 DS   [-WA]
GS =0018 00000000 ffffffff 00cf9300 DPL=0 DS   [-WA]
LDT=0000 00000000 0000ffff 00008200 DPL=0 LDT
TR =0000 00000000 0000ffff 00008b00 DPL=0 TSS32-busy
GDT=     000010b0 00000020
IDT=     00107020 000007ff
CR0=00000011 CR2=00000000 CR3=00000000 CR4=00000000
DR0=00000000 DR1=00000000 DR2=00000000 DR3=00000000 
DR6=ffff0ff0 DR7=00000400
CCS=000000ff CCD=ffffff3a CCO=SBBB
EFER=0000000000000000
check_exception old: 0xffffffff new 0x6
    82: v=06 e=0000 i=0 cpl=0 IP=0010:0000001b pc=0000001b SP=0018:001066c0 env->regs[R_EAX]=6780f107
EAX=6780f107 EBX=00010000 ECX=000003cd EDX=0000003b
ESI=e987f000 EDI=00000000 EBP=00106ff8 ESP=001066c0
EIP=0000001b EFL=00000013 [----A-C] CPL=0 II=0 A20=1 SMM=0 HLT=0
ES =0018 00000000 ffffffff 00cf9300 DPL=0 DS   [-WA]
CS =0010 00000000 ffffffff 00cf9a00 DPL=0 CS32 [-R-]
SS =0018 00000000 ffffffff 00cf9300 DPL=0 DS   [-WA]
DS =0018 00000000 ffffffff 00cf9300 DPL=0 DS   [-WA]
FS =0018 00000000 ffffffff 00cf9300 DPL=0 DS   [-WA]
GS =0018 00000000 ffffffff 00cf9300 DPL=0 DS   [-WA]
LDT=0000 00000000 0000ffff 00008200 DPL=0 LDT
TR =0000 00000000 0000ffff 00008b00 DPL=0 TSS32-busy
GDT=     000010b0 00000020
IDT=     00107020 000007ff
CR0=00000011 CR2=00000000 CR3=00000000 CR4=00000000
DR0=00000000 DR1=00000000 DR2=00000000 DR3=00000000 
DR6=ffff0ff0 DR7=00000400
CCS=000000ff CCD=ffffff3b CCO=SBBB
EFER=0000000000000000
check_exception old: 0xffffffff new 0x6
    83: v=06 e=0000 i=0 cpl=0 IP=0010:0000001b pc=0000001b SP=0018:0010669c env->regs[R_EAX]=4a44e107
EAX=4a44e107 EBX=00010000 ECX=000003cd EDX=0000003c
ESI=e987f000 EDI=00000000 EBP=00106ff8 ESP=0010669c
EIP=0000001b EFL=00000017 [----APC] CPL=0 II=0 A20=1 SMM=0 HLT=0
ES =0018 00000000 ffffffff 00cf9300 DPL=0 DS   [-WA]
CS =0010 00000000 ffffffff 00cf9a00 DPL=0 CS32 [-R-]
SS =0018 00000000 ffffffff 00cf9300 DPL=0 DS   [-WA]
DS =0018 00000000 ffffffff 00cf9300 DPL=0 DS   [-WA]
FS =0018 00000000 ffffffff 00cf9300 DPL=0 DS   [-WA]
GS =0018 00000000 ffffffff 00cf9300 DPL=0 DS   [-WA]
LDT=0000 00000000 0000ffff 00008200 DPL=0 LDT
TR =0000 00000000 0000ffff 00008b00 DPL=0 TSS32-busy
GDT=     000010b0 00000020
IDT=     00107020 000007ff
CR0=00000011 CR2=00000000 CR3=00000000 CR4=00000000
DR0=00000000 DR1=00000000 DR2=00000000 DR3=00000000 
DR6=ffff0ff0 DR7=00000400
CCS=000000ff CCD=ffffff3c CCO=SBBB
EFER=0000000000000000
check_exception old: 0xffffffff new 0x6
    84: v=06 e=0000 i=0 cpl=0 IP=0010:0000001b pc=0000001b SP=0018:00106678 env->regs[R_EAX]=2d08d107
EAX=2d08d107 EBX=00010000 ECX=000003cd EDX=0000003d
ESI=e987f000 EDI=00000000 EBP=00106ff8 ESP=00106678
EIP=0000001b EFL=00000013 [----A-C] CPL=0 II=0 A20=1 SMM=0 HLT=0
ES =0018 00000000 ffffffff 00cf9300 DPL=0 DS   [-WA]
CS =0010 00000000 ffffffff 00cf9a00 DPL=0 CS32 [-R-]
SS =0018 00000000 ffffffff 00cf9300 DPL=0 DS   [-WA]
DS =0018 00000000 ffffffff 00cf9300 DPL=0 DS   [-WA]
FS =0018 00000000 ffffffff 00cf9300 DPL=0 DS   [-WA]
GS =0018 00000000 ffffffff 00cf9300 DPL=0 DS   [-WA]
LDT=0000 00000000 0000ffff 00008200 DPL=0 LDT
TR =0000 00000000 0000ffff 00008b00 DPL=0 TSS32-busy
GDT=     000010b0 00000020
IDT=     00107020 000007ff
CR0=00000011 CR2=00000000 CR3=00000000 CR4=00000000
DR0=00000000 DR1=00000000 DR2=00000000 DR3=00000000 
DR6=ffff0ff0 DR7=00000400
CCS=000000ff CCD=ffffff3d CCO=SBBB
EFER=0000000000000000
check_exception old: 0xffffffff new 0x6
    85: v=06 e=0000 i=0 cpl=0 IP=0010:0000001b pc=0000001b SP=0018:00106654 env->regs[R_EAX]=0fccc107
EAX=0fccc107 EBX=00010000 ECX=000003cd EDX=0000003e
ESI=e987f000 EDI=00000000 EBP=00106ff8 ESP=00106654
EIP=0000001b EFL=00000013 [----A-C] CPL=0 II=0 A20=1 SMM=0 HLT=0
ES =0018 00000000 ffffffff 00cf9300 DPL=0 DS   [-WA]
CS =0010 00000000 ffffffff 00cf9a00 DPL=0 CS32 [-R-]
SS =0018 00000000 ffffffff 00cf9300 DPL=0 DS   [-WA]
DS =0018 00000000 ffffffff 00cf9300 DPL=0 DS   [-WA]
FS =0018 00000000 ffffffff 00cf9300 DPL=0 DS   [-WA]
GS =0018 00000000 ffffffff 00cf9300 DPL=0 DS   [-WA]
LDT=0000 00000000 0000ffff 00008200 DPL=0 LDT
TR =0000 00000000 0000ffff 00008b00 DPL=0 TSS32-busy
GDT=     000010b0 00000020
IDT=     00107020 000007ff
CR0=00000011 CR2=00000000 CR3=00000000 CR4=00000000
DR0=00000000 DR1=00000000 DR2=00000000 DR3=00000000 
DR6=ffff0ff0 DR7=00000400
CCS=000000ff CCD=ffffff3e CCO=SBBB
EFER=0000000000000000
check_exception old: 0xffffffff new 0x6
    86: v=06 e=0000 i=0 cpl=0 IP=0010:0000001b pc=0000001b SP=0018:00106630 env->regs[R_EAX]=f290b107
EAX=f290b107 EBX=00010000 ECX=000003cd EDX=0000003f
ESI=e987f000 EDI=00000000 EBP=00106ff8 ESP=00106630
EIP=0000001b EFL=00000017 [----APC] CPL=0 II=0 A20=1 SMM=0 HLT=0
ES =0018 00000000 ffffffff 00cf9300 DPL=0 DS   [-WA]
CS =0010 00000000 ffffffff 00cf9a00 DPL=0 CS32 [-R-]
SS =0018 00000000 ffffffff 00cf9300 DPL=0 DS   [-WA]
DS =0018 00000000 ffffffff 00cf9300 DPL=0 DS   [-WA]
FS =0018 00000000 ffffffff 00cf9300 DPL=0 DS   [-WA]
GS =0018 00000000 ffffffff 00cf9300 DPL=0 DS   [-WA]
LDT=0000 00000000 0000ffff 00008200 DPL=0 LDT
TR =0000 00000000 0000ffff 00008b00 DPL=0 TSS32-busy
GDT=     000010b0 00000020
IDT=     00107020 000007ff
CR0=00000011 CR2=00000000 CR3=00000000 CR4=00000000
DR0=00000000 DR1=00000000 DR2=00000000 DR3=00000000 
DR6=ffff0ff0 DR7=00000400
CCS=000000ff CCD=ffffff3f CCO=SBBB
EFER=0000000000000000
check_exception old: 0xffffffff new 0x6
    87: v=06 e=0000 i=0 cpl=0 IP=0010:0000001b pc=0000001b SP=0018:0010660c env->regs[R_EAX]=d554a107
EAX=d554a107 EBX=00010000 ECX=000003cd EDX=00000040
ESI=e987f000 EDI=00000000 EBP=00106ff8 ESP=0010660c
EIP=0000001b EFL=00000003 [------C] CPL=0 II=0 A20=1 SMM=0 HLT=0
ES =0018 00000000 ffffffff 00cf9300 DPL=0 DS   [-WA]
CS =0010 00000000 ffffffff 00cf9a00 DPL=0 CS32 [-R-]
SS =0018 00000000 ffffffff 00cf9300 DPL=0 DS   [-WA]
DS =0018 00000000 ffffffff 00cf9300 DPL=0 DS   [-WA]
FS =0018 00000000 ffffffff 00cf9300 DPL=0 DS   [-WA]
GS =0018 00000000 ffffffff 00cf9300 DPL=0 DS   [-WA]
LDT=0000 00000000 0000ffff 00008200 DPL=0 LDT
TR =0000 00000000 0000ffff 00008b00 DPL=0 TSS32-busy
GDT=     000010b0 00000020
IDT=     00107020 000007ff
CR0=00000011 CR2=00000000 CR3=00000000 CR4=00000000
DR0=00000000 DR1=00000000 DR2=00000000 DR3=00000000 
DR6=ffff0ff0 DR7=00000400
CCS=000000ff CCD=ffffff40 CCO=SBBB
EFER=0000000000000000
check_exception old: 0xffffffff new 0x6
    88: v=06 e=0000 i=0 cpl=0 IP=0010:0000001b pc=0000001b SP=0018:001065e8 env->regs[R_EAX]=b8189107
EAX=b8189107 EBX=00010000 ECX=000003cd EDX=00000041
ESI=e987f000 EDI=00000000 EBP=00106ff8 ESP=001065e8
EIP=0000001b EFL=00000017 [----APC] CPL=0 II=0 A20=1 SMM=0 HLT=0
ES =0018 00000000 ffffffff 00cf9300 DPL=0 DS   [-WA]
CS =0010 00000000 ffffffff 00cf9a00 DPL=0 CS32 [-R-]
SS =0018 00000000 ffffffff 00cf9300 DPL=0 DS   [-WA]
DS =0018 00000000 ffffffff 00cf9300 DPL=0 DS   [-WA]
FS =0018 00000000 ffffffff 00cf9300 DPL=0 DS   [-WA]
GS =0018 00000000 ffffffff 00cf9300 DPL=0 DS   [-WA]
LDT=0000 00000000 0000ffff 00008200 DPL=0 LDT
TR =0000 00000000 0000ffff 00008b00 DPL=0 TSS32-busy
GDT=     000010b0 00000020
IDT=     00107020 000007ff
CR0=00000011 CR2=00000000 CR3=00000000 CR4=00000000
DR0=00000000 DR1=00000000 DR2=00000000 DR3=00000000 
DR6=ffff0ff0 DR7=00000400
CCS=000000ff CCD=ffffff41 CCO=SBBB
EFER=0000000000000000
check_exception old: 0xffffffff new 0x6
    89: v=06 e=0000 i=0 cpl=0 IP=0010:0000001b pc=0000001b SP=0018:001065c4 env->regs[R_EAX]=9adc8107
EAX=9adc8107 EBX=00010000 ECX=000003cd EDX=00000042
ESI=e987f000 EDI=00000000 EBP=00106ff8 ESP=001065c4
EIP=0000001b EFL=00000017 [----APC] CPL=0 II=0 A20=1 SMM=0 HLT=0
ES =0018 00000000 ffffffff 00cf9300 DPL=0 DS   [-WA]
CS =0010 00000000 ffffffff 00cf9a00 DPL=0 CS32 [-R-]
SS =0018 00000000 ffffffff 00cf9300 DPL=0 DS   [-WA]
DS =0018 00000000 ffffffff 00cf9300 DPL=0 DS   [-WA]
FS =0018 00000000 ffffffff 00cf9300 DPL=0 DS   [-WA]
GS =0018 00000000 ffffffff 00cf9300 DPL=0 DS   [-WA]
LDT=0000 00000000 0000ffff 00008200 DPL=0 LDT
TR =0000 00000000 0000ffff 00008b00 DPL=0 TSS32-busy
GDT=     000010b0 00000020
IDT=     00107020 000007ff
CR0=00000011 CR2=00000000 CR3=00000000 CR4=00000000
DR0=00000000 DR1=00000000 DR2=00000000 DR3=00000000 
DR6=ffff0ff0 DR7=00000400
CCS=000000ff CCD=ffffff42 CCO=SBBB
EFER=0000000000000000
check_exception old: 0xffffffff new 0x6
    90: v=06 e=0000 i=0 cpl=0 IP=0010:0000001b pc=0000001b SP=0018:001065a0 env->regs[R_EAX]=7da07107
EAX=7da07107 EBX=00010000 ECX=000003cd EDX=00000043
ESI=e987f000 EDI=00000000 EBP=00106ff8 ESP=001065a0
EIP=0000001b EFL=00000013 [----A-C] CPL=0 II=0 A20=1 SMM=0 HLT=0
ES =0018 00000000 ffffffff 00cf9300 DPL=0 DS   [-WA]
CS =0010 00000000 ffffffff 00cf9a00 DPL=0 CS32 [-R-]
SS =0018 00000000 ffffffff 00cf9300 DPL=0 DS   [-WA]
DS =0018 00000000 ffffffff 00cf9300 DPL=0 DS   [-WA]
FS =0018 00000000 ffffffff 00cf9300 DPL=0 DS   [-WA]
GS =0018 00000000 ffffffff 00cf9300 DPL=0 DS   [-WA]
LDT=0000 00000000 0000ffff 00008200 DPL=0 LDT
TR =0000 00000000 0000ffff 00008b00 DPL=0 TSS32-busy
GDT=     000010b0 00000020
IDT=     00107020 000007ff
CR0=00000011 CR2=00000000 CR3=00000000 CR4=00000000
DR0=00000000 DR1=00000000 DR2=00000000 DR3=00000000 
DR6=ffff0ff0 DR7=00000400
CCS=000000ff CCD=ffffff43 CCO=SBBB
EFER=0000000000000000
check_exception old: 0xffffffff new 0x6
    91: v=06 e=0000 i=0 cpl=0 IP=0010:0000001b pc=0000001b SP=0018:0010657c env->regs[R_EAX]=60646107
EAX=60646107 EBX=00010000 ECX=000003cd EDX=00000044
ESI=e987f000 EDI=00000000 EBP=00106ff8 ESP=0010657c
EIP=0000001b EFL=00000017 [----APC] CPL=0 II=0 A20=1 SMM=0 HLT=0
ES =0018 00000000 ffffffff 00cf9300 DPL=0 DS   [-WA]
CS =0010 00000000 ffffffff 00cf9a00 DPL=0 CS32 [-R-]
SS =0018 00000000 ffffffff 00cf9300 DPL=0 DS   [-WA]
DS =0018 00000000 ffffffff 00cf9300 DPL=0 DS   [-WA]
FS =0018 00000000 ffffffff 00cf9300 DPL=0 DS   [-WA]
GS =0018 00000000 ffffffff 00cf9300 DPL=0 DS   [-WA]
LDT=0000 00000000 0000ffff 00008200 DPL=0 LDT
TR =0000 00000000 0000ffff 00008b00 DPL=0 TSS32-busy
GDT=     000010b0 00000020
IDT=     00107020 000007ff
CR0=00000011 CR2=00000000 CR3=00000000 CR4=00000000
DR0=00000000 DR1=00000000 DR2=00000000 DR3=00000000 
DR6=ffff0ff0 DR7=00000400
CCS=000000ff CCD=ffffff44 CCO=SBBB
EFER=0000000000000000
check_exception old: 0xffffffff new 0x6
    92: v=06 e=0000 i=0 cpl=0 IP=0010:0000001b pc=0000001b SP=0018:00106558 env->regs[R_EAX]=43285107
EAX=43285107 EBX=00010000 ECX=000003cd EDX=00000045
ESI=e987f000 EDI=00000000 EBP=00106ff8 ESP=00106558
EIP=0000001b EFL=00000013 [----A-C] CPL=0 II=0 A20=1 SMM=0 HLT=0
ES =0018 00000000 ffffffff 00cf9300 DPL=0 DS   [-WA]
CS =0010 00000000 ffffffff 00cf9a00 DPL=0 CS32 [-R-]
SS =0018 00000000 ffffffff 00cf9300 DPL=0 DS   [-WA]
DS =0018 00000000 ffffffff 00cf9300 DPL=0 DS   [-WA]
FS =0018 00000000 ffffffff 00cf9300 DPL=0 DS   [-WA]
GS =0018 00000000 ffffffff 00cf9300 DPL=0 DS   [-WA]
LDT=0000 00000000 0000ffff 00008200 DPL=0 LDT
TR =0000 00000000 0000ffff 00008b00 DPL=0 TSS32-busy
GDT=     000010b0 00000020
IDT=     00107020 000007ff
CR0=00000011 CR2=00000000 CR3=00000000 CR4=00000000
DR0=00000000 DR1=00000000 DR2=00000000 DR3=00000000 
DR6=ffff0ff0 DR7=00000400
CCS=000000ff CCD=ffffff45 CCO=SBBB
EFER=0000000000000000
check_exception old: 0xffffffff new 0x6
    93: v=06 e=0000 i=0 cpl=0 IP=0010:0000001b pc=0000001b SP=0018:00106534 env->regs[R_EAX]=25ec4107
EAX=25ec4107 EBX=00010000 ECX=000003cd EDX=00000046
ESI=e987f000 EDI=00000000 EBP=00106ff8 ESP=00106534
EIP=0000001b EFL=00000013 [----A-C] CPL=0 II=0 A20=1 SMM=0 HLT=0
ES =0018 00000000 ffffffff 00cf9300 DPL=0 DS   [-WA]
CS =0010 00000000 ffffffff 00cf9a00 DPL=0 CS32 [-R-]
SS =0018 00000000 ffffffff 00cf9300 DPL=0 DS   [-WA]
DS =0018 00000000 ffffffff 00cf9300 DPL=0 DS   [-WA]
FS =0018 00000000 ffffffff 00cf9300 DPL=0 DS   [-WA]
GS =0018 00000000 ffffffff 00cf9300 DPL=0 DS   [-WA]
LDT=0000 00000000 0000ffff 00008200 DPL=0 LDT
TR =0000 00000000 0000ffff 00008b00 DPL=0 TSS32-busy
GDT=     000010b0 00000020
IDT=     00107020 000007ff
CR0=00000011 CR2=00000000 CR3=00000000 CR4=00000000
DR0=00000000 DR1=00000000 DR2=00000000 DR3=00000000 
DR6=ffff0ff0 DR7=00000400
CCS=000000ff CCD=ffffff46 CCO=SBBB
EFER=0000000000000000
check_exception old: 0xffffffff new 0x6
    94: v=06 e=0000 i=0 cpl=0 IP=0010:0000001b pc=0000001b SP=0018:00106510 env->regs[R_EAX]=08b03107
EAX=08b03107 EBX=00010000 ECX=000003cd EDX=00000047
ESI=e987f000 EDI=00000000 EBP=00106ff8 ESP=00106510
EIP=0000001b EFL=00000017 [----APC] CPL=0 II=0 A20=1 SMM=0 HLT=0
ES =0018 00000000 ffffffff 00cf9300 DPL=0 DS   [-WA]
CS =0010 00000000 ffffffff 00cf9a00 DPL=0 CS32 [-R-]
SS =0018 00000000 ffffffff 00cf9300 DPL=0 DS   [-WA]
DS =0018 00000000 ffffffff 00cf9300 DPL=0 DS   [-WA]
FS =0018 00000000 ffffffff 00cf9300 DPL=0 DS   [-WA]
GS =0018 00000000 ffffffff 00cf9300 DPL=0 DS   [-WA]
LDT=0000 00000000 0000ffff 00008200 DPL=0 LDT
TR =0000 00000000 0000ffff 00008b00 DPL=0 TSS32-busy
GDT=     000010b0 00000020
IDT=     00107020 000007ff
CR0=00000011 CR2=00000000 CR3=00000000 CR4=00000000
DR0=00000000 DR1=00000000 DR2=00000000 DR3=00000000 
DR6=ffff0ff0 DR7=00000400
CCS=000000ff CCD=ffffff47 CCO=SBBB
EFER=0000000000000000
check_exception old: 0xffffffff new 0x6
    95: v=06 e=0000 i=0 cpl=0 IP=0010:0000001b pc=0000001b SP=0018:001064ec env->regs[R_EAX]=eb742107
EAX=eb742107 EBX=00010000 ECX=000003cd EDX=00000048
ESI=e987f000 EDI=00000000 EBP=00106ff8 ESP=001064ec
EIP=0000001b EFL=00000017 [----APC] CPL=0 II=0 A20=1 SMM=0 HLT=0
ES =0018 00000000 ffffffff 00cf9300 DPL=0 DS   [-WA]
CS =0010 00000000 ffffffff 00cf9a00 DPL=0 CS32 [-R-]
SS =0018 00000000 ffffffff 00cf9300 DPL=0 DS   [-WA]
DS =0018 00000000 ffffffff 00cf9300 DPL=0 DS   [-WA]
FS =0018 00000000 ffffffff 00cf9300 DPL=0 DS   [-WA]
GS =0018 00000000 ffffffff 00cf9300 DPL=0 DS   [-WA]
LDT=0000 00000000 0000ffff 00008200 DPL=0 LDT
TR =0000 00000000 0000ffff 00008b00 DPL=0 TSS32-busy
GDT=     000010b0 00000020
IDT=     00107020 000007ff
CR0=00000011 CR2=00000000 CR3=00000000 CR4=00000000
DR0=00000000 DR1=00000000 DR2=00000000 DR3=00000000 
DR6=ffff0ff0 DR7=00000400
CCS=000000ff CCD=ffffff48 CCO=SBBB
EFER=0000000000000000
check_exception old: 0xffffffff new 0x6
    96: v=06 e=0000 i=0 cpl=0 IP=0010:0000001b pc=0000001b SP=0018:001064c8 env->regs[R_EAX]=ce381107
EAX=ce381107 EBX=00010000 ECX=000003cd EDX=00000049
ESI=e987f000 EDI=00000000 EBP=00106ff8 ESP=001064c8
EIP=0000001b EFL=00000013 [----A-C] CPL=0 II=0 A20=1 SMM=0 HLT=0
ES =0018 00000000 ffffffff 00cf9300 DPL=0 DS   [-WA]
CS =0010 00000000 ffffffff 00cf9a00 DPL=0 CS32 [-R-]
SS =0018 00000000 ffffffff 00cf9300 DPL=0 DS   [-WA]
DS =0018 00000000 ffffffff 00cf9300 DPL=0 DS   [-WA]
FS =0018 00000000 ffffffff 00cf9300 DPL=0 DS   [-WA]
GS =0018 00000000 ffffffff 00cf9300 DPL=0 DS   [-WA]
LDT=0000 00000000 0000ffff 00008200 DPL=0 LDT
TR =0000 00000000 0000ffff 00008b00 DPL=0 TSS32-busy
GDT=     000010b0 00000020
IDT=     00107020 000007ff
CR0=00000011 CR2=00000000 CR3=00000000 CR4=00000000
DR0=00000000 DR1=00000000 DR2=00000000 DR3=00000000 
DR6=ffff0ff0 DR7=00000400
CCS=000000ff CCD=ffffff49 CCO=SBBB
EFER=0000000000000000
check_exception old: 0xffffffff new 0x6
    97: v=06 e=0000 i=0 cpl=0 IP=0010:0000001b pc=0000001b SP=0018:001064a4 env->regs[R_EAX]=b0fc0107
EAX=b0fc0107 EBX=00010000 ECX=000003cd EDX=0000004a
ESI=e987f000 EDI=00000000 EBP=00106ff8 ESP=001064a4
EIP=0000001b EFL=00000013 [----A-C] CPL=0 II=0 A20=1 SMM=0 HLT=0
ES =0018 00000000 ffffffff 00cf9300 DPL=0 DS   [-WA]
CS =0010 00000000 ffffffff 00cf9a00 DPL=0 CS32 [-R-]
SS =0018 00000000 ffffffff 00cf9300 DPL=0 DS   [-WA]
DS =0018 00000000 ffffffff 00cf9300 DPL=0 DS   [-WA]
FS =0018 00000000 ffffffff 00cf9300 DPL=0 DS   [-WA]
GS =0018 00000000 ffffffff 00cf9300 DPL=0 DS   [-WA]
LDT=0000 00000000 0000ffff 00008200 DPL=0 LDT
TR =0000 00000000 0000ffff 00008b00 DPL=0 TSS32-busy
GDT=     000010b0 00000020
IDT=     00107020 000007ff
CR0=00000011 CR2=00000000 CR3=00000000 CR4=00000000
DR0=00000000 DR1=00000000 DR2=00000000 DR3=00000000 
DR6=ffff0ff0 DR7=00000400
CCS=000000ff CCD=ffffff4a CCO=SBBB
EFER=0000000000000000
check_exception old: 0xffffffff new 0x6
    98: v=06 e=0000 i=0 cpl=0 IP=0010:0000001b pc=0000001b SP=0018:00106480 env->regs[R_EAX]=93bff107
EAX=93bff107 EBX=00010000 ECX=000003cd EDX=0000004b
ESI=e987f000 EDI=00000000 EBP=00106ff8 ESP=00106480
EIP=0000001b EFL=00000017 [----APC] CPL=0 II=0 A20=1 SMM=0 HLT=0
ES =0018 00000000 ffffffff 00cf9300 DPL=0 DS   [-WA]
CS =0010 00000000 ffffffff 00cf9a00 DPL=0 CS32 [-R-]
SS =0018 00000000 ffffffff 00cf9300 DPL=0 DS   [-WA]
DS =0018 00000000 ffffffff 00cf9300 DPL=0 DS   [-WA]
FS =0018 00000000 ffffffff 00cf9300 DPL=0 DS   [-WA]
GS =0018 00000000 ffffffff 00cf9300 DPL=0 DS   [-WA]
LDT=0000 00000000 0000ffff 00008200 DPL=0 LDT
TR =0000 00000000 0000ffff 00008b00 DPL=0 TSS32-busy
GDT=     000010b0 00000020
IDT=     00107020 000007ff
CR0=00000011 CR2=00000000 CR3=00000000 CR4=00000000
DR0=00000000 DR1=00000000 DR2=00000000 DR3=00000000 
DR6=ffff0ff0 DR7=00000400
CCS=000000ff CCD=ffffff4b CCO=SBBB
EFER=0000000000000000
check_exception old: 0xffffffff new 0x6
    99: v=06 e=0000 i=0 cpl=0 IP=0010:0000001b pc=0000001b SP=0018:0010645c env->regs[R_EAX]=7683e107
EAX=7683e107 EBX=00010000 ECX=000003cd EDX=0000004c
ESI=e987f000 EDI=00000000 EBP=00106ff8 ESP=0010645c
EIP=0000001b EFL=00000013 [----A-C] CPL=0 II=0 A20=1 SMM=0 HLT=0
ES =0018 00000000 ffffffff 00cf9300 DPL=0 DS   [-WA]
CS =0010 00000000 ffffffff 00cf9a00 DPL=0 CS32 [-R-]
SS =0018 00000000 ffffffff 00cf9300 DPL=0 DS   [-WA]
DS =0018 00000000 ffffffff 00cf9300 DPL=0 DS   [-WA]
FS =0018 00000000 ffffffff 00cf9300 DPL=0 DS   [-WA]
GS =0018 00000000 ffffffff 00cf9300 DPL=0 DS   [-WA]
LDT=0000 00000000 0000ffff 00008200 DPL=0 LDT
TR =0000 00000000 0000ffff 00008b00 DPL=0 TSS32-busy
GDT=     000010b0 00000020
IDT=     00107020 000007ff
CR0=00000011 CR2=00000000 CR3=00000000 CR4=00000000
DR0=00000000 DR1=00000000 DR2=00000000 DR3=00000000 
DR6=ffff0ff0 DR7=00000400
CCS=000000ff CCD=ffffff4c CCO=SBBB
EFER=0000000000000000
check_exception old: 0xffffffff new 0x6
   100: v=06 e=0000 i=0 cpl=0 IP=0010:0000001b pc=0000001b SP=0018:00106438 env->regs[R_EAX]=5947d107
EAX=5947d107 EBX=00010000 ECX=000003cd EDX=0000004d
ESI=e987f000 EDI=00000000 EBP=00106ff8 ESP=00106438
EIP=0000001b EFL=00000017 [----APC] CPL=0 II=0 A20=1 SMM=0 HLT=0
ES =0018 00000000 ffffffff 00cf9300 DPL=0 DS   [-WA]
CS =0010 00000000 ffffffff 00cf9a00 DPL=0 CS32 [-R-]
SS =0018 00000000 ffffffff 00cf9300 DPL=0 DS   [-WA]
DS =0018 00000000 ffffffff 00cf9300 DPL=0 DS   [-WA]
FS =0018 00000000 ffffffff 00cf9300 DPL=0 DS   [-WA]
GS =0018 00000000 ffffffff 00cf9300 DPL=0 DS   [-WA]
LDT=0000 00000000 0000ffff 00008200 DPL=0 LDT
TR =0000 00000000 0000ffff 00008b00 DPL=0 TSS32-busy
GDT=     000010b0 00000020
IDT=     00107020 000007ff
CR0=00000011 CR2=00000000 CR3=00000000 CR4=00000000
DR0=00000000 DR1=00000000 DR2=00000000 DR3=00000000 
DR6=ffff0ff0 DR7=00000400
CCS=000000ff CCD=ffffff4d CCO=SBBB
EFER=0000000000000000
check_exception old: 0xffffffff new 0x6
   101: v=06 e=0000 i=0 cpl=0 IP=0010:0000001b pc=0000001b SP=0018:00106414 env->regs[R_EAX]=3c0bc107
EAX=3c0bc107 EBX=00010000 ECX=000003cd EDX=0000004e
ESI=e987f000 EDI=00000000 EBP=00106ff8 ESP=00106414
EIP=0000001b EFL=00000017 [----APC] CPL=0 II=0 A20=1 SMM=0 HLT=0
ES =0018 00000000 ffffffff 00cf9300 DPL=0 DS   [-WA]
CS =0010 00000000 ffffffff 00cf9a00 DPL=0 CS32 [-R-]
SS =0018 00000000 ffffffff 00cf9300 DPL=0 DS   [-WA]
DS =0018 00000000 ffffffff 00cf9300 DPL=0 DS   [-WA]
FS =0018 00000000 ffffffff 00cf9300 DPL=0 DS   [-WA]
GS =0018 00000000 ffffffff 00cf9300 DPL=0 DS   [-WA]
LDT=0000 00000000 0000ffff 00008200 DPL=0 LDT
TR =0000 00000000 0000ffff 00008b00 DPL=0 TSS32-busy
GDT=     000010b0 00000020
IDT=     00107020 000007ff
CR0=00000011 CR2=00000000 CR3=00000000 CR4=00000000
DR0=00000000 DR1=00000000 DR2=00000000 DR3=00000000 
DR6=ffff0ff0 DR7=00000400
CCS=000000ff CCD=ffffff4e CCO=SBBB
EFER=0000000000000000
check_exception old: 0xffffffff new 0x6
   102: v=06 e=0000 i=0 cpl=0 IP=0010:0000001b pc=0000001b SP=0018:001063f0 env->regs[R_EAX]=1ecfb107
EAX=1ecfb107 EBX=00010000 ECX=000003cd EDX=0000004f
ESI=e987f000 EDI=00000000 EBP=00106ff8 ESP=001063f0
EIP=0000001b EFL=00000013 [----A-C] CPL=0 II=0 A20=1 SMM=0 HLT=0
ES =0018 00000000 ffffffff 00cf9300 DPL=0 DS   [-WA]
CS =0010 00000000 ffffffff 00cf9a00 DPL=0 CS32 [-R-]
SS =0018 00000000 ffffffff 00cf9300 DPL=0 DS   [-WA]
DS =0018 00000000 ffffffff 00cf9300 DPL=0 DS   [-WA]
FS =0018 00000000 ffffffff 00cf9300 DPL=0 DS   [-WA]
GS =0018 00000000 ffffffff 00cf9300 DPL=0 DS   [-WA]
LDT=0000 00000000 0000ffff 00008200 DPL=0 LDT
TR =0000 00000000 0000ffff 00008b00 DPL=0 TSS32-busy
GDT=     000010b0 00000020
IDT=     00107020 000007ff
CR0=00000011 CR2=00000000 CR3=00000000 CR4=00000000
DR0=00000000 DR1=00000000 DR2=00000000 DR3=00000000 
DR6=ffff0ff0 DR7=00000400
CCS=000000ff CCD=ffffff4f CCO=SBBB
EFER=0000000000000000
check_exception old: 0xffffffff new 0x6
   103: v=06 e=0000 i=0 cpl=0 IP=0010:0000001b pc=0000001b SP=0018:001063cc env->regs[R_EAX]=0193a107
EAX=0193a107 EBX=00010000 ECX=000003cd EDX=00000050
ESI=e987f000 EDI=00000000 EBP=00106ff8 ESP=001063cc
EIP=0000001b EFL=00000007 [-----PC] CPL=0 II=0 A20=1 SMM=0 HLT=0
ES =0018 00000000 ffffffff 00cf9300 DPL=0 DS   [-WA]
CS =0010 00000000 ffffffff 00cf9a00 DPL=0 CS32 [-R-]
SS =0018 00000000 ffffffff 00cf9300 DPL=0 DS   [-WA]
DS =0018 00000000 ffffffff 00cf9300 DPL=0 DS   [-WA]
FS =0018 00000000 ffffffff 00cf9300 DPL=0 DS   [-WA]
GS =0018 00000000 ffffffff 00cf9300 DPL=0 DS   [-WA]
LDT=0000 00000000 0000ffff 00008200 DPL=0 LDT
TR =0000 00000000 0000ffff 00008b00 DPL=0 TSS32-busy
GDT=     000010b0 00000020
IDT=     00107020 000007ff
CR0=00000011 CR2=00000000 CR3=00000000 CR4=00000000
DR0=00000000 DR1=00000000 DR2=00000000 DR3=00000000 
DR6=ffff0ff0 DR7=00000400
CCS=000000ff CCD=ffffff50 CCO=SBBB
EFER=0000000000000000
check_exception old: 0xffffffff new 0x6
   104: v=06 e=0000 i=0 cpl=0 IP=0010:0000001b pc=0000001b SP=0018:001063a8 env->regs[R_EAX]=e4579107
EAX=e4579107 EBX=00010000 ECX=000003cd EDX=00000051
ESI=e987f000 EDI=00000000 EBP=00106ff8 ESP=001063a8
EIP=0000001b EFL=00000013 [----A-C] CPL=0 II=0 A20=1 SMM=0 HLT=0
ES =0018 00000000 ffffffff 00cf9300 DPL=0 DS   [-WA]
CS =0010 00000000 ffffffff 00cf9a00 DPL=0 CS32 [-R-]
SS =0018 00000000 ffffffff 00cf9300 DPL=0 DS   [-WA]
DS =0018 00000000 ffffffff 00cf9300 DPL=0 DS   [-WA]
FS =0018 00000000 ffffffff 00cf9300 DPL=0 DS   [-WA]
GS =0018 00000000 ffffffff 00cf9300 DPL=0 DS   [-WA]
LDT=0000 00000000 0000ffff 00008200 DPL=0 LDT
TR =0000 00000000 0000ffff 00008b00 DPL=0 TSS32-busy
GDT=     000010b0 00000020
IDT=     00107020 000007ff
CR0=00000011 CR2=00000000 CR3=00000000 CR4=00000000
DR0=00000000 DR1=00000000 DR2=00000000 DR3=00000000 
DR6=ffff0ff0 DR7=00000400
CCS=000000ff CCD=ffffff51 CCO=SBBB
EFER=0000000000000000
check_exception old: 0xffffffff new 0x6
   105: v=06 e=0000 i=0 cpl=0 IP=0010:0000001b pc=0000001b SP=0018:00106384 env->regs[R_EAX]=c71b8107
EAX=c71b8107 EBX=00010000 ECX=000003cd EDX=00000052
ESI=e987f000 EDI=00000000 EBP=00106ff8 ESP=00106384
EIP=0000001b EFL=00000013 [----A-C] CPL=0 II=0 A20=1 SMM=0 HLT=0
ES =0018 00000000 ffffffff 00cf9300 DPL=0 DS   [-WA]
CS =0010 00000000 ffffffff 00cf9a00 DPL=0 CS32 [-R-]
SS =0018 00000000 ffffffff 00cf9300 DPL=0 DS   [-WA]
DS =0018 00000000 ffffffff 00cf9300 DPL=0 DS   [-WA]
FS =0018 00000000 ffffffff 00cf9300 DPL=0 DS   [-WA]
GS =0018 00000000 ffffffff 00cf9300 DPL=0 DS   [-WA]
LDT=0000 00000000 0000ffff 00008200 DPL=0 LDT
TR =0000 00000000 0000ffff 00008b00 DPL=0 TSS32-busy
GDT=     000010b0 00000020
IDT=     00107020 000007ff
CR0=00000011 CR2=00000000 CR3=00000000 CR4=00000000
DR0=00000000 DR1=00000000 DR2=00000000 DR3=00000000 
DR6=ffff0ff0 DR7=00000400
CCS=000000ff CCD=ffffff52 CCO=SBBB
EFER=0000000000000000
check_exception old: 0xffffffff new 0x6
   106: v=06 e=0000 i=0 cpl=0 IP=0010:0000001b pc=0000001b SP=0018:00106360 env->regs[R_EAX]=a9df7107
EAX=a9df7107 EBX=00010000 ECX=000003cd EDX=00000053
ESI=e987f000 EDI=00000000 EBP=00106ff8 ESP=00106360
EIP=0000001b EFL=00000017 [----APC] CPL=0 II=0 A20=1 SMM=0 HLT=0
ES =0018 00000000 ffffffff 00cf9300 DPL=0 DS   [-WA]
CS =0010 00000000 ffffffff 00cf9a00 DPL=0 CS32 [-R-]
SS =0018 00000000 ffffffff 00cf9300 DPL=0 DS   [-WA]
DS =0018 00000000 ffffffff 00cf9300 DPL=0 DS   [-WA]
FS =0018 00000000 ffffffff 00cf9300 DPL=0 DS   [-WA]
GS =0018 00000000 ffffffff 00cf9300 DPL=0 DS   [-WA]
LDT=0000 00000000 0000ffff 00008200 DPL=0 LDT
TR =0000 00000000 0000ffff 00008b00 DPL=0 TSS32-busy
GDT=     000010b0 00000020
IDT=     00107020 000007ff
CR0=00000011 CR2=00000000 CR3=00000000 CR4=00000000
DR0=00000000 DR1=00000000 DR2=00000000 DR3=00000000 
DR6=ffff0ff0 DR7=00000400
CCS=000000ff CCD=ffffff53 CCO=SBBB
EFER=0000000000000000
check_exception old: 0xffffffff new 0x6
   107: v=06 e=0000 i=0 cpl=0 IP=0010:0000001b pc=0000001b SP=0018:0010633c env->regs[R_EAX]=8ca36107
EAX=8ca36107 EBX=00010000 ECX=000003cd EDX=00000054
ESI=e987f000 EDI=00000000 EBP=00106ff8 ESP=0010633c
EIP=0000001b EFL=00000013 [----A-C] CPL=0 II=0 A20=1 SMM=0 HLT=0
ES =0018 00000000 ffffffff 00cf9300 DPL=0 DS   [-WA]
CS =0010 00000000 ffffffff 00cf9a00 DPL=0 CS32 [-R-]
SS =0018 00000000 ffffffff 00cf9300 DPL=0 DS   [-WA]
DS =0018 00000000 ffffffff 00cf9300 DPL=0 DS   [-WA]
FS =0018 00000000 ffffffff 00cf9300 DPL=0 DS   [-WA]
GS =0018 00000000 ffffffff 00cf9300 DPL=0 DS   [-WA]
LDT=0000 00000000 0000ffff 00008200 DPL=0 LDT
TR =0000 00000000 0000ffff 00008b00 DPL=0 TSS32-busy
GDT=     000010b0 00000020
IDT=     00107020 000007ff
CR0=00000011 CR2=00000000 CR3=00000000 CR4=00000000
DR0=00000000 DR1=00000000 DR2=00000000 DR3=00000000 
DR6=ffff0ff0 DR7=00000400
CCS=000000ff CCD=ffffff54 CCO=SBBB
EFER=0000000000000000
check_exception old: 0xffffffff new 0x6
   108: v=06 e=0000 i=0 cpl=0 IP=0010:0000001b pc=0000001b SP=0018:00106318 env->regs[R_EAX]=6f675107
EAX=6f675107 EBX=00010000 ECX=000003cd EDX=00000055
ESI=e987f000 EDI=00000000 EBP=00106ff8 ESP=00106318
EIP=0000001b EFL=00000017 [----APC] CPL=0 II=0 A20=1 SMM=0 HLT=0
ES =0018 00000000 ffffffff 00cf9300 DPL=0 DS   [-WA]
CS =0010 00000000 ffffffff 00cf9a00 DPL=0 CS32 [-R-]
SS =0018 00000000 ffffffff 00cf9300 DPL=0 DS   [-WA]
DS =0018 00000000 ffffffff 00cf9300 DPL=0 DS   [-WA]
FS =0018 00000000 ffffffff 00cf9300 DPL=0 DS   [-WA]
GS =0018 00000000 ffffffff 00cf9300 DPL=0 DS   [-WA]
LDT=0000 00000000 0000ffff 00008200 DPL=0 LDT
TR =0000 00000000 0000ffff 00008b00 DPL=0 TSS32-busy
GDT=     000010b0 00000020
IDT=     00107020 000007ff
CR0=00000011 CR2=00000000 CR3=00000000 CR4=00000000
DR0=00000000 DR1=00000000 DR2=00000000 DR3=00000000 
DR6=ffff0ff0 DR7=00000400
CCS=000000ff CCD=ffffff55 CCO=SBBB
EFER=0000000000000000
check_exception old: 0xffffffff new 0x6
   109: v=06 e=0000 i=0 cpl=0 IP=0010:0000001b pc=0000001b SP=0018:001062f4 env->regs[R_EAX]=522b4107
EAX=522b4107 EBX=00010000 ECX=000003cd EDX=00000056
ESI=e987f000 EDI=00000000 EBP=00106ff8 ESP=001062f4
EIP=0000001b EFL=00000017 [----APC] CPL=0 II=0 A20=1 SMM=0 HLT=0
ES =0018 00000000 ffffffff 00cf9300 DPL=0 DS   [-WA]
CS =0010 00000000 ffffffff 00cf9a00 DPL=0 CS32 [-R-]
SS =0018 00000000 ffffffff 00cf9300 DPL=0 DS   [-WA]
DS =0018 00000000 ffffffff 00cf9300 DPL=0 DS   [-WA]
FS =0018 00000000 ffffffff 00cf9300 DPL=0 DS   [-WA]
GS =0018 00000000 ffffffff 00cf9300 DPL=0 DS   [-WA]
LDT=0000 00000000 0000ffff 00008200 DPL=0 LDT
TR =0000 00000000 0000ffff 00008b00 DPL=0 TSS32-busy
GDT=     000010b0 00000020
IDT=     00107020 000007ff
CR0=00000011 CR2=00000000 CR3=00000000 CR4=00000000
DR0=00000000 DR1=00000000 DR2=00000000 DR3=00000000 
DR6=ffff0ff0 DR7=00000400
CCS=000000ff CCD=ffffff56 CCO=SBBB
EFER=0000000000000000
check_exception old: 0xffffffff new 0x6
   110: v=06 e=0000 i=0 cpl=0 IP=0010:0000001b pc=0000001b SP=0018:001062d0 env->regs[R_EAX]=34ef3107
EAX=34ef3107 EBX=00010000 ECX=000003cd EDX=00000057
ESI=e987f000 EDI=00000000 EBP=00106ff8 ESP=001062d0
EIP=0000001b EFL=00000013 [----A-C] CPL=0 II=0 A20=1 SMM=0 HLT=0
ES =0018 00000000 ffffffff 00cf9300 DPL=0 DS   [-WA]
CS =0010 00000000 ffffffff 00cf9a00 DPL=0 CS32 [-R-]
SS =0018 00000000 ffffffff 00cf9300 DPL=0 DS   [-WA]
DS =0018 00000000 ffffffff 00cf9300 DPL=0 DS   [-WA]
FS =0018 00000000 ffffffff 00cf9300 DPL=0 DS   [-WA]
GS =0018 00000000 ffffffff 00cf9300 DPL=0 DS   [-WA]
LDT=0000 00000000 0000ffff 00008200 DPL=0 LDT
TR =0000 00000000 0000ffff 00008b00 DPL=0 TSS32-busy
GDT=     000010b0 00000020
IDT=     00107020 000007ff
CR0=00000011 CR2=00000000 CR3=00000000 CR4=00000000
DR0=00000000 DR1=00000000 DR2=00000000 DR3=00000000 
DR6=ffff0ff0 DR7=00000400
CCS=000000ff CCD=ffffff57 CCO=SBBB
EFER=0000000000000000
check_exception old: 0xffffffff new 0x6
   111: v=06 e=0000 i=0 cpl=0 IP=0010:0000001b pc=0000001b SP=0018:001062ac env->regs[R_EAX]=17b32107
EAX=17b32107 EBX=00010000 ECX=000003cd EDX=00000058
ESI=e987f000 EDI=00000000 EBP=00106ff8 ESP=001062ac
EIP=0000001b EFL=00000013 [----A-C] CPL=0 II=0 A20=1 SMM=0 HLT=0
ES =0018 00000000 ffffffff 00cf9300 DPL=0 DS   [-WA]
CS =0010 00000000 ffffffff 00cf9a00 DPL=0 CS32 [-R-]
SS =0018 00000000 ffffffff 00cf9300 DPL=0 DS   [-WA]
DS =0018 00000000 ffffffff 00cf9300 DPL=0 DS   [-WA]
FS =0018 00000000 ffffffff 00cf9300 DPL=0 DS   [-WA]
GS =0018 00000000 ffffffff 00cf9300 DPL=0 DS   [-WA]
LDT=0000 00000000 0000ffff 00008200 DPL=0 LDT
TR =0000 00000000 0000ffff 00008b00 DPL=0 TSS32-busy
GDT=     000010b0 00000020
IDT=     00107020 000007ff
CR0=00000011 CR2=00000000 CR3=00000000 CR4=00000000
DR0=00000000 DR1=00000000 DR2=00000000 DR3=00000000 
DR6=ffff0ff0 DR7=00000400
CCS=000000ff CCD=ffffff58 CCO=SBBB
EFER=0000000000000000
check_exception old: 0xffffffff new 0x6
   112: v=06 e=0000 i=0 cpl=0 IP=0010:0000001b pc=0000001b SP=0018:00106288 env->regs[R_EAX]=fa771107
EAX=fa771107 EBX=00010000 ECX=000003cd EDX=00000059
ESI=e987f000 EDI=00000000 EBP=00106ff8 ESP=00106288
EIP=0000001b EFL=00000017 [----APC] CPL=0 II=0 A20=1 SMM=0 HLT=0
ES =0018 00000000 ffffffff 00cf9300 DPL=0 DS   [-WA]
CS =0010 00000000 ffffffff 00cf9a00 DPL=0 CS32 [-R-]
SS =0018 00000000 ffffffff 00cf9300 DPL=0 DS   [-WA]
DS =0018 00000000 ffffffff 00cf9300 DPL=0 DS   [-WA]
FS =0018 00000000 ffffffff 00cf9300 DPL=0 DS   [-WA]
GS =0018 00000000 ffffffff 00cf9300 DPL=0 DS   [-WA]
LDT=0000 00000000 0000ffff 00008200 DPL=0 LDT
TR =0000 00000000 0000ffff 00008b00 DPL=0 TSS32-busy
GDT=     000010b0 00000020
IDT=     00107020 000007ff
CR0=00000011 CR2=00000000 CR3=00000000 CR4=00000000
DR0=00000000 DR1=00000000 DR2=00000000 DR3=00000000 
DR6=ffff0ff0 DR7=00000400
CCS=000000ff CCD=ffffff59 CCO=SBBB
EFER=0000000000000000
check_exception old: 0xffffffff new 0x6
   113: v=06 e=0000 i=0 cpl=0 IP=0010:0000001b pc=0000001b SP=0018:00106264 env->regs[R_EAX]=dd3b0107
EAX=dd3b0107 EBX=00010000 ECX=000003cd EDX=0000005a
ESI=e987f000 EDI=00000000 EBP=00106ff8 ESP=00106264
EIP=0000001b EFL=00000017 [----APC] CPL=0 II=0 A20=1 SMM=0 HLT=0
ES =0018 00000000 ffffffff 00cf9300 DPL=0 DS   [-WA]
CS =0010 00000000 ffffffff 00cf9a00 DPL=0 CS32 [-R-]
SS =0018 00000000 ffffffff 00cf9300 DPL=0 DS   [-WA]
DS =0018 00000000 ffffffff 00cf9300 DPL=0 DS   [-WA]
FS =0018 00000000 ffffffff 00cf9300 DPL=0 DS   [-WA]
GS =0018 00000000 ffffffff 00cf9300 DPL=0 DS   [-WA]
LDT=0000 00000000 0000ffff 00008200 DPL=0 LDT
TR =0000 00000000 0000ffff 00008b00 DPL=0 TSS32-busy
GDT=     000010b0 00000020
IDT=     00107020 000007ff
CR0=00000011 CR2=00000000 CR3=00000000 CR4=00000000
DR0=00000000 DR1=00000000 DR2=00000000 DR3=00000000 
DR6=ffff0ff0 DR7=00000400
CCS=000000ff CCD=ffffff5a CCO=SBBB
EFER=0000000000000000
check_exception old: 0xffffffff new 0x6
   114: v=06 e=0000 i=0 cpl=0 IP=0010:0000001b pc=0000001b SP=0018:00106240 env->regs[R_EAX]=bffef107
EAX=bffef107 EBX=00010000 ECX=000003cd EDX=0000005b
ESI=e987f000 EDI=00000000 EBP=00106ff8 ESP=00106240
EIP=0000001b EFL=00000013 [----A-C] CPL=0 II=0 A20=1 SMM=0 HLT=0
ES =0018 00000000 ffffffff 00cf9300 DPL=0 DS   [-WA]
CS =0010 00000000 ffffffff 00cf9a00 DPL=0 CS32 [-R-]
SS =0018 00000000 ffffffff 00cf9300 DPL=0 DS   [-WA]
DS =0018 00000000 ffffffff 00cf9300 DPL=0 DS   [-WA]
FS =0018 00000000 ffffffff 00cf9300 DPL=0 DS   [-WA]
GS =0018 00000000 ffffffff 00cf9300 DPL=0 DS   [-WA]
LDT=0000 00000000 0000ffff 00008200 DPL=0 LDT
TR =0000 00000000 0000ffff 00008b00 DPL=0 TSS32-busy
GDT=     000010b0 00000020
IDT=     00107020 000007ff
CR0=00000011 CR2=00000000 CR3=00000000 CR4=00000000
DR0=00000000 DR1=00000000 DR2=00000000 DR3=00000000 
DR6=ffff0ff0 DR7=00000400
CCS=000000ff CCD=ffffff5b CCO=SBBB
EFER=0000000000000000
check_exception old: 0xffffffff new 0x6
   115: v=06 e=0000 i=0 cpl=0 IP=0010:0000001b pc=0000001b SP=0018:0010621c env->regs[R_EAX]=a2c2e107
EAX=a2c2e107 EBX=00010000 ECX=000003cd EDX=0000005c
ESI=e987f000 EDI=00000000 EBP=00106ff8 ESP=0010621c
EIP=0000001b EFL=00000017 [----APC] CPL=0 II=0 A20=1 SMM=0 HLT=0
ES =0018 00000000 ffffffff 00cf9300 DPL=0 DS   [-WA]
CS =0010 00000000 ffffffff 00cf9a00 DPL=0 CS32 [-R-]
SS =0018 00000000 ffffffff 00cf9300 DPL=0 DS   [-WA]
DS =0018 00000000 ffffffff 00cf9300 DPL=0 DS   [-WA]
FS =0018 00000000 ffffffff 00cf9300 DPL=0 DS   [-WA]
GS =0018 00000000 ffffffff 00cf9300 DPL=0 DS   [-WA]
LDT=0000 00000000 0000ffff 00008200 DPL=0 LDT
TR =0000 00000000 0000ffff 00008b00 DPL=0 TSS32-busy
GDT=     000010b0 00000020
IDT=     00107020 000007ff
CR0=00000011 CR2=00000000 CR3=00000000 CR4=00000000
DR0=00000000 DR1=00000000 DR2=00000000 DR3=00000000 
DR6=ffff0ff0 DR7=00000400
CCS=000000ff CCD=ffffff5c CCO=SBBB
EFER=0000000000000000
check_exception old: 0xffffffff new 0x6
   116: v=06 e=0000 i=0 cpl=0 IP=0010:0000001b pc=0000001b SP=0018:001061f8 env->regs[R_EAX]=8586d107
EAX=8586d107 EBX=00010000 ECX=000003cd EDX=0000005d
ESI=e987f000 EDI=00000000 EBP=00106ff8 ESP=001061f8
EIP=0000001b EFL=00000013 [----A-C] CPL=0 II=0 A20=1 SMM=0 HLT=0
ES =0018 00000000 ffffffff 00cf9300 DPL=0 DS   [-WA]
CS =0010 00000000 ffffffff 00cf9a00 DPL=0 CS32 [-R-]
SS =0018 00000000 ffffffff 00cf9300 DPL=0 DS   [-WA]
DS =0018 00000000 ffffffff 00cf9300 DPL=0 DS   [-WA]
FS =0018 00000000 ffffffff 00cf9300 DPL=0 DS   [-WA]
GS =0018 00000000 ffffffff 00cf9300 DPL=0 DS   [-WA]
LDT=0000 00000000 0000ffff 00008200 DPL=0 LDT
TR =0000 00000000 0000ffff 00008b00 DPL=0 TSS32-busy
GDT=     000010b0 00000020
IDT=     00107020 000007ff
CR0=00000011 CR2=00000000 CR3=00000000 CR4=00000000
DR0=00000000 DR1=00000000 DR2=00000000 DR3=00000000 
DR6=ffff0ff0 DR7=00000400
CCS=000000ff CCD=ffffff5d CCO=SBBB
EFER=0000000000000000
check_exception old: 0xffffffff new 0x6
   117: v=06 e=0000 i=0 cpl=0 IP=0010:0000001b pc=0000001b SP=0018:001061d4 env->regs[R_EAX]=684ac107
EAX=684ac107 EBX=00010000 ECX=000003cd EDX=0000005e
ESI=e987f000 EDI=00000000 EBP=00106ff8 ESP=001061d4
EIP=0000001b EFL=00000013 [----A-C] CPL=0 II=0 A20=1 SMM=0 HLT=0
ES =0018 00000000 ffffffff 00cf9300 DPL=0 DS   [-WA]
CS =0010 00000000 ffffffff 00cf9a00 DPL=0 CS32 [-R-]
SS =0018 00000000 ffffffff 00cf9300 DPL=0 DS   [-WA]
DS =0018 00000000 ffffffff 00cf9300 DPL=0 DS   [-WA]
FS =0018 00000000 ffffffff 00cf9300 DPL=0 DS   [-WA]
GS =0018 00000000 ffffffff 00cf9300 DPL=0 DS   [-WA]
LDT=0000 00000000 0000ffff 00008200 DPL=0 LDT
TR =0000 00000000 0000ffff 00008b00 DPL=0 TSS32-busy
GDT=     000010b0 00000020
IDT=     00107020 000007ff
CR0=00000011 CR2=00000000 CR3=00000000 CR4=00000000
DR0=00000000 DR1=00000000 DR2=00000000 DR3=00000000 
DR6=ffff0ff0 DR7=00000400
CCS=000000ff CCD=ffffff5e CCO=SBBB
EFER=0000000000000000
check_exception old: 0xffffffff new 0x6
   118: v=06 e=0000 i=0 cpl=0 IP=0010:0000001b pc=0000001b SP=0018:001061b0 env->regs[R_EAX]=4b0eb107
EAX=4b0eb107 EBX=00010000 ECX=000003cd EDX=0000005f
ESI=e987f000 EDI=00000000 EBP=00106ff8 ESP=001061b0
EIP=0000001b EFL=00000017 [----APC] CPL=0 II=0 A20=1 SMM=0 HLT=0
ES =0018 00000000 ffffffff 00cf9300 DPL=0 DS   [-WA]
CS =0010 00000000 ffffffff 00cf9a00 DPL=0 CS32 [-R-]
SS =0018 00000000 ffffffff 00cf9300 DPL=0 DS   [-WA]
DS =0018 00000000 ffffffff 00cf9300 DPL=0 DS   [-WA]
FS =0018 00000000 ffffffff 00cf9300 DPL=0 DS   [-WA]
GS =0018 00000000 ffffffff 00cf9300 DPL=0 DS   [-WA]
LDT=0000 00000000 0000ffff 00008200 DPL=0 LDT
TR =0000 00000000 0000ffff 00008b00 DPL=0 TSS32-busy
GDT=     000010b0 00000020
IDT=     00107020 000007ff
CR0=00000011 CR2=00000000 CR3=00000000 CR4=00000000
DR0=00000000 DR1=00000000 DR2=00000000 DR3=00000000 
DR6=ffff0ff0 DR7=00000400
CCS=000000ff CCD=ffffff5f CCO=SBBB
EFER=0000000000000000
check_exception old: 0xffffffff new 0x6
   119: v=06 e=0000 i=0 cpl=0 IP=0010:0000001b pc=0000001b SP=0018:0010618c env->regs[R_EAX]=2dd2a107
EAX=2dd2a107 EBX=00010000 ECX=000003cd EDX=00000060
ESI=e987f000 EDI=00000000 EBP=00106ff8 ESP=0010618c
EIP=0000001b EFL=00000007 [-----PC] CPL=0 II=0 A20=1 SMM=0 HLT=0
ES =0018 00000000 ffffffff 00cf9300 DPL=0 DS   [-WA]
CS =0010 00000000 ffffffff 00cf9a00 DPL=0 CS32 [-R-]
SS =0018 00000000 ffffffff 00cf9300 DPL=0 DS   [-WA]
DS =0018 00000000 ffffffff 00cf9300 DPL=0 DS   [-WA]
FS =0018 00000000 ffffffff 00cf9300 DPL=0 DS   [-WA]
GS =0018 00000000 ffffffff 00cf9300 DPL=0 DS   [-WA]
LDT=0000 00000000 0000ffff 00008200 DPL=0 LDT
TR =0000 00000000 0000ffff 00008b00 DPL=0 TSS32-busy
GDT=     000010b0 00000020
IDT=     00107020 000007ff
CR0=00000011 CR2=00000000 CR3=00000000 CR4=00000000
DR0=00000000 DR1=00000000 DR2=00000000 DR3=00000000 
DR6=ffff0ff0 DR7=00000400
CCS=000000ff CCD=ffffff60 CCO=SBBB
EFER=0000000000000000
check_exception old: 0xffffffff new 0x6
   120: v=06 e=0000 i=0 cpl=0 IP=0010:0000001b pc=0000001b SP=0018:00106168 env->regs[R_EAX]=10969107
EAX=10969107 EBX=00010000 ECX=000003cd EDX=00000061
ESI=e987f000 EDI=00000000 EBP=00106ff8 ESP=00106168
EIP=0000001b EFL=00000013 [----A-C] CPL=0 II=0 A20=1 SMM=0 HLT=0
ES =0018 00000000 ffffffff 00cf9300 DPL=0 DS   [-WA]
CS =0010 00000000 ffffffff 00cf9a00 DPL=0 CS32 [-R-]
SS =0018 00000000 ffffffff 00cf9300 DPL=0 DS   [-WA]
DS =0018 00000000 ffffffff 00cf9300 DPL=0 DS   [-WA]
FS =0018 00000000 ffffffff 00cf9300 DPL=0 DS   [-WA]
GS =0018 00000000 ffffffff 00cf9300 DPL=0 DS   [-WA]
LDT=0000 00000000 0000ffff 00008200 DPL=0 LDT
TR =0000 00000000 0000ffff 00008b00 DPL=0 TSS32-busy
GDT=     000010b0 00000020
IDT=     00107020 000007ff
CR0=00000011 CR2=00000000 CR3=00000000 CR4=00000000
DR0=00000000 DR1=00000000 DR2=00000000 DR3=00000000 
DR6=ffff0ff0 DR7=00000400
CCS=000000ff CCD=ffffff61 CCO=SBBB
EFER=0000000000000000
check_exception old: 0xffffffff new 0x6
   121: v=06 e=0000 i=0 cpl=0 IP=0010:0000001b pc=0000001b SP=0018:00106144 env->regs[R_EAX]=f35a8107
EAX=f35a8107 EBX=00010000 ECX=000003cd EDX=00000062
ESI=e987f000 EDI=00000000 EBP=00106ff8 ESP=00106144
EIP=0000001b EFL=00000013 [----A-C] CPL=0 II=0 A20=1 SMM=0 HLT=0
ES =0018 00000000 ffffffff 00cf9300 DPL=0 DS   [-WA]
CS =0010 00000000 ffffffff 00cf9a00 DPL=0 CS32 [-R-]
SS =0018 00000000 ffffffff 00cf9300 DPL=0 DS   [-WA]
DS =0018 00000000 ffffffff 00cf9300 DPL=0 DS   [-WA]
FS =0018 00000000 ffffffff 00cf9300 DPL=0 DS   [-WA]
GS =0018 00000000 ffffffff 00cf9300 DPL=0 DS   [-WA]
LDT=0000 00000000 0000ffff 00008200 DPL=0 LDT
TR =0000 00000000 0000ffff 00008b00 DPL=0 TSS32-busy
GDT=     000010b0 00000020
IDT=     00107020 000007ff
CR0=00000011 CR2=00000000 CR3=00000000 CR4=00000000
DR0=00000000 DR1=00000000 DR2=00000000 DR3=00000000 
DR6=ffff0ff0 DR7=00000400
CCS=000000ff CCD=ffffff62 CCO=SBBB
EFER=0000000000000000
check_exception old: 0xffffffff new 0x6
   122: v=06 e=0000 i=0 cpl=0 IP=0010:0000001b pc=0000001b SP=0018:00106120 env->regs[R_EAX]=d61e7107
EAX=d61e7107 EBX=00010000 ECX=000003cd EDX=00000063
ESI=e987f000 EDI=00000000 EBP=00106ff8 ESP=00106120
EIP=0000001b EFL=00000017 [----APC] CPL=0 II=0 A20=1 SMM=0 HLT=0
ES =0018 00000000 ffffffff 00cf9300 DPL=0 DS   [-WA]
CS =0010 00000000 ffffffff 00cf9a00 DPL=0 CS32 [-R-]
SS =0018 00000000 ffffffff 00cf9300 DPL=0 DS   [-WA]
DS =0018 00000000 ffffffff 00cf9300 DPL=0 DS   [-WA]
FS =0018 00000000 ffffffff 00cf9300 DPL=0 DS   [-WA]
GS =0018 00000000 ffffffff 00cf9300 DPL=0 DS   [-WA]
LDT=0000 00000000 0000ffff 00008200 DPL=0 LDT
TR =0000 00000000 0000ffff 00008b00 DPL=0 TSS32-busy
GDT=     000010b0 00000020
IDT=     00107020 000007ff
CR0=00000011 CR2=00000000 CR3=00000000 CR4=00000000
DR0=00000000 DR1=00000000 DR2=00000000 DR3=00000000 
DR6=ffff0ff0 DR7=00000400
CCS=000000ff CCD=ffffff63 CCO=SBBB
EFER=0000000000000000
check_exception old: 0xffffffff new 0x6
   123: v=06 e=0000 i=0 cpl=0 IP=0010:0000001b pc=0000001b SP=0018:001060fc env->regs[R_EAX]=b8e26107
EAX=b8e26107 EBX=00010000 ECX=000003cd EDX=00000064
ESI=e987f000 EDI=00000000 EBP=00106ff8 ESP=001060fc
EIP=0000001b EFL=00000013 [----A-C] CPL=0 II=0 A20=1 SMM=0 HLT=0
ES =0018 00000000 ffffffff 00cf9300 DPL=0 DS   [-WA]
CS =0010 00000000 ffffffff 00cf9a00 DPL=0 CS32 [-R-]
SS =0018 00000000 ffffffff 00cf9300 DPL=0 DS   [-WA]
DS =0018 00000000 ffffffff 00cf9300 DPL=0 DS   [-WA]
FS =0018 00000000 ffffffff 00cf9300 DPL=0 DS   [-WA]
GS =0018 00000000 ffffffff 00cf9300 DPL=0 DS   [-WA]
LDT=0000 00000000 0000ffff 00008200 DPL=0 LDT
TR =0000 00000000 0000ffff 00008b00 DPL=0 TSS32-busy
GDT=     000010b0 00000020
IDT=     00107020 000007ff
CR0=00000011 CR2=00000000 CR3=00000000 CR4=00000000
DR0=00000000 DR1=00000000 DR2=00000000 DR3=00000000 
DR6=ffff0ff0 DR7=00000400
CCS=000000ff CCD=ffffff64 CCO=SBBB
EFER=0000000000000000
check_exception old: 0xffffffff new 0x6
   124: v=06 e=0000 i=0 cpl=0 IP=0010:0000001b pc=0000001b SP=0018:001060d8 env->regs[R_EAX]=9ba65107
EAX=9ba65107 EBX=00010000 ECX=000003cd EDX=00000065
ESI=e987f000 EDI=00000000 EBP=00106ff8 ESP=001060d8
EIP=0000001b EFL=00000017 [----APC] CPL=0 II=0 A20=1 SMM=0 HLT=0
ES =0018 00000000 ffffffff 00cf9300 DPL=0 DS   [-WA]
CS =0010 00000000 ffffffff 00cf9a00 DPL=0 CS32 [-R-]
SS =0018 00000000 ffffffff 00cf9300 DPL=0 DS   [-WA]
DS =0018 00000000 ffffffff 00cf9300 DPL=0 DS   [-WA]
FS =0018 00000000 ffffffff 00cf9300 DPL=0 DS   [-WA]
GS =0018 00000000 ffffffff 00cf9300 DPL=0 DS   [-WA]
LDT=0000 00000000 0000ffff 00008200 DPL=0 LDT
TR =0000 00000000 0000ffff 00008b00 DPL=0 TSS32-busy
GDT=     000010b0 00000020
IDT=     00107020 000007ff
CR0=00000011 CR2=00000000 CR3=00000000 CR4=00000000
DR0=00000000 DR1=00000000 DR2=00000000 DR3=00000000 
DR6=ffff0ff0 DR7=00000400
CCS=000000ff CCD=ffffff65 CCO=SBBB
EFER=0000000000000000
check_exception old: 0xffffffff new 0x6
   125: v=06 e=0000 i=0 cpl=0 IP=0010:0000001b pc=0000001b SP=0018:001060b4 env->regs[R_EAX]=7e6a4107
EAX=7e6a4107 EBX=00010000 ECX=000003cd EDX=00000066
ESI=e987f000 EDI=00000000 EBP=00106ff8 ESP=001060b4
EIP=0000001b EFL=00000017 [----APC] CPL=0 II=0 A20=1 SMM=0 HLT=0
ES =0018 00000000 ffffffff 00cf9300 DPL=0 DS   [-WA]
CS =0010 00000000 ffffffff 00cf9a00 DPL=0 CS32 [-R-]
SS =0018 00000000 ffffffff 00cf9300 DPL=0 DS   [-WA]
DS =0018 00000000 ffffffff 00cf9300 DPL=0 DS   [-WA]
FS =0018 00000000 ffffffff 00cf9300 DPL=0 DS   [-WA]
GS =0018 00000000 ffffffff 00cf9300 DPL=0 DS   [-WA]
LDT=0000 00000000 0000ffff 00008200 DPL=0 LDT
TR =0000 00000000 0000ffff 00008b00 DPL=0 TSS32-busy
GDT=     000010b0 00000020
IDT=     00107020 000007ff
CR0=00000011 CR2=00000000 CR3=00000000 CR4=00000000
DR0=00000000 DR1=00000000 DR2=00000000 DR3=00000000 
DR6=ffff0ff0 DR7=00000400
CCS=000000ff CCD=ffffff66 CCO=SBBB
EFER=0000000000000000
check_exception old: 0xffffffff new 0x6
   126: v=06 e=0000 i=0 cpl=0 IP=0010:0000001b pc=0000001b SP=0018:00106090 env->regs[R_EAX]=612e3107
EAX=612e3107 EBX=00010000 ECX=000003cd EDX=00000067
ESI=e987f000 EDI=00000000 EBP=00106ff8 ESP=00106090
EIP=0000001b EFL=00000013 [----A-C] CPL=0 II=0 A20=1 SMM=0 HLT=0
ES =0018 00000000 ffffffff 00cf9300 DPL=0 DS   [-WA]
CS =0010 00000000 ffffffff 00cf9a00 DPL=0 CS32 [-R-]
SS =0018 00000000 ffffffff 00cf9300 DPL=0 DS   [-WA]
DS =0018 00000000 ffffffff 00cf9300 DPL=0 DS   [-WA]
FS =0018 00000000 ffffffff 00cf9300 DPL=0 DS   [-WA]
GS =0018 00000000 ffffffff 00cf9300 DPL=0 DS   [-WA]
LDT=0000 00000000 0000ffff 00008200 DPL=0 LDT
TR =0000 00000000 0000ffff 00008b00 DPL=0 TSS32-busy
GDT=     000010b0 00000020
IDT=     00107020 000007ff
CR0=00000011 CR2=00000000 CR3=00000000 CR4=00000000
DR0=00000000 DR1=00000000 DR2=00000000 DR3=00000000 
DR6=ffff0ff0 DR7=00000400
CCS=000000ff CCD=ffffff67 CCO=SBBB
EFER=0000000000000000
check_exception old: 0xffffffff new 0x6
   127: v=06 e=0000 i=0 cpl=0 IP=0010:0000001b pc=0000001b SP=0018:0010606c env->regs[R_EAX]=43f22107
EAX=43f22107 EBX=00010000 ECX=000003cd EDX=00000068
ESI=e987f000 EDI=00000000 EBP=00106ff8 ESP=0010606c
EIP=0000001b EFL=00000013 [----A-C] CPL=0 II=0 A20=1 SMM=0 HLT=0
ES =0018 00000000 ffffffff 00cf9300 DPL=0 DS   [-WA]
CS =0010 00000000 ffffffff 00cf9a00 DPL=0 CS32 [-R-]
SS =0018 00000000 ffffffff 00cf9300 DPL=0 DS   [-WA]
DS =0018 00000000 ffffffff 00cf9300 DPL=0 DS   [-WA]
FS =0018 00000000 ffffffff 00cf9300 DPL=0 DS   [-WA]
GS =0018 00000000 ffffffff 00cf9300 DPL=0 DS   [-WA]
LDT=0000 00000000 0000ffff 00008200 DPL=0 LDT
TR =0000 00000000 0000ffff 00008b00 DPL=0 TSS32-busy
GDT=     000010b0 00000020
IDT=     00107020 000007ff
CR0=00000011 CR2=00000000 CR3=00000000 CR4=00000000
DR0=00000000 DR1=00000000 DR2=00000000 DR3=00000000 
DR6=ffff0ff0 DR7=00000400
CCS=000000ff CCD=ffffff68 CCO=SBBB
EFER=0000000000000000
check_exception old: 0xffffffff new 0x6
   128: v=06 e=0000 i=0 cpl=0 IP=0010:0000001b pc=0000001b SP=0018:00106048 env->regs[R_EAX]=26b61107
EAX=26b61107 EBX=00010000 ECX=000003cd EDX=00000069
ESI=e987f000 EDI=00000000 EBP=00106ff8 ESP=00106048
EIP=0000001b EFL=00000017 [----APC] CPL=0 II=0 A20=1 SMM=0 HLT=0
ES =0018 00000000 ffffffff 00cf9300 DPL=0 DS   [-WA]
CS =0010 00000000 ffffffff 00cf9a00 DPL=0 CS32 [-R-]
SS =0018 00000000 ffffffff 00cf9300 DPL=0 DS   [-WA]
DS =0018 00000000 ffffffff 00cf9300 DPL=0 DS   [-WA]
FS =0018 00000000 ffffffff 00cf9300 DPL=0 DS   [-WA]
GS =0018 00000000 ffffffff 00cf9300 DPL=0 DS   [-WA]
LDT=0000 00000000 0000ffff 00008200 DPL=0 LDT
TR =0000 00000000 0000ffff 00008b00 DPL=0 TSS32-busy
GDT=     000010b0 00000020
IDT=     00107020 000007ff
CR0=00000011 CR2=00000000 CR3=00000000 CR4=00000000
DR0=00000000 DR1=00000000 DR2=00000000 DR3=00000000 
DR6=ffff0ff0 DR7=00000400
CCS=000000ff CCD=ffffff69 CCO=SBBB
EFER=0000000000000000
check_exception old: 0xffffffff new 0x6
   129: v=06 e=0000 i=0 cpl=0 IP=0010:0000001b pc=0000001b SP=0018:00106024 env->regs[R_EAX]=097a0107
EAX=097a0107 EBX=00010000 ECX=000003cd EDX=0000006a
ESI=e987f000 EDI=00000000 EBP=00106ff8 ESP=00106024
EIP=0000001b EFL=00000017 [----APC] CPL=0 II=0 A20=1 SMM=0 HLT=0
ES =0018 00000000 ffffffff 00cf9300 DPL=0 DS   [-WA]
CS =0010 00000000 ffffffff 00cf9a00 DPL=0 CS32 [-R-]
SS =0018 00000000 ffffffff 00cf9300 DPL=0 DS   [-WA]
DS =0018 00000000 ffffffff 00cf9300 DPL=0 DS   [-WA]
FS =0018 00000000 ffffffff 00cf9300 DPL=0 DS   [-WA]
GS =0018 00000000 ffffffff 00cf9300 DPL=0 DS   [-WA]
LDT=0000 00000000 0000ffff 00008200 DPL=0 LDT
TR =0000 00000000 0000ffff 00008b00 DPL=0 TSS32-busy
GDT=     000010b0 00000020
IDT=     00107020 000007ff
CR0=00000011 CR2=00000000 CR3=00000000 CR4=00000000
DR0=00000000 DR1=00000000 DR2=00000000 DR3=00000000 
DR6=ffff0ff0 DR7=00000400
CCS=000000ff CCD=ffffff6a CCO=SBBB
EFER=0000000000000000
check_exception old: 0xffffffff new 0x6
   130: v=06 e=0000 i=0 cpl=0 IP=0010:0000001b pc=0000001b SP=0018:00106000 env->regs[R_EAX]=ec3df107
EAX=ec3df107 EBX=00010000 ECX=000003cd EDX=0000006b
ESI=e987f000 EDI=00000000 EBP=00106ff8 ESP=00106000
EIP=0000001b EFL=00000013 [----A-C] CPL=0 II=0 A20=1 SMM=0 HLT=0
ES =0018 00000000 ffffffff 00cf9300 DPL=0 DS   [-WA]
CS =0010 00000000 ffffffff 00cf9a00 DPL=0 CS32 [-R-]
SS =0018 00000000 ffffffff 00cf9300 DPL=0 DS   [-WA]
DS =0018 00000000 ffffffff 00cf9300 DPL=0 DS   [-WA]
FS =0018 00000000 ffffffff 00cf9300 DPL=0 DS   [-WA]
GS =0018 00000000 ffffffff 00cf9300 DPL=0 DS   [-WA]
LDT=0000 00000000 0000ffff 00008200 DPL=0 LDT
TR =0000 00000000 0000ffff 00008b00 DPL=0 TSS32-busy
GDT=     000010b0 00000020
IDT=     00107020 000007ff
CR0=00000011 CR2=00000000 CR3=00000000 CR4=00000000
DR0=00000000 DR1=00000000 DR2=00000000 DR3=00000000 
DR6=ffff0ff0 DR7=00000400
CCS=000000ff CCD=ffffff6b CCO=SBBB
EFER=0000000000000000
check_exception old: 0xffffffff new 0x6
   131: v=06 e=0000 i=0 cpl=0 IP=0010:0000001b pc=0000001b SP=0018:00105fdc env->regs[R_EAX]=cf01e107
EAX=cf01e107 EBX=00010000 ECX=000003cd EDX=0000006c
ESI=e987f000 EDI=00000000 EBP=00106ff8 ESP=00105fdc
EIP=0000001b EFL=00000017 [----APC] CPL=0 II=0 A20=1 SMM=0 HLT=0
ES =0018 00000000 ffffffff 00cf9300 DPL=0 DS   [-WA]
CS =0010 00000000 ffffffff 00cf9a00 DPL=0 CS32 [-R-]
SS =0018 00000000 ffffffff 00cf9300 DPL=0 DS   [-WA]
DS =0018 00000000 ffffffff 00cf9300 DPL=0 DS   [-WA]
FS =0018 00000000 ffffffff 00cf9300 DPL=0 DS   [-WA]
GS =0018 00000000 ffffffff 00cf9300 DPL=0 DS   [-WA]
LDT=0000 00000000 0000ffff 00008200 DPL=0 LDT
TR =0000 00000000 0000ffff 00008b00 DPL=0 TSS32-busy
GDT=     000010b0 00000020
IDT=     00107020 000007ff
CR0=00000011 CR2=00000000 CR3=00000000 CR4=00000000
DR0=00000000 DR1=00000000 DR2=00000000 DR3=00000000 
DR6=ffff0ff0 DR7=00000400
CCS=000000ff CCD=ffffff6c CCO=SBBB
EFER=0000000000000000
check_exception old: 0xffffffff new 0x6
   132: v=06 e=0000 i=0 cpl=0 IP=0010:0000001b pc=0000001b SP=0018:00105fb8 env->regs[R_EAX]=b1c5d107
EAX=b1c5d107 EBX=00010000 ECX=000003cd EDX=0000006d
ESI=e987f000 EDI=00000000 EBP=00106ff8 ESP=00105fb8
EIP=0000001b EFL=00000013 [----A-C] CPL=0 II=0 A20=1 SMM=0 HLT=0
ES =0018 00000000 ffffffff 00cf9300 DPL=0 DS   [-WA]
CS =0010 00000000 ffffffff 00cf9a00 DPL=0 CS32 [-R-]
SS =0018 00000000 ffffffff 00cf9300 DPL=0 DS   [-WA]
DS =0018 00000000 ffffffff 00cf9300 DPL=0 DS   [-WA]
FS =0018 00000000 ffffffff 00cf9300 DPL=0 DS   [-WA]
GS =0018 00000000 ffffffff 00cf9300 DPL=0 DS   [-WA]
LDT=0000 00000000 0000ffff 00008200 DPL=0 LDT
TR =0000 00000000 0000ffff 00008b00 DPL=0 TSS32-busy
GDT=     000010b0 00000020
IDT=     00107020 000007ff
CR0=00000011 CR2=00000000 CR3=00000000 CR4=00000000
DR0=00000000 DR1=00000000 DR2=00000000 DR3=00000000 
DR6=ffff0ff0 DR7=00000400
CCS=000000ff CCD=ffffff6d CCO=SBBB
EFER=0000000000000000
check_exception old: 0xffffffff new 0x6
   133: v=06 e=0000 i=0 cpl=0 IP=0010:0000001b pc=0000001b SP=0018:00105f94 env->regs[R_EAX]=9489c107
EAX=9489c107 EBX=00010000 ECX=000003cd EDX=0000006e
ESI=e987f000 EDI=00000000 EBP=00106ff8 ESP=00105f94
EIP=0000001b EFL=00000013 [----A-C] CPL=0 II=0 A20=1 SMM=0 HLT=0
ES =0018 00000000 ffffffff 00cf9300 DPL=0 DS   [-WA]
CS =0010 00000000 ffffffff 00cf9a00 DPL=0 CS32 [-R-]
SS =0018 00000000 ffffffff 00cf9300 DPL=0 DS   [-WA]
DS =0018 00000000 ffffffff 00cf9300 DPL=0 DS   [-WA]
FS =0018 00000000 ffffffff 00cf9300 DPL=0 DS   [-WA]
GS =0018 00000000 ffffffff 00cf9300 DPL=0 DS   [-WA]
LDT=0000 00000000 0000ffff 00008200 DPL=0 LDT
TR =0000 00000000 0000ffff 00008b00 DPL=0 TSS32-busy
GDT=     000010b0 00000020
IDT=     00107020 000007ff
CR0=00000011 CR2=00000000 CR3=00000000 CR4=00000000
DR0=00000000 DR1=00000000 DR2=00000000 DR3=00000000 
DR6=ffff0ff0 DR7=00000400
CCS=000000ff CCD=ffffff6e CCO=SBBB
EFER=0000000000000000
check_exception old: 0xffffffff new 0x6
   134: v=06 e=0000 i=0 cpl=0 IP=0010:0000001b pc=0000001b SP=0018:00105f70 env->regs[R_EAX]=774db107
EAX=774db107 EBX=00010000 ECX=000003cd EDX=0000006f
ESI=e987f000 EDI=00000000 EBP=00106ff8 ESP=00105f70
EIP=0000001b EFL=00000017 [----APC] CPL=0 II=0 A20=1 SMM=0 HLT=0
ES =0018 00000000 ffffffff 00cf9300 DPL=0 DS   [-WA]
CS =0010 00000000 ffffffff 00cf9a00 DPL=0 CS32 [-R-]
SS =0018 00000000 ffffffff 00cf9300 DPL=0 DS   [-WA]
DS =0018 00000000 ffffffff 00cf9300 DPL=0 DS   [-WA]
FS =0018 00000000 ffffffff 00cf9300 DPL=0 DS   [-WA]
GS =0018 00000000 ffffffff 00cf9300 DPL=0 DS   [-WA]
LDT=0000 00000000 0000ffff 00008200 DPL=0 LDT
TR =0000 00000000 0000ffff 00008b00 DPL=0 TSS32-busy
GDT=     000010b0 00000020
IDT=     00107020 000007ff
CR0=00000011 CR2=00000000 CR3=00000000 CR4=00000000
DR0=00000000 DR1=00000000 DR2=00000000 DR3=00000000 
DR6=ffff0ff0 DR7=00000400
CCS=000000ff CCD=ffffff6f CCO=SBBB
EFER=0000000000000000
check_exception old: 0xffffffff new 0x6
   135: v=06 e=0000 i=0 cpl=0 IP=0010:0000001b pc=0000001b SP=0018:00105f4c env->regs[R_EAX]=5a11a107
EAX=5a11a107 EBX=00010000 ECX=000003cd EDX=00000070
ESI=e987f000 EDI=00000000 EBP=00106ff8 ESP=00105f4c
EIP=0000001b EFL=00000003 [------C] CPL=0 II=0 A20=1 SMM=0 HLT=0
ES =0018 00000000 ffffffff 00cf9300 DPL=0 DS   [-WA]
CS =0010 00000000 ffffffff 00cf9a00 DPL=0 CS32 [-R-]
SS =0018 00000000 ffffffff 00cf9300 DPL=0 DS   [-WA]
DS =0018 00000000 ffffffff 00cf9300 DPL=0 DS   [-WA]
FS =0018 00000000 ffffffff 00cf9300 DPL=0 DS   [-WA]
GS =0018 00000000 ffffffff 00cf9300 DPL=0 DS   [-WA]
LDT=0000 00000000 0000ffff 00008200 DPL=0 LDT
TR =0000 00000000 0000ffff 00008b00 DPL=0 TSS32-busy
GDT=     000010b0 00000020
IDT=     00107020 000007ff
CR0=00000011 CR2=00000000 CR3=00000000 CR4=00000000
DR0=00000000 DR1=00000000 DR2=00000000 DR3=00000000 
DR6=ffff0ff0 DR7=00000400
CCS=000000ff CCD=ffffff70 CCO=SBBB
EFER=0000000000000000
check_exception old: 0xffffffff new 0x6
   136: v=06 e=0000 i=0 cpl=0 IP=0010:0000001b pc=0000001b SP=0018:00105f28 env->regs[R_EAX]=3cd59107
EAX=3cd59107 EBX=00010000 ECX=000003cd EDX=00000071
ESI=e987f000 EDI=00000000 EBP=00106ff8 ESP=00105f28
EIP=0000001b EFL=00000017 [----APC] CPL=0 II=0 A20=1 SMM=0 HLT=0
ES =0018 00000000 ffffffff 00cf9300 DPL=0 DS   [-WA]
CS =0010 00000000 ffffffff 00cf9a00 DPL=0 CS32 [-R-]
SS =0018 00000000 ffffffff 00cf9300 DPL=0 DS   [-WA]
DS =0018 00000000 ffffffff 00cf9300 DPL=0 DS   [-WA]
FS =0018 00000000 ffffffff 00cf9300 DPL=0 DS   [-WA]
GS =0018 00000000 ffffffff 00cf9300 DPL=0 DS   [-WA]
LDT=0000 00000000 0000ffff 00008200 DPL=0 LDT
TR =0000 00000000 0000ffff 00008b00 DPL=0 TSS32-busy
GDT=     000010b0 00000020
IDT=     00107020 000007ff
CR0=00000011 CR2=00000000 CR3=00000000 CR4=00000000
DR0=00000000 DR1=00000000 DR2=00000000 DR3=00000000 
DR6=ffff0ff0 DR7=00000400
CCS=000000ff CCD=ffffff71 CCO=SBBB
EFER=0000000000000000
check_exception old: 0xffffffff new 0x6
   137: v=06 e=0000 i=0 cpl=0 IP=0010:0000001b pc=0000001b SP=0018:00105f04 env->regs[R_EAX]=1f998107
EAX=1f998107 EBX=00010000 ECX=000003cd EDX=00000072
ESI=e987f000 EDI=00000000 EBP=00106ff8 ESP=00105f04
EIP=0000001b EFL=00000017 [----APC] CPL=0 II=0 A20=1 SMM=0 HLT=0
ES =0018 00000000 ffffffff 00cf9300 DPL=0 DS   [-WA]
CS =0010 00000000 ffffffff 00cf9a00 DPL=0 CS32 [-R-]
SS =0018 00000000 ffffffff 00cf9300 DPL=0 DS   [-WA]
DS =0018 00000000 ffffffff 00cf9300 DPL=0 DS   [-WA]
FS =0018 00000000 ffffffff 00cf9300 DPL=0 DS   [-WA]
GS =0018 00000000 ffffffff 00cf9300 DPL=0 DS   [-WA]
LDT=0000 00000000 0000ffff 00008200 DPL=0 LDT
TR =0000 00000000 0000ffff 00008b00 DPL=0 TSS32-busy
GDT=     000010b0 00000020
IDT=     00107020 000007ff
CR0=00000011 CR2=00000000 CR3=00000000 CR4=00000000
DR0=00000000 DR1=00000000 DR2=00000000 DR3=00000000 
DR6=ffff0ff0 DR7=00000400
CCS=000000ff CCD=ffffff72 CCO=SBBB
EFER=0000000000000000
check_exception old: 0xffffffff new 0x6
   138: v=06 e=0000 i=0 cpl=0 IP=0010:0000001b pc=0000001b SP=0018:00105ee0 env->regs[R_EAX]=025d7107
EAX=025d7107 EBX=00010000 ECX=000003cd EDX=00000073
ESI=e987f000 EDI=00000000 EBP=00106ff8 ESP=00105ee0
EIP=0000001b EFL=00000013 [----A-C] CPL=0 II=0 A20=1 SMM=0 HLT=0
ES =0018 00000000 ffffffff 00cf9300 DPL=0 DS   [-WA]
CS =0010 00000000 ffffffff 00cf9a00 DPL=0 CS32 [-R-]
SS =0018 00000000 ffffffff 00cf9300 DPL=0 DS   [-WA]
DS =0018 00000000 ffffffff 00cf9300 DPL=0 DS   [-WA]
FS =0018 00000000 ffffffff 00cf9300 DPL=0 DS   [-WA]
GS =0018 00000000 ffffffff 00cf9300 DPL=0 DS   [-WA]
LDT=0000 00000000 0000ffff 00008200 DPL=0 LDT
TR =0000 00000000 0000ffff 00008b00 DPL=0 TSS32-busy
GDT=     000010b0 00000020
IDT=     00107020 000007ff
CR0=00000011 CR2=00000000 CR3=00000000 CR4=00000000
DR0=00000000 DR1=00000000 DR2=00000000 DR3=00000000 
DR6=ffff0ff0 DR7=00000400
CCS=000000ff CCD=ffffff73 CCO=SBBB
EFER=0000000000000000
check_exception old: 0xffffffff new 0x6
   139: v=06 e=0000 i=0 cpl=0 IP=0010:0000001b pc=0000001b SP=0018:00105ebc env->regs[R_EAX]=e5216107
EAX=e5216107 EBX=00010000 ECX=000003cd EDX=00000074
ESI=e987f000 EDI=00000000 EBP=00106ff8 ESP=00105ebc
EIP=0000001b EFL=00000017 [----APC] CPL=0 II=0 A20=1 SMM=0 HLT=0
ES =0018 00000000 ffffffff 00cf9300 DPL=0 DS   [-WA]
CS =0010 00000000 ffffffff 00cf9a00 DPL=0 CS32 [-R-]
SS =0018 00000000 ffffffff 00cf9300 DPL=0 DS   [-WA]
DS =0018 00000000 ffffffff 00cf9300 DPL=0 DS   [-WA]
FS =0018 00000000 ffffffff 00cf9300 DPL=0 DS   [-WA]
GS =0018 00000000 ffffffff 00cf9300 DPL=0 DS   [-WA]
LDT=0000 00000000 0000ffff 00008200 DPL=0 LDT
TR =0000 00000000 0000ffff 00008b00 DPL=0 TSS32-busy
GDT=     000010b0 00000020
IDT=     00107020 000007ff
CR0=00000011 CR2=00000000 CR3=00000000 CR4=00000000
DR0=00000000 DR1=00000000 DR2=00000000 DR3=00000000 
DR6=ffff0ff0 DR7=00000400
CCS=000000ff CCD=ffffff74 CCO=SBBB
EFER=0000000000000000
check_exception old: 0xffffffff new 0x6
   140: v=06 e=0000 i=0 cpl=0 IP=0010:0000001b pc=0000001b SP=0018:00105e98 env->regs[R_EAX]=c7e55107
EAX=c7e55107 EBX=00010000 ECX=000003cd EDX=00000075
ESI=e987f000 EDI=00000000 EBP=00106ff8 ESP=00105e98
EIP=0000001b EFL=00000013 [----A-C] CPL=0 II=0 A20=1 SMM=0 HLT=0
ES =0018 00000000 ffffffff 00cf9300 DPL=0 DS   [-WA]
CS =0010 00000000 ffffffff 00cf9a00 DPL=0 CS32 [-R-]
SS =0018 00000000 ffffffff 00cf9300 DPL=0 DS   [-WA]
DS =0018 00000000 ffffffff 00cf9300 DPL=0 DS   [-WA]
FS =0018 00000000 ffffffff 00cf9300 DPL=0 DS   [-WA]
GS =0018 00000000 ffffffff 00cf9300 DPL=0 DS   [-WA]
LDT=0000 00000000 0000ffff 00008200 DPL=0 LDT
TR =0000 00000000 0000ffff 00008b00 DPL=0 TSS32-busy
GDT=     000010b0 00000020
IDT=     00107020 000007ff
CR0=00000011 CR2=00000000 CR3=00000000 CR4=00000000
DR0=00000000 DR1=00000000 DR2=00000000 DR3=00000000 
DR6=ffff0ff0 DR7=00000400
CCS=000000ff CCD=ffffff75 CCO=SBBB
EFER=0000000000000000
check_exception old: 0xffffffff new 0x6
   141: v=06 e=0000 i=0 cpl=0 IP=0010:0000001b pc=0000001b SP=0018:00105e74 env->regs[R_EAX]=aaa94107
EAX=aaa94107 EBX=00010000 ECX=000003cd EDX=00000076
ESI=e987f000 EDI=00000000 EBP=00106ff8 ESP=00105e74
EIP=0000001b EFL=00000013 [----A-C] CPL=0 II=0 A20=1 SMM=0 HLT=0
ES =0018 00000000 ffffffff 00cf9300 DPL=0 DS   [-WA]
CS =0010 00000000 ffffffff 00cf9a00 DPL=0 CS32 [-R-]
SS =0018 00000000 ffffffff 00cf9300 DPL=0 DS   [-WA]
DS =0018 00000000 ffffffff 00cf9300 DPL=0 DS   [-WA]
FS =0018 00000000 ffffffff 00cf9300 DPL=0 DS   [-WA]
GS =0018 00000000 ffffffff 00cf9300 DPL=0 DS   [-WA]
LDT=0000 00000000 0000ffff 00008200 DPL=0 LDT
TR =0000 00000000 0000ffff 00008b00 DPL=0 TSS32-busy
GDT=     000010b0 00000020
IDT=     00107020 000007ff
CR0=00000011 CR2=00000000 CR3=00000000 CR4=00000000
DR0=00000000 DR1=00000000 DR2=00000000 DR3=00000000 
DR6=ffff0ff0 DR7=00000400
CCS=000000ff CCD=ffffff76 CCO=SBBB
EFER=0000000000000000
check_exception old: 0xffffffff new 0x6
   142: v=06 e=0000 i=0 cpl=0 IP=0010:0000001b pc=0000001b SP=0018:00105e50 env->regs[R_EAX]=8d6d3107
EAX=8d6d3107 EBX=00010000 ECX=000003cd EDX=00000077
ESI=e987f000 EDI=00000000 EBP=00106ff8 ESP=00105e50
EIP=0000001b EFL=00000017 [----APC] CPL=0 II=0 A20=1 SMM=0 HLT=0
ES =0018 00000000 ffffffff 00cf9300 DPL=0 DS   [-WA]
CS =0010 00000000 ffffffff 00cf9a00 DPL=0 CS32 [-R-]
SS =0018 00000000 ffffffff 00cf9300 DPL=0 DS   [-WA]
DS =0018 00000000 ffffffff 00cf9300 DPL=0 DS   [-WA]
FS =0018 00000000 ffffffff 00cf9300 DPL=0 DS   [-WA]
GS =0018 00000000 ffffffff 00cf9300 DPL=0 DS   [-WA]
LDT=0000 00000000 0000ffff 00008200 DPL=0 LDT
TR =0000 00000000 0000ffff 00008b00 DPL=0 TSS32-busy
GDT=     000010b0 00000020
IDT=     00107020 000007ff
CR0=00000011 CR2=00000000 CR3=00000000 CR4=00000000
DR0=00000000 DR1=00000000 DR2=00000000 DR3=00000000 
DR6=ffff0ff0 DR7=00000400
CCS=000000ff CCD=ffffff77 CCO=SBBB
EFER=0000000000000000
check_exception old: 0xffffffff new 0x6
   143: v=06 e=0000 i=0 cpl=0 IP=0010:0000001b pc=0000001b SP=0018:00105e2c env->regs[R_EAX]=70312107
EAX=70312107 EBX=00010000 ECX=000003cd EDX=00000078
ESI=e987f000 EDI=00000000 EBP=00106ff8 ESP=00105e2c
EIP=0000001b EFL=00000017 [----APC] CPL=0 II=0 A20=1 SMM=0 HLT=0
ES =0018 00000000 ffffffff 00cf9300 DPL=0 DS   [-WA]
CS =0010 00000000 ffffffff 00cf9a00 DPL=0 CS32 [-R-]
SS =0018 00000000 ffffffff 00cf9300 DPL=0 DS   [-WA]
DS =0018 00000000 ffffffff 00cf9300 DPL=0 DS   [-WA]
FS =0018 00000000 ffffffff 00cf9300 DPL=0 DS   [-WA]
GS =0018 00000000 ffffffff 00cf9300 DPL=0 DS   [-WA]
LDT=0000 00000000 0000ffff 00008200 DPL=0 LDT
TR =0000 00000000 0000ffff 00008b00 DPL=0 TSS32-busy
GDT=     000010b0 00000020
IDT=     00107020 000007ff
CR0=00000011 CR2=00000000 CR3=00000000 CR4=00000000
DR0=00000000 DR1=00000000 DR2=00000000 DR3=00000000 
DR6=ffff0ff0 DR7=00000400
CCS=000000ff CCD=ffffff78 CCO=SBBB
EFER=0000000000000000
check_exception old: 0xffffffff new 0x6
   144: v=06 e=0000 i=0 cpl=0 IP=0010:0000001b pc=0000001b SP=0018:00105e08 env->regs[R_EAX]=52f51107
EAX=52f51107 EBX=00010000 ECX=000003cd EDX=00000079
ESI=e987f000 EDI=00000000 EBP=00106ff8 ESP=00105e08
EIP=0000001b EFL=00000013 [----A-C] CPL=0 II=0 A20=1 SMM=0 HLT=0
ES =0018 00000000 ffffffff 00cf9300 DPL=0 DS   [-WA]
CS =0010 00000000 ffffffff 00cf9a00 DPL=0 CS32 [-R-]
SS =0018 00000000 ffffffff 00cf9300 DPL=0 DS   [-WA]
DS =0018 00000000 ffffffff 00cf9300 DPL=0 DS   [-WA]
FS =0018 00000000 ffffffff 00cf9300 DPL=0 DS   [-WA]
GS =0018 00000000 ffffffff 00cf9300 DPL=0 DS   [-WA]
LDT=0000 00000000 0000ffff 00008200 DPL=0 LDT
TR =0000 00000000 0000ffff 00008b00 DPL=0 TSS32-busy
GDT=     000010b0 00000020
IDT=     00107020 000007ff
CR0=00000011 CR2=00000000 CR3=00000000 CR4=00000000
DR0=00000000 DR1=00000000 DR2=00000000 DR3=00000000 
DR6=ffff0ff0 DR7=00000400
CCS=000000ff CCD=ffffff79 CCO=SBBB
EFER=0000000000000000
check_exception old: 0xffffffff new 0x6
   145: v=06 e=0000 i=0 cpl=0 IP=0010:0000001b pc=0000001b SP=0018:00105de4 env->regs[R_EAX]=35b90107
EAX=35b90107 EBX=00010000 ECX=000003cd EDX=0000007a
ESI=e987f000 EDI=00000000 EBP=00106ff8 ESP=00105de4
EIP=0000001b EFL=00000013 [----A-C] CPL=0 II=0 A20=1 SMM=0 HLT=0
ES =0018 00000000 ffffffff 00cf9300 DPL=0 DS   [-WA]
CS =0010 00000000 ffffffff 00cf9a00 DPL=0 CS32 [-R-]
SS =0018 00000000 ffffffff 00cf9300 DPL=0 DS   [-WA]
DS =0018 00000000 ffffffff 00cf9300 DPL=0 DS   [-WA]
FS =0018 00000000 ffffffff 00cf9300 DPL=0 DS   [-WA]
GS =0018 00000000 ffffffff 00cf9300 DPL=0 DS   [-WA]
LDT=0000 00000000 0000ffff 00008200 DPL=0 LDT
TR =0000 00000000 0000ffff 00008b00 DPL=0 TSS32-busy
GDT=     000010b0 00000020
IDT=     00107020 000007ff
CR0=00000011 CR2=00000000 CR3=00000000 CR4=00000000
DR0=00000000 DR1=00000000 DR2=00000000 DR3=00000000 
DR6=ffff0ff0 DR7=00000400
CCS=000000ff CCD=ffffff7a CCO=SBBB
EFER=0000000000000000
check_exception old: 0xffffffff new 0x6
   146: v=06 e=0000 i=0 cpl=0 IP=0010:0000001b pc=0000001b SP=0018:00105dc0 env->regs[R_EAX]=187cf107
EAX=187cf107 EBX=00010000 ECX=000003cd EDX=0000007b
ESI=e987f000 EDI=00000000 EBP=00106ff8 ESP=00105dc0
EIP=0000001b EFL=00000017 [----APC] CPL=0 II=0 A20=1 SMM=0 HLT=0
ES =0018 00000000 ffffffff 00cf9300 DPL=0 DS   [-WA]
CS =0010 00000000 ffffffff 00cf9a00 DPL=0 CS32 [-R-]
SS =0018 00000000 ffffffff 00cf9300 DPL=0 DS   [-WA]
DS =0018 00000000 ffffffff 00cf9300 DPL=0 DS   [-WA]
FS =0018 00000000 ffffffff 00cf9300 DPL=0 DS   [-WA]
GS =0018 00000000 ffffffff 00cf9300 DPL=0 DS   [-WA]
LDT=0000 00000000 0000ffff 00008200 DPL=0 LDT
TR =0000 00000000 0000ffff 00008b00 DPL=0 TSS32-busy
GDT=     000010b0 00000020
IDT=     00107020 000007ff
CR0=00000011 CR2=00000000 CR3=00000000 CR4=00000000
DR0=00000000 DR1=00000000 DR2=00000000 DR3=00000000 
DR6=ffff0ff0 DR7=00000400
CCS=000000ff CCD=ffffff7b CCO=SBBB
EFER=0000000000000000
check_exception old: 0xffffffff new 0x6
   147: v=06 e=0000 i=0 cpl=0 IP=0010:0000001b pc=0000001b SP=0018:00105d9c env->regs[R_EAX]=fb40e107
EAX=fb40e107 EBX=00010000 ECX=000003cd EDX=0000007c
ESI=e987f000 EDI=00000000 EBP=00106ff8 ESP=00105d9c
EIP=0000001b EFL=00000013 [----A-C] CPL=0 II=0 A20=1 SMM=0 HLT=0
ES =0018 00000000 ffffffff 00cf9300 DPL=0 DS   [-WA]
CS =0010 00000000 ffffffff 00cf9a00 DPL=0 CS32 [-R-]
SS =0018 00000000 ffffffff 00cf9300 DPL=0 DS   [-WA]
DS =0018 00000000 ffffffff 00cf9300 DPL=0 DS   [-WA]
FS =0018 00000000 ffffffff 00cf9300 DPL=0 DS   [-WA]
GS =0018 00000000 ffffffff 00cf9300 DPL=0 DS   [-WA]
LDT=0000 00000000 0000ffff 00008200 DPL=0 LDT
TR =0000 00000000 0000ffff 00008b00 DPL=0 TSS32-busy
GDT=     000010b0 00000020
IDT=     00107020 000007ff
CR0=00000011 CR2=00000000 CR3=00000000 CR4=00000000
DR0=00000000 DR1=00000000 DR2=00000000 DR3=00000000 
DR6=ffff0ff0 DR7=00000400
CCS=000000ff CCD=ffffff7c CCO=SBBB
EFER=0000000000000000
check_exception old: 0xffffffff new 0x6
   148: v=06 e=0000 i=0 cpl=0 IP=0010:0000001b pc=0000001b SP=0018:00105d78 env->regs[R_EAX]=de04d107
EAX=de04d107 EBX=00010000 ECX=000003cd EDX=0000007d
ESI=e987f000 EDI=00000000 EBP=00106ff8 ESP=00105d78
EIP=0000001b EFL=00000017 [----APC] CPL=0 II=0 A20=1 SMM=0 HLT=0
ES =0018 00000000 ffffffff 00cf9300 DPL=0 DS   [-WA]
CS =0010 00000000 ffffffff 00cf9a00 DPL=0 CS32 [-R-]
SS =0018 00000000 ffffffff 00cf9300 DPL=0 DS   [-WA]
DS =0018 00000000 ffffffff 00cf9300 DPL=0 DS   [-WA]
FS =0018 00000000 ffffffff 00cf9300 DPL=0 DS   [-WA]
GS =0018 00000000 ffffffff 00cf9300 DPL=0 DS   [-WA]
LDT=0000 00000000 0000ffff 00008200 DPL=0 LDT
TR =0000 00000000 0000ffff 00008b00 DPL=0 TSS32-busy
GDT=     000010b0 00000020
IDT=     00107020 000007ff
CR0=00000011 CR2=00000000 CR3=00000000 CR4=00000000
DR0=00000000 DR1=00000000 DR2=00000000 DR3=00000000 
DR6=ffff0ff0 DR7=00000400
CCS=000000ff CCD=ffffff7d CCO=SBBB
EFER=0000000000000000
check_exception old: 0xffffffff new 0x6
   149: v=06 e=0000 i=0 cpl=0 IP=0010:0000001b pc=0000001b SP=0018:00105d54 env->regs[R_EAX]=c0c8c107
EAX=c0c8c107 EBX=00010000 ECX=000003cd EDX=0000007e
ESI=e987f000 EDI=00000000 EBP=00106ff8 ESP=00105d54
EIP=0000001b EFL=00000017 [----APC] CPL=0 II=0 A20=1 SMM=0 HLT=0
ES =0018 00000000 ffffffff 00cf9300 DPL=0 DS   [-WA]
CS =0010 00000000 ffffffff 00cf9a00 DPL=0 CS32 [-R-]
SS =0018 00000000 ffffffff 00cf9300 DPL=0 DS   [-WA]
DS =0018 00000000 ffffffff 00cf9300 DPL=0 DS   [-WA]
FS =0018 00000000 ffffffff 00cf9300 DPL=0 DS   [-WA]
GS =0018 00000000 ffffffff 00cf9300 DPL=0 DS   [-WA]
LDT=0000 00000000 0000ffff 00008200 DPL=0 LDT
TR =0000 00000000 0000ffff 00008b00 DPL=0 TSS32-busy
GDT=     000010b0 00000020
IDT=     00107020 000007ff
CR0=00000011 CR2=00000000 CR3=00000000 CR4=00000000
DR0=00000000 DR1=00000000 DR2=00000000 DR3=00000000 
DR6=ffff0ff0 DR7=00000400
CCS=000000ff CCD=ffffff7e CCO=SBBB
EFER=0000000000000000
check_exception old: 0xffffffff new 0x6
   150: v=06 e=0000 i=0 cpl=0 IP=0010:0000001b pc=0000001b SP=0018:00105d30 env->regs[R_EAX]=a38cb107
EAX=a38cb107 EBX=00010000 ECX=000003cd EDX=0000007f
ESI=e987f000 EDI=00000000 EBP=00106ff8 ESP=00105d30
EIP=0000001b EFL=00000013 [----A-C] CPL=0 II=0 A20=1 SMM=0 HLT=0
ES =0018 00000000 ffffffff 00cf9300 DPL=0 DS   [-WA]
CS =0010 00000000 ffffffff 00cf9a00 DPL=0 CS32 [-R-]
SS =0018 00000000 ffffffff 00cf9300 DPL=0 DS   [-WA]
DS =0018 00000000 ffffffff 00cf9300 DPL=0 DS   [-WA]
FS =0018 00000000 ffffffff 00cf9300 DPL=0 DS   [-WA]
GS =0018 00000000 ffffffff 00cf9300 DPL=0 DS   [-WA]
LDT=0000 00000000 0000ffff 00008200 DPL=0 LDT
TR =0000 00000000 0000ffff 00008b00 DPL=0 TSS32-busy
GDT=     000010b0 00000020
IDT=     00107020 000007ff
CR0=00000011 CR2=00000000 CR3=00000000 CR4=00000000
DR0=00000000 DR1=00000000 DR2=00000000 DR3=00000000 
DR6=ffff0ff0 DR7=00000400
CCS=000000ff CCD=ffffff7f CCO=SBBB
EFER=0000000000000000
check_exception old: 0xffffffff new 0x6
   151: v=06 e=0000 i=0 cpl=0 IP=0010:0000001b pc=0000001b SP=0018:00105d0c env->regs[R_EAX]=8650a107
EAX=8650a107 EBX=00010000 ECX=000003cd EDX=00000080
ESI=e987f000 EDI=00000000 EBP=00106ff8 ESP=00105d0c
EIP=0000001b EFL=00000883 [-OS---C] CPL=0 II=0 A20=1 SMM=0 HLT=0
ES =0018 00000000 ffffffff 00cf9300 DPL=0 DS   [-WA]
CS =0010 00000000 ffffffff 00cf9a00 DPL=0 CS32 [-R-]
SS =0018 00000000 ffffffff 00cf9300 DPL=0 DS   [-WA]
DS =0018 00000000 ffffffff 00cf9300 DPL=0 DS   [-WA]
FS =0018 00000000 ffffffff 00cf9300 DPL=0 DS   [-WA]
GS =0018 00000000 ffffffff 00cf9300 DPL=0 DS   [-WA]
LDT=0000 00000000 0000ffff 00008200 DPL=0 LDT
TR =0000 00000000 0000ffff 00008b00 DPL=0 TSS32-busy
GDT=     000010b0 00000020
IDT=     00107020 000007ff
CR0=00000011 CR2=00000000 CR3=00000000 CR4=00000000
DR0=00000000 DR1=00000000 DR2=00000000 DR3=00000000 
DR6=ffff0ff0 DR7=00000400
CCS=000000ff CCD=ffffff80 CCO=SBBB
EFER=0000000000000000
check_exception old: 0xffffffff new 0x6
   152: v=06 e=0000 i=0 cpl=0 IP=0010:0000001b pc=0000001b SP=0018:00105ce8 env->regs[R_EAX]=69149107
EAX=69149107 EBX=00010000 ECX=000003cd EDX=00000081
ESI=e987f000 EDI=00000000 EBP=00106ff8 ESP=00105ce8
EIP=0000001b EFL=00000097 [--S-APC] CPL=0 II=0 A20=1 SMM=0 HLT=0
ES =0018 00000000 ffffffff 00cf9300 DPL=0 DS   [-WA]
CS =0010 00000000 ffffffff 00cf9a00 DPL=0 CS32 [-R-]
SS =0018 00000000 ffffffff 00cf9300 DPL=0 DS   [-WA]
DS =0018 00000000 ffffffff 00cf9300 DPL=0 DS   [-WA]
FS =0018 00000000 ffffffff 00cf9300 DPL=0 DS   [-WA]
GS =0018 00000000 ffffffff 00cf9300 DPL=0 DS   [-WA]
LDT=0000 00000000 0000ffff 00008200 DPL=0 LDT
TR =0000 00000000 0000ffff 00008b00 DPL=0 TSS32-busy
GDT=     000010b0 00000020
IDT=     00107020 000007ff
CR0=00000011 CR2=00000000 CR3=00000000 CR4=00000000
DR0=00000000 DR1=00000000 DR2=00000000 DR3=00000000 
DR6=ffff0ff0 DR7=00000400
CCS=000000ff CCD=ffffff81 CCO=SBBB
EFER=0000000000000000
check_exception old: 0xffffffff new 0x6
   153: v=06 e=0000 i=0 cpl=0 IP=0010:0000001b pc=0000001b SP=0018:00105cc4 env->regs[R_EAX]=4bd88107
EAX=4bd88107 EBX=00010000 ECX=000003cd EDX=00000082
ESI=e987f000 EDI=00000000 EBP=00106ff8 ESP=00105cc4
EIP=0000001b EFL=00000097 [--S-APC] CPL=0 II=0 A20=1 SMM=0 HLT=0
ES =0018 00000000 ffffffff 00cf9300 DPL=0 DS   [-WA]
CS =0010 00000000 ffffffff 00cf9a00 DPL=0 CS32 [-R-]
SS =0018 00000000 ffffffff 00cf9300 DPL=0 DS   [-WA]
DS =0018 00000000 ffffffff 00cf9300 DPL=0 DS   [-WA]
FS =0018 00000000 ffffffff 00cf9300 DPL=0 DS   [-WA]
GS =0018 00000000 ffffffff 00cf9300 DPL=0 DS   [-WA]
LDT=0000 00000000 0000ffff 00008200 DPL=0 LDT
TR =0000 00000000 0000ffff 00008b00 DPL=0 TSS32-busy
GDT=     000010b0 00000020
IDT=     00107020 000007ff
CR0=00000011 CR2=00000000 CR3=00000000 CR4=00000000
DR0=00000000 DR1=00000000 DR2=00000000 DR3=00000000 
DR6=ffff0ff0 DR7=00000400
CCS=000000ff CCD=ffffff82 CCO=SBBB
EFER=0000000000000000
check_exception old: 0xffffffff new 0x6
   154: v=06 e=0000 i=0 cpl=0 IP=0010:0000001b pc=0000001b SP=0018:00105ca0 env->regs[R_EAX]=2e9c7107
EAX=2e9c7107 EBX=00010000 ECX=000003cd EDX=00000083
ESI=e987f000 EDI=00000000 EBP=00106ff8 ESP=00105ca0
EIP=0000001b EFL=00000093 [--S-A-C] CPL=0 II=0 A20=1 SMM=0 HLT=0
ES =0018 00000000 ffffffff 00cf9300 DPL=0 DS   [-WA]
CS =0010 00000000 ffffffff 00cf9a00 DPL=0 CS32 [-R-]
SS =0018 00000000 ffffffff 00cf9300 DPL=0 DS   [-WA]
DS =0018 00000000 ffffffff 00cf9300 DPL=0 DS   [-WA]
FS =0018 00000000 ffffffff 00cf9300 DPL=0 DS   [-WA]
GS =0018 00000000 ffffffff 00cf9300 DPL=0 DS   [-WA]
LDT=0000 00000000 0000ffff 00008200 DPL=0 LDT
TR =0000 00000000 0000ffff 00008b00 DPL=0 TSS32-busy
GDT=     000010b0 00000020
IDT=     00107020 000007ff
CR0=00000011 CR2=00000000 CR3=00000000 CR4=00000000
DR0=00000000 DR1=00000000 DR2=00000000 DR3=00000000 
DR6=ffff0ff0 DR7=00000400
CCS=000000ff CCD=ffffff83 CCO=SBBB
EFER=0000000000000000
check_exception old: 0xffffffff new 0x6
   155: v=06 e=0000 i=0 cpl=0 IP=0010:0000001b pc=0000001b SP=0018:00105c7c env->regs[R_EAX]=11606107
EAX=11606107 EBX=00010000 ECX=000003cd EDX=00000084
ESI=e987f000 EDI=00000000 EBP=00106ff8 ESP=00105c7c
EIP=0000001b EFL=00000097 [--S-APC] CPL=0 II=0 A20=1 SMM=0 HLT=0
ES =0018 00000000 ffffffff 00cf9300 DPL=0 DS   [-WA]
CS =0010 00000000 ffffffff 00cf9a00 DPL=0 CS32 [-R-]
SS =0018 00000000 ffffffff 00cf9300 DPL=0 DS   [-WA]
DS =0018 00000000 ffffffff 00cf9300 DPL=0 DS   [-WA]
FS =0018 00000000 ffffffff 00cf9300 DPL=0 DS   [-WA]
GS =0018 00000000 ffffffff 00cf9300 DPL=0 DS   [-WA]
LDT=0000 00000000 0000ffff 00008200 DPL=0 LDT
TR =0000 00000000 0000ffff 00008b00 DPL=0 TSS32-busy
GDT=     000010b0 00000020
IDT=     00107020 000007ff
CR0=00000011 CR2=00000000 CR3=00000000 CR4=00000000
DR0=00000000 DR1=00000000 DR2=00000000 DR3=00000000 
DR6=ffff0ff0 DR7=00000400
CCS=000000ff CCD=ffffff84 CCO=SBBB
EFER=0000000000000000
check_exception old: 0xffffffff new 0x6
   156: v=06 e=0000 i=0 cpl=0 IP=0010:0000001b pc=0000001b SP=0018:00105c58 env->regs[R_EAX]=f4245107
EAX=f4245107 EBX=00010000 ECX=000003cd EDX=00000085
ESI=e987f000 EDI=00000000 EBP=00106ff8 ESP=00105c58
EIP=0000001b EFL=00000093 [--S-A-C] CPL=0 II=0 A20=1 SMM=0 HLT=0
ES =0018 00000000 ffffffff 00cf9300 DPL=0 DS   [-WA]
CS =0010 00000000 ffffffff 00cf9a00 DPL=0 CS32 [-R-]
SS =0018 00000000 ffffffff 00cf9300 DPL=0 DS   [-WA]
DS =0018 00000000 ffffffff 00cf9300 DPL=0 DS   [-WA]
FS =0018 00000000 ffffffff 00cf9300 DPL=0 DS   [-WA]
GS =0018 00000000 ffffffff 00cf9300 DPL=0 DS   [-WA]
LDT=0000 00000000 0000ffff 00008200 DPL=0 LDT
TR =0000 00000000 0000ffff 00008b00 DPL=0 TSS32-busy
GDT=     000010b0 00000020
IDT=     00107020 000007ff
CR0=00000011 CR2=00000000 CR3=00000000 CR4=00000000
DR0=00000000 DR1=00000000 DR2=00000000 DR3=00000000 
DR6=ffff0ff0 DR7=00000400
CCS=000000ff CCD=ffffff85 CCO=SBBB
EFER=0000000000000000
check_exception old: 0xffffffff new 0x6
   157: v=06 e=0000 i=0 cpl=0 IP=0010:0000001b pc=0000001b SP=0018:00105c34 env->regs[R_EAX]=d6e84107
EAX=d6e84107 EBX=00010000 ECX=000003cd EDX=00000086
ESI=e987f000 EDI=00000000 EBP=00106ff8 ESP=00105c34
EIP=0000001b EFL=00000093 [--S-A-C] CPL=0 II=0 A20=1 SMM=0 HLT=0
ES =0018 00000000 ffffffff 00cf9300 DPL=0 DS   [-WA]
CS =0010 00000000 ffffffff 00cf9a00 DPL=0 CS32 [-R-]
SS =0018 00000000 ffffffff 00cf9300 DPL=0 DS   [-WA]
DS =0018 00000000 ffffffff 00cf9300 DPL=0 DS   [-WA]
FS =0018 00000000 ffffffff 00cf9300 DPL=0 DS   [-WA]
GS =0018 00000000 ffffffff 00cf9300 DPL=0 DS   [-WA]
LDT=0000 00000000 0000ffff 00008200 DPL=0 LDT
TR =0000 00000000 0000ffff 00008b00 DPL=0 TSS32-busy
GDT=     000010b0 00000020
IDT=     00107020 000007ff
CR0=00000011 CR2=00000000 CR3=00000000 CR4=00000000
DR0=00000000 DR1=00000000 DR2=00000000 DR3=00000000 
DR6=ffff0ff0 DR7=00000400
CCS=000000ff CCD=ffffff86 CCO=SBBB
EFER=0000000000000000
check_exception old: 0xffffffff new 0x6
   158: v=06 e=0000 i=0 cpl=0 IP=0010:0000001b pc=0000001b SP=0018:00105c10 env->regs[R_EAX]=b9ac3107
EAX=b9ac3107 EBX=00010000 ECX=000003cd EDX=00000087
ESI=e987f000 EDI=00000000 EBP=00106ff8 ESP=00105c10
EIP=0000001b EFL=00000097 [--S-APC] CPL=0 II=0 A20=1 SMM=0 HLT=0
ES =0018 00000000 ffffffff 00cf9300 DPL=0 DS   [-WA]
CS =0010 00000000 ffffffff 00cf9a00 DPL=0 CS32 [-R-]
SS =0018 00000000 ffffffff 00cf9300 DPL=0 DS   [-WA]
DS =0018 00000000 ffffffff 00cf9300 DPL=0 DS   [-WA]
FS =0018 00000000 ffffffff 00cf9300 DPL=0 DS   [-WA]
GS =0018 00000000 ffffffff 00cf9300 DPL=0 DS   [-WA]
LDT=0000 00000000 0000ffff 00008200 DPL=0 LDT
TR =0000 00000000 0000ffff 00008b00 DPL=0 TSS32-busy
GDT=     000010b0 00000020
IDT=     00107020 000007ff
CR0=00000011 CR2=00000000 CR3=00000000 CR4=00000000
DR0=00000000 DR1=00000000 DR2=00000000 DR3=00000000 
DR6=ffff0ff0 DR7=00000400
CCS=000000ff CCD=ffffff87 CCO=SBBB
EFER=0000000000000000
check_exception old: 0xffffffff new 0x6
   159: v=06 e=0000 i=0 cpl=0 IP=0010:0000001b pc=0000001b SP=0018:00105bec env->regs[R_EAX]=9c702107
EAX=9c702107 EBX=00010000 ECX=000003cd EDX=00000088
ESI=e987f000 EDI=00000000 EBP=00106ff8 ESP=00105bec
EIP=0000001b EFL=00000097 [--S-APC] CPL=0 II=0 A20=1 SMM=0 HLT=0
ES =0018 00000000 ffffffff 00cf9300 DPL=0 DS   [-WA]
CS =0010 00000000 ffffffff 00cf9a00 DPL=0 CS32 [-R-]
SS =0018 00000000 ffffffff 00cf9300 DPL=0 DS   [-WA]
DS =0018 00000000 ffffffff 00cf9300 DPL=0 DS   [-WA]
FS =0018 00000000 ffffffff 00cf9300 DPL=0 DS   [-WA]
GS =0018 00000000 ffffffff 00cf9300 DPL=0 DS   [-WA]
LDT=0000 00000000 0000ffff 00008200 DPL=0 LDT
TR =0000 00000000 0000ffff 00008b00 DPL=0 TSS32-busy
GDT=     000010b0 00000020
IDT=     00107020 000007ff
CR0=00000011 CR2=00000000 CR3=00000000 CR4=00000000
DR0=00000000 DR1=00000000 DR2=00000000 DR3=00000000 
DR6=ffff0ff0 DR7=00000400
CCS=000000ff CCD=ffffff88 CCO=SBBB
EFER=0000000000000000
check_exception old: 0xffffffff new 0x6
   160: v=06 e=0000 i=0 cpl=0 IP=0010:0000001b pc=0000001b SP=0018:00105bc8 env->regs[R_EAX]=7f341107
EAX=7f341107 EBX=00010000 ECX=000003cd EDX=00000089
ESI=e987f000 EDI=00000000 EBP=00106ff8 ESP=00105bc8
EIP=0000001b EFL=00000093 [--S-A-C] CPL=0 II=0 A20=1 SMM=0 HLT=0
ES =0018 00000000 ffffffff 00cf9300 DPL=0 DS   [-WA]
CS =0010 00000000 ffffffff 00cf9a00 DPL=0 CS32 [-R-]
SS =0018 00000000 ffffffff 00cf9300 DPL=0 DS   [-WA]
DS =0018 00000000 ffffffff 00cf9300 DPL=0 DS   [-WA]
FS =0018 00000000 ffffffff 00cf9300 DPL=0 DS   [-WA]
GS =0018 00000000 ffffffff 00cf9300 DPL=0 DS   [-WA]
LDT=0000 00000000 0000ffff 00008200 DPL=0 LDT
TR =0000 00000000 0000ffff 00008b00 DPL=0 TSS32-busy
GDT=     000010b0 00000020
IDT=     00107020 000007ff
CR0=00000011 CR2=00000000 CR3=00000000 CR4=00000000
DR0=00000000 DR1=00000000 DR2=00000000 DR3=00000000 
DR6=ffff0ff0 DR7=00000400
CCS=000000ff CCD=ffffff89 CCO=SBBB
EFER=0000000000000000
check_exception old: 0xffffffff new 0x6
   161: v=06 e=0000 i=0 cpl=0 IP=0010:0000001b pc=0000001b SP=0018:00105ba4 env->regs[R_EAX]=61f80107
EAX=61f80107 EBX=00010000 ECX=000003cd EDX=0000008a
ESI=e987f000 EDI=00000000 EBP=00106ff8 ESP=00105ba4
EIP=0000001b EFL=00000093 [--S-A-C] CPL=0 II=0 A20=1 SMM=0 HLT=0
ES =0018 00000000 ffffffff 00cf9300 DPL=0 DS   [-WA]
CS =0010 00000000 ffffffff 00cf9a00 DPL=0 CS32 [-R-]
SS =0018 00000000 ffffffff 00cf9300 DPL=0 DS   [-WA]
DS =0018 00000000 ffffffff 00cf9300 DPL=0 DS   [-WA]
FS =0018 00000000 ffffffff 00cf9300 DPL=0 DS   [-WA]
GS =0018 00000000 ffffffff 00cf9300 DPL=0 DS   [-WA]
LDT=0000 00000000 0000ffff 00008200 DPL=0 LDT
TR =0000 00000000 0000ffff 00008b00 DPL=0 TSS32-busy
GDT=     000010b0 00000020
IDT=     00107020 000007ff
CR0=00000011 CR2=00000000 CR3=00000000 CR4=00000000
DR0=00000000 DR1=00000000 DR2=00000000 DR3=00000000 
DR6=ffff0ff0 DR7=00000400
CCS=000000ff CCD=ffffff8a CCO=SBBB
EFER=0000000000000000
check_exception old: 0xffffffff new 0x6
   162: v=06 e=0000 i=0 cpl=0 IP=0010:0000001b pc=0000001b SP=0018:00105b80 env->regs[R_EAX]=44bbf107
EAX=44bbf107 EBX=00010000 ECX=000003cd EDX=0000008b
ESI=e987f000 EDI=00000000 EBP=00106ff8 ESP=00105b80
EIP=0000001b EFL=00000097 [--S-APC] CPL=0 II=0 A20=1 SMM=0 HLT=0
ES =0018 00000000 ffffffff 00cf9300 DPL=0 DS   [-WA]
CS =0010 00000000 ffffffff 00cf9a00 DPL=0 CS32 [-R-]
SS =0018 00000000 ffffffff 00cf9300 DPL=0 DS   [-WA]
DS =0018 00000000 ffffffff 00cf9300 DPL=0 DS   [-WA]
FS =0018 00000000 ffffffff 00cf9300 DPL=0 DS   [-WA]
GS =0018 00000000 ffffffff 00cf9300 DPL=0 DS   [-WA]
LDT=0000 00000000 0000ffff 00008200 DPL=0 LDT
TR =0000 00000000 0000ffff 00008b00 DPL=0 TSS32-busy
GDT=     000010b0 00000020
IDT=     00107020 000007ff
CR0=00000011 CR2=00000000 CR3=00000000 CR4=00000000
DR0=00000000 DR1=00000000 DR2=00000000 DR3=00000000 
DR6=ffff0ff0 DR7=00000400
CCS=000000ff CCD=ffffff8b CCO=SBBB
EFER=0000000000000000
check_exception old: 0xffffffff new 0x6
   163: v=06 e=0000 i=0 cpl=0 IP=0010:0000001b pc=0000001b SP=0018:00105b5c env->regs[R_EAX]=277fe107
EAX=277fe107 EBX=00010000 ECX=000003cd EDX=0000008c
ESI=e987f000 EDI=00000000 EBP=00106ff8 ESP=00105b5c
EIP=0000001b EFL=00000093 [--S-A-C] CPL=0 II=0 A20=1 SMM=0 HLT=0
ES =0018 00000000 ffffffff 00cf9300 DPL=0 DS   [-WA]
CS =0010 00000000 ffffffff 00cf9a00 DPL=0 CS32 [-R-]
SS =0018 00000000 ffffffff 00cf9300 DPL=0 DS   [-WA]
DS =0018 00000000 ffffffff 00cf9300 DPL=0 DS   [-WA]
FS =0018 00000000 ffffffff 00cf9300 DPL=0 DS   [-WA]
GS =0018 00000000 ffffffff 00cf9300 DPL=0 DS   [-WA]
LDT=0000 00000000 0000ffff 00008200 DPL=0 LDT
TR =0000 00000000 0000ffff 00008b00 DPL=0 TSS32-busy
GDT=     000010b0 00000020
IDT=     00107020 000007ff
CR0=00000011 CR2=00000000 CR3=00000000 CR4=00000000
DR0=00000000 DR1=00000000 DR2=00000000 DR3=00000000 
DR6=ffff0ff0 DR7=00000400
CCS=000000ff CCD=ffffff8c CCO=SBBB
EFER=0000000000000000
check_exception old: 0xffffffff new 0x6
   164: v=06 e=0000 i=0 cpl=0 IP=0010:0000001b pc=0000001b SP=0018:00105b38 env->regs[R_EAX]=0a43d107
EAX=0a43d107 EBX=00010000 ECX=000003cd EDX=0000008d
ESI=e987f000 EDI=00000000 EBP=00106ff8 ESP=00105b38
EIP=0000001b EFL=00000097 [--S-APC] CPL=0 II=0 A20=1 SMM=0 HLT=0
ES =0018 00000000 ffffffff 00cf9300 DPL=0 DS   [-WA]
CS =0010 00000000 ffffffff 00cf9a00 DPL=0 CS32 [-R-]
SS =0018 00000000 ffffffff 00cf9300 DPL=0 DS   [-WA]
DS =0018 00000000 ffffffff 00cf9300 DPL=0 DS   [-WA]
FS =0018 00000000 ffffffff 00cf9300 DPL=0 DS   [-WA]
GS =0018 00000000 ffffffff 00cf9300 DPL=0 DS   [-WA]
LDT=0000 00000000 0000ffff 00008200 DPL=0 LDT
TR =0000 00000000 0000ffff 00008b00 DPL=0 TSS32-busy
GDT=     000010b0 00000020
IDT=     00107020 000007ff
CR0=00000011 CR2=00000000 CR3=00000000 CR4=00000000
DR0=00000000 DR1=00000000 DR2=00000000 DR3=00000000 
DR6=ffff0ff0 DR7=00000400
CCS=000000ff CCD=ffffff8d CCO=SBBB
EFER=0000000000000000
check_exception old: 0xffffffff new 0x6
   165: v=06 e=0000 i=0 cpl=0 IP=0010:0000001b pc=0000001b SP=0018:00105b14 env->regs[R_EAX]=ed07c107
EAX=ed07c107 EBX=00010000 ECX=000003cd EDX=0000008e
ESI=e987f000 EDI=00000000 EBP=00106ff8 ESP=00105b14
EIP=0000001b EFL=00000097 [--S-APC] CPL=0 II=0 A20=1 SMM=0 HLT=0
ES =0018 00000000 ffffffff 00cf9300 DPL=0 DS   [-WA]
CS =0010 00000000 ffffffff 00cf9a00 DPL=0 CS32 [-R-]
SS =0018 00000000 ffffffff 00cf9300 DPL=0 DS   [-WA]
DS =0018 00000000 ffffffff 00cf9300 DPL=0 DS   [-WA]
FS =0018 00000000 ffffffff 00cf9300 DPL=0 DS   [-WA]
GS =0018 00000000 ffffffff 00cf9300 DPL=0 DS   [-WA]
LDT=0000 00000000 0000ffff 00008200 DPL=0 LDT
TR =0000 00000000 0000ffff 00008b00 DPL=0 TSS32-busy
GDT=     000010b0 00000020
IDT=     00107020 000007ff
CR0=00000011 CR2=00000000 CR3=00000000 CR4=00000000
DR0=00000000 DR1=00000000 DR2=00000000 DR3=00000000 
DR6=ffff0ff0 DR7=00000400
CCS=000000ff CCD=ffffff8e CCO=SBBB
EFER=0000000000000000
check_exception old: 0xffffffff new 0x6
   166: v=06 e=0000 i=0 cpl=0 IP=0010:0000001b pc=0000001b SP=0018:00105af0 env->regs[R_EAX]=cfcbb107
EAX=cfcbb107 EBX=00010000 ECX=000003cd EDX=0000008f
ESI=e987f000 EDI=00000000 EBP=00106ff8 ESP=00105af0
EIP=0000001b EFL=00000093 [--S-A-C] CPL=0 II=0 A20=1 SMM=0 HLT=0
ES =0018 00000000 ffffffff 00cf9300 DPL=0 DS   [-WA]
CS =0010 00000000 ffffffff 00cf9a00 DPL=0 CS32 [-R-]
SS =0018 00000000 ffffffff 00cf9300 DPL=0 DS   [-WA]
DS =0018 00000000 ffffffff 00cf9300 DPL=0 DS   [-WA]
FS =0018 00000000 ffffffff 00cf9300 DPL=0 DS   [-WA]
GS =0018 00000000 ffffffff 00cf9300 DPL=0 DS   [-WA]
LDT=0000 00000000 0000ffff 00008200 DPL=0 LDT
TR =0000 00000000 0000ffff 00008b00 DPL=0 TSS32-busy
GDT=     000010b0 00000020
IDT=     00107020 000007ff
CR0=00000011 CR2=00000000 CR3=00000000 CR4=00000000
DR0=00000000 DR1=00000000 DR2=00000000 DR3=00000000 
DR6=ffff0ff0 DR7=00000400
CCS=000000ff CCD=ffffff8f CCO=SBBB
EFER=0000000000000000
check_exception old: 0xffffffff new 0x6
   167: v=06 e=0000 i=0 cpl=0 IP=0010:0000001b pc=0000001b SP=0018:00105acc env->regs[R_EAX]=b28fa107
EAX=b28fa107 EBX=00010000 ECX=000003cd EDX=00000090
ESI=e987f000 EDI=00000000 EBP=00106ff8 ESP=00105acc
EIP=0000001b EFL=00000087 [--S--PC] CPL=0 II=0 A20=1 SMM=0 HLT=0
ES =0018 00000000 ffffffff 00cf9300 DPL=0 DS   [-WA]
CS =0010 00000000 ffffffff 00cf9a00 DPL=0 CS32 [-R-]
SS =0018 00000000 ffffffff 00cf9300 DPL=0 DS   [-WA]
DS =0018 00000000 ffffffff 00cf9300 DPL=0 DS   [-WA]
FS =0018 00000000 ffffffff 00cf9300 DPL=0 DS   [-WA]
GS =0018 00000000 ffffffff 00cf9300 DPL=0 DS   [-WA]
LDT=0000 00000000 0000ffff 00008200 DPL=0 LDT
TR =0000 00000000 0000ffff 00008b00 DPL=0 TSS32-busy
GDT=     000010b0 00000020
IDT=     00107020 000007ff
CR0=00000011 CR2=00000000 CR3=00000000 CR4=00000000
DR0=00000000 DR1=00000000 DR2=00000000 DR3=00000000 
DR6=ffff0ff0 DR7=00000400
CCS=000000ff CCD=ffffff90 CCO=SBBB
EFER=0000000000000000
check_exception old: 0xffffffff new 0x6
   168: v=06 e=0000 i=0 cpl=0 IP=0010:0000001b pc=0000001b SP=0018:00105aa8 env->regs[R_EAX]=95539107
EAX=95539107 EBX=00010000 ECX=000003cd EDX=00000091
ESI=e987f000 EDI=00000000 EBP=00106ff8 ESP=00105aa8
EIP=0000001b EFL=00000093 [--S-A-C] CPL=0 II=0 A20=1 SMM=0 HLT=0
ES =0018 00000000 ffffffff 00cf9300 DPL=0 DS   [-WA]
CS =0010 00000000 ffffffff 00cf9a00 DPL=0 CS32 [-R-]
SS =0018 00000000 ffffffff 00cf9300 DPL=0 DS   [-WA]
DS =0018 00000000 ffffffff 00cf9300 DPL=0 DS   [-WA]
FS =0018 00000000 ffffffff 00cf9300 DPL=0 DS   [-WA]
GS =0018 00000000 ffffffff 00cf9300 DPL=0 DS   [-WA]
LDT=0000 00000000 0000ffff 00008200 DPL=0 LDT
TR =0000 00000000 0000ffff 00008b00 DPL=0 TSS32-busy
GDT=     000010b0 00000020
IDT=     00107020 000007ff
CR0=00000011 CR2=00000000 CR3=00000000 CR4=00000000
DR0=00000000 DR1=00000000 DR2=00000000 DR3=00000000 
DR6=ffff0ff0 DR7=00000400
CCS=000000ff CCD=ffffff91 CCO=SBBB
EFER=0000000000000000
check_exception old: 0xffffffff new 0x6
   169: v=06 e=0000 i=0 cpl=0 IP=0010:0000001b pc=0000001b SP=0018:00105a84 env->regs[R_EAX]=78178107
EAX=78178107 EBX=00010000 ECX=000003cd EDX=00000092
ESI=e987f000 EDI=00000000 EBP=00106ff8 ESP=00105a84
EIP=0000001b EFL=00000093 [--S-A-C] CPL=0 II=0 A20=1 SMM=0 HLT=0
ES =0018 00000000 ffffffff 00cf9300 DPL=0 DS   [-WA]
CS =0010 00000000 ffffffff 00cf9a00 DPL=0 CS32 [-R-]
SS =0018 00000000 ffffffff 00cf9300 DPL=0 DS   [-WA]
DS =0018 00000000 ffffffff 00cf9300 DPL=0 DS   [-WA]
FS =0018 00000000 ffffffff 00cf9300 DPL=0 DS   [-WA]
GS =0018 00000000 ffffffff 00cf9300 DPL=0 DS   [-WA]
LDT=0000 00000000 0000ffff 00008200 DPL=0 LDT
TR =0000 00000000 0000ffff 00008b00 DPL=0 TSS32-busy
GDT=     000010b0 00000020
IDT=     00107020 000007ff
CR0=00000011 CR2=00000000 CR3=00000000 CR4=00000000
DR0=00000000 DR1=00000000 DR2=00000000 DR3=00000000 
DR6=ffff0ff0 DR7=00000400
CCS=000000ff CCD=ffffff92 CCO=SBBB
EFER=0000000000000000
check_exception old: 0xffffffff new 0x6
   170: v=06 e=0000 i=0 cpl=0 IP=0010:0000001b pc=0000001b SP=0018:00105a60 env->regs[R_EAX]=5adb7107
EAX=5adb7107 EBX=00010000 ECX=000003cd EDX=00000093
ESI=e987f000 EDI=00000000 EBP=00106ff8 ESP=00105a60
EIP=0000001b EFL=00000097 [--S-APC] CPL=0 II=0 A20=1 SMM=0 HLT=0
ES =0018 00000000 ffffffff 00cf9300 DPL=0 DS   [-WA]
CS =0010 00000000 ffffffff 00cf9a00 DPL=0 CS32 [-R-]
SS =0018 00000000 ffffffff 00cf9300 DPL=0 DS   [-WA]
DS =0018 00000000 ffffffff 00cf9300 DPL=0 DS   [-WA]
FS =0018 00000000 ffffffff 00cf9300 DPL=0 DS   [-WA]
GS =0018 00000000 ffffffff 00cf9300 DPL=0 DS   [-WA]
LDT=0000 00000000 0000ffff 00008200 DPL=0 LDT
TR =0000 00000000 0000ffff 00008b00 DPL=0 TSS32-busy
GDT=     000010b0 00000020
IDT=     00107020 000007ff
CR0=00000011 CR2=00000000 CR3=00000000 CR4=00000000
DR0=00000000 DR1=00000000 DR2=00000000 DR3=00000000 
DR6=ffff0ff0 DR7=00000400
CCS=000000ff CCD=ffffff93 CCO=SBBB
EFER=0000000000000000
check_exception old: 0xffffffff new 0x6
   171: v=06 e=0000 i=0 cpl=0 IP=0010:0000001b pc=0000001b SP=0018:00105a3c env->regs[R_EAX]=3d9f6107
EAX=3d9f6107 EBX=00010000 ECX=000003cd EDX=00000094
ESI=e987f000 EDI=00000000 EBP=00106ff8 ESP=00105a3c
EIP=0000001b EFL=00000093 [--S-A-C] CPL=0 II=0 A20=1 SMM=0 HLT=0
ES =0018 00000000 ffffffff 00cf9300 DPL=0 DS   [-WA]
CS =0010 00000000 ffffffff 00cf9a00 DPL=0 CS32 [-R-]
SS =0018 00000000 ffffffff 00cf9300 DPL=0 DS   [-WA]
DS =0018 00000000 ffffffff 00cf9300 DPL=0 DS   [-WA]
FS =0018 00000000 ffffffff 00cf9300 DPL=0 DS   [-WA]
GS =0018 00000000 ffffffff 00cf9300 DPL=0 DS   [-WA]
LDT=0000 00000000 0000ffff 00008200 DPL=0 LDT
TR =0000 00000000 0000ffff 00008b00 DPL=0 TSS32-busy
GDT=     000010b0 00000020
IDT=     00107020 000007ff
CR0=00000011 CR2=00000000 CR3=00000000 CR4=00000000
DR0=00000000 DR1=00000000 DR2=00000000 DR3=00000000 
DR6=ffff0ff0 DR7=00000400
CCS=000000ff CCD=ffffff94 CCO=SBBB
EFER=0000000000000000
check_exception old: 0xffffffff new 0x6
   172: v=06 e=0000 i=0 cpl=0 IP=0010:0000001b pc=0000001b SP=0018:00105a18 env->regs[R_EAX]=20635107
EAX=20635107 EBX=00010000 ECX=000003cd EDX=00000095
ESI=e987f000 EDI=00000000 EBP=00106ff8 ESP=00105a18
EIP=0000001b EFL=00000097 [--S-APC] CPL=0 II=0 A20=1 SMM=0 HLT=0
ES =0018 00000000 ffffffff 00cf9300 DPL=0 DS   [-WA]
CS =0010 00000000 ffffffff 00cf9a00 DPL=0 CS32 [-R-]
SS =0018 00000000 ffffffff 00cf9300 DPL=0 DS   [-WA]
DS =0018 00000000 ffffffff 00cf9300 DPL=0 DS   [-WA]
FS =0018 00000000 ffffffff 00cf9300 DPL=0 DS   [-WA]
GS =0018 00000000 ffffffff 00cf9300 DPL=0 DS   [-WA]
LDT=0000 00000000 0000ffff 00008200 DPL=0 LDT
TR =0000 00000000 0000ffff 00008b00 DPL=0 TSS32-busy
GDT=     000010b0 00000020
IDT=     00107020 000007ff
CR0=00000011 CR2=00000000 CR3=00000000 CR4=00000000
DR0=00000000 DR1=00000000 DR2=00000000 DR3=00000000 
DR6=ffff0ff0 DR7=00000400
CCS=000000ff CCD=ffffff95 CCO=SBBB
EFER=0000000000000000
check_exception old: 0xffffffff new 0x6
   173: v=06 e=0000 i=0 cpl=0 IP=0010:0000001b pc=0000001b SP=0018:001059f4 env->regs[R_EAX]=03274107
EAX=03274107 EBX=00010000 ECX=000003cd EDX=00000096
ESI=e987f000 EDI=00000000 EBP=00106ff8 ESP=001059f4
EIP=0000001b EFL=00000097 [--S-APC] CPL=0 II=0 A20=1 SMM=0 HLT=0
ES =0018 00000000 ffffffff 00cf9300 DPL=0 DS   [-WA]
CS =0010 00000000 ffffffff 00cf9a00 DPL=0 CS32 [-R-]
SS =0018 00000000 ffffffff 00cf9300 DPL=0 DS   [-WA]
DS =0018 00000000 ffffffff 00cf9300 DPL=0 DS   [-WA]
FS =0018 00000000 ffffffff 00cf9300 DPL=0 DS   [-WA]
GS =0018 00000000 ffffffff 00cf9300 DPL=0 DS   [-WA]
LDT=0000 00000000 0000ffff 00008200 DPL=0 LDT
TR =0000 00000000 0000ffff 00008b00 DPL=0 TSS32-busy
GDT=     000010b0 00000020
IDT=     00107020 000007ff
CR0=00000011 CR2=00000000 CR3=00000000 CR4=00000000
DR0=00000000 DR1=00000000 DR2=00000000 DR3=00000000 
DR6=ffff0ff0 DR7=00000400
CCS=000000ff CCD=ffffff96 CCO=SBBB
EFER=0000000000000000
check_exception old: 0xffffffff new 0x6
   174: v=06 e=0000 i=0 cpl=0 IP=0010:0000001b pc=0000001b SP=0018:001059d0 env->regs[R_EAX]=e5eb3107
EAX=e5eb3107 EBX=00010000 ECX=000003cd EDX=00000097
ESI=e987f000 EDI=00000000 EBP=00106ff8 ESP=001059d0
EIP=0000001b EFL=00000093 [--S-A-C] CPL=0 II=0 A20=1 SMM=0 HLT=0
ES =0018 00000000 ffffffff 00cf9300 DPL=0 DS   [-WA]
CS =0010 00000000 ffffffff 00cf9a00 DPL=0 CS32 [-R-]
SS =0018 00000000 ffffffff 00cf9300 DPL=0 DS   [-WA]
DS =0018 00000000 ffffffff 00cf9300 DPL=0 DS   [-WA]
FS =0018 00000000 ffffffff 00cf9300 DPL=0 DS   [-WA]
GS =0018 00000000 ffffffff 00cf9300 DPL=0 DS   [-WA]
LDT=0000 00000000 0000ffff 00008200 DPL=0 LDT
TR =0000 00000000 0000ffff 00008b00 DPL=0 TSS32-busy
GDT=     000010b0 00000020
IDT=     00107020 000007ff
CR0=00000011 CR2=00000000 CR3=00000000 CR4=00000000
DR0=00000000 DR1=00000000 DR2=00000000 DR3=00000000 
DR6=ffff0ff0 DR7=00000400
CCS=000000ff CCD=ffffff97 CCO=SBBB
EFER=0000000000000000
check_exception old: 0xffffffff new 0x6
   175: v=06 e=0000 i=0 cpl=0 IP=0010:0000001b pc=0000001b SP=0018:001059ac env->regs[R_EAX]=c8af2107
EAX=c8af2107 EBX=00010000 ECX=000003cd EDX=00000098
ESI=e987f000 EDI=00000000 EBP=00106ff8 ESP=001059ac
EIP=0000001b EFL=00000093 [--S-A-C] CPL=0 II=0 A20=1 SMM=0 HLT=0
ES =0018 00000000 ffffffff 00cf9300 DPL=0 DS   [-WA]
CS =0010 00000000 ffffffff 00cf9a00 DPL=0 CS32 [-R-]
SS =0018 00000000 ffffffff 00cf9300 DPL=0 DS   [-WA]
DS =0018 00000000 ffffffff 00cf9300 DPL=0 DS   [-WA]
FS =0018 00000000 ffffffff 00cf9300 DPL=0 DS   [-WA]
GS =0018 00000000 ffffffff 00cf9300 DPL=0 DS   [-WA]
LDT=0000 00000000 0000ffff 00008200 DPL=0 LDT
TR =0000 00000000 0000ffff 00008b00 DPL=0 TSS32-busy
GDT=     000010b0 00000020
IDT=     00107020 000007ff
CR0=00000011 CR2=00000000 CR3=00000000 CR4=00000000
DR0=00000000 DR1=00000000 DR2=00000000 DR3=00000000 
DR6=ffff0ff0 DR7=00000400
CCS=000000ff CCD=ffffff98 CCO=SBBB
EFER=0000000000000000
check_exception old: 0xffffffff new 0x6
   176: v=06 e=0000 i=0 cpl=0 IP=0010:0000001b pc=0000001b SP=0018:00105988 env->regs[R_EAX]=ab731107
EAX=ab731107 EBX=00010000 ECX=000003cd EDX=00000099
ESI=e987f000 EDI=00000000 EBP=00106ff8 ESP=00105988
EIP=0000001b EFL=00000097 [--S-APC] CPL=0 II=0 A20=1 SMM=0 HLT=0
ES =0018 00000000 ffffffff 00cf9300 DPL=0 DS   [-WA]
CS =0010 00000000 ffffffff 00cf9a00 DPL=0 CS32 [-R-]
SS =0018 00000000 ffffffff 00cf9300 DPL=0 DS   [-WA]
DS =0018 00000000 ffffffff 00cf9300 DPL=0 DS   [-WA]
FS =0018 00000000 ffffffff 00cf9300 DPL=0 DS   [-WA]
GS =0018 00000000 ffffffff 00cf9300 DPL=0 DS   [-WA]
LDT=0000 00000000 0000ffff 00008200 DPL=0 LDT
TR =0000 00000000 0000ffff 00008b00 DPL=0 TSS32-busy
GDT=     000010b0 00000020
IDT=     00107020 000007ff
CR0=00000011 CR2=00000000 CR3=00000000 CR4=00000000
DR0=00000000 DR1=00000000 DR2=00000000 DR3=00000000 
DR6=ffff0ff0 DR7=00000400
CCS=000000ff CCD=ffffff99 CCO=SBBB
EFER=0000000000000000
check_exception old: 0xffffffff new 0x6
   177: v=06 e=0000 i=0 cpl=0 IP=0010:0000001b pc=0000001b SP=0018:00105964 env->regs[R_EAX]=8e370107
EAX=8e370107 EBX=00010000 ECX=000003cd EDX=0000009a
ESI=e987f000 EDI=00000000 EBP=00106ff8 ESP=00105964
EIP=0000001b EFL=00000097 [--S-APC] CPL=0 II=0 A20=1 SMM=0 HLT=0
ES =0018 00000000 ffffffff 00cf9300 DPL=0 DS   [-WA]
CS =0010 00000000 ffffffff 00cf9a00 DPL=0 CS32 [-R-]
SS =0018 00000000 ffffffff 00cf9300 DPL=0 DS   [-WA]
DS =0018 00000000 ffffffff 00cf9300 DPL=0 DS   [-WA]
FS =0018 00000000 ffffffff 00cf9300 DPL=0 DS   [-WA]
GS =0018 00000000 ffffffff 00cf9300 DPL=0 DS   [-WA]
LDT=0000 00000000 0000ffff 00008200 DPL=0 LDT
TR =0000 00000000 0000ffff 00008b00 DPL=0 TSS32-busy
GDT=     000010b0 00000020
IDT=     00107020 000007ff
CR0=00000011 CR2=00000000 CR3=00000000 CR4=00000000
DR0=00000000 DR1=00000000 DR2=00000000 DR3=00000000 
DR6=ffff0ff0 DR7=00000400
CCS=000000ff CCD=ffffff9a CCO=SBBB
EFER=0000000000000000
check_exception old: 0xffffffff new 0x6
   178: v=06 e=0000 i=0 cpl=0 IP=0010:0000001b pc=0000001b SP=0018:00105940 env->regs[R_EAX]=70faf107
EAX=70faf107 EBX=00010000 ECX=000003cd EDX=0000009b
ESI=e987f000 EDI=00000000 EBP=00106ff8 ESP=00105940
EIP=0000001b EFL=00000093 [--S-A-C] CPL=0 II=0 A20=1 SMM=0 HLT=0
ES =0018 00000000 ffffffff 00cf9300 DPL=0 DS   [-WA]
CS =0010 00000000 ffffffff 00cf9a00 DPL=0 CS32 [-R-]
SS =0018 00000000 ffffffff 00cf9300 DPL=0 DS   [-WA]
DS =0018 00000000 ffffffff 00cf9300 DPL=0 DS   [-WA]
FS =0018 00000000 ffffffff 00cf9300 DPL=0 DS   [-WA]
GS =0018 00000000 ffffffff 00cf9300 DPL=0 DS   [-WA]
LDT=0000 00000000 0000ffff 00008200 DPL=0 LDT
TR =0000 00000000 0000ffff 00008b00 DPL=0 TSS32-busy
GDT=     000010b0 00000020
IDT=     00107020 000007ff
CR0=00000011 CR2=00000000 CR3=00000000 CR4=00000000
DR0=00000000 DR1=00000000 DR2=00000000 DR3=00000000 
DR6=ffff0ff0 DR7=00000400
CCS=000000ff CCD=ffffff9b CCO=SBBB
EFER=0000000000000000
check_exception old: 0xffffffff new 0x6
   179: v=06 e=0000 i=0 cpl=0 IP=0010:0000001b pc=0000001b SP=0018:0010591c env->regs[R_EAX]=53bee107
EAX=53bee107 EBX=00010000 ECX=000003cd EDX=0000009c
ESI=e987f000 EDI=00000000 EBP=00106ff8 ESP=0010591c
EIP=0000001b EFL=00000097 [--S-APC] CPL=0 II=0 A20=1 SMM=0 HLT=0
ES =0018 00000000 ffffffff 00cf9300 DPL=0 DS   [-WA]
CS =0010 00000000 ffffffff 00cf9a00 DPL=0 CS32 [-R-]
SS =0018 00000000 ffffffff 00cf9300 DPL=0 DS   [-WA]
DS =0018 00000000 ffffffff 00cf9300 DPL=0 DS   [-WA]
FS =0018 00000000 ffffffff 00cf9300 DPL=0 DS   [-WA]
GS =0018 00000000 ffffffff 00cf9300 DPL=0 DS   [-WA]
LDT=0000 00000000 0000ffff 00008200 DPL=0 LDT
TR =0000 00000000 0000ffff 00008b00 DPL=0 TSS32-busy
GDT=     000010b0 00000020
IDT=     00107020 000007ff
CR0=00000011 CR2=00000000 CR3=00000000 CR4=00000000
DR0=00000000 DR1=00000000 DR2=00000000 DR3=00000000 
DR6=ffff0ff0 DR7=00000400
CCS=000000ff CCD=ffffff9c CCO=SBBB
EFER=0000000000000000
check_exception old: 0xffffffff new 0x6
   180: v=06 e=0000 i=0 cpl=0 IP=0010:0000001b pc=0000001b SP=0018:001058f8 env->regs[R_EAX]=3682d107
EAX=3682d107 EBX=00010000 ECX=000003cd EDX=0000009d
ESI=e987f000 EDI=00000000 EBP=00106ff8 ESP=001058f8
EIP=0000001b EFL=00000093 [--S-A-C] CPL=0 II=0 A20=1 SMM=0 HLT=0
ES =0018 00000000 ffffffff 00cf9300 DPL=0 DS   [-WA]
CS =0010 00000000 ffffffff 00cf9a00 DPL=0 CS32 [-R-]
SS =0018 00000000 ffffffff 00cf9300 DPL=0 DS   [-WA]
DS =0018 00000000 ffffffff 00cf9300 DPL=0 DS   [-WA]
FS =0018 00000000 ffffffff 00cf9300 DPL=0 DS   [-WA]
GS =0018 00000000 ffffffff 00cf9300 DPL=0 DS   [-WA]
LDT=0000 00000000 0000ffff 00008200 DPL=0 LDT
TR =0000 00000000 0000ffff 00008b00 DPL=0 TSS32-busy
GDT=     000010b0 00000020
IDT=     00107020 000007ff
CR0=00000011 CR2=00000000 CR3=00000000 CR4=00000000
DR0=00000000 DR1=00000000 DR2=00000000 DR3=00000000 
DR6=ffff0ff0 DR7=00000400
CCS=000000ff CCD=ffffff9d CCO=SBBB
EFER=0000000000000000
check_exception old: 0xffffffff new 0x6
   181: v=06 e=0000 i=0 cpl=0 IP=0010:0000001b pc=0000001b SP=0018:001058d4 env->regs[R_EAX]=1946c107
EAX=1946c107 EBX=00010000 ECX=000003cd EDX=0000009e
ESI=e987f000 EDI=00000000 EBP=00106ff8 ESP=001058d4
EIP=0000001b EFL=00000093 [--S-A-C] CPL=0 II=0 A20=1 SMM=0 HLT=0
ES =0018 00000000 ffffffff 00cf9300 DPL=0 DS   [-WA]
CS =0010 00000000 ffffffff 00cf9a00 DPL=0 CS32 [-R-]
SS =0018 00000000 ffffffff 00cf9300 DPL=0 DS   [-WA]
DS =0018 00000000 ffffffff 00cf9300 DPL=0 DS   [-WA]
FS =0018 00000000 ffffffff 00cf9300 DPL=0 DS   [-WA]
GS =0018 00000000 ffffffff 00cf9300 DPL=0 DS   [-WA]
LDT=0000 00000000 0000ffff 00008200 DPL=0 LDT
TR =0000 00000000 0000ffff 00008b00 DPL=0 TSS32-busy
GDT=     000010b0 00000020
IDT=     00107020 000007ff
CR0=00000011 CR2=00000000 CR3=00000000 CR4=00000000
DR0=00000000 DR1=00000000 DR2=00000000 DR3=00000000 
DR6=ffff0ff0 DR7=00000400
CCS=000000ff CCD=ffffff9e CCO=SBBB
EFER=0000000000000000
check_exception old: 0xffffffff new 0x6
   182: v=06 e=0000 i=0 cpl=0 IP=0010:0000001b pc=0000001b SP=0018:001058b0 env->regs[R_EAX]=fc0ab107
EAX=fc0ab107 EBX=00010000 ECX=000003cd EDX=0000009f
ESI=e987f000 EDI=00000000 EBP=00106ff8 ESP=001058b0
EIP=0000001b EFL=00000097 [--S-APC] CPL=0 II=0 A20=1 SMM=0 HLT=0
ES =0018 00000000 ffffffff 00cf9300 DPL=0 DS   [-WA]
CS =0010 00000000 ffffffff 00cf9a00 DPL=0 CS32 [-R-]
SS =0018 00000000 ffffffff 00cf9300 DPL=0 DS   [-WA]
DS =0018 00000000 ffffffff 00cf9300 DPL=0 DS   [-WA]
FS =0018 00000000 ffffffff 00cf9300 DPL=0 DS   [-WA]
GS =0018 00000000 ffffffff 00cf9300 DPL=0 DS   [-WA]
LDT=0000 00000000 0000ffff 00008200 DPL=0 LDT
TR =0000 00000000 0000ffff 00008b00 DPL=0 TSS32-busy
GDT=     000010b0 00000020
IDT=     00107020 000007ff
CR0=00000011 CR2=00000000 CR3=00000000 CR4=00000000
DR0=00000000 DR1=00000000 DR2=00000000 DR3=00000000 
DR6=ffff0ff0 DR7=00000400
CCS=000000ff CCD=ffffff9f CCO=SBBB
EFER=0000000000000000
check_exception old: 0xffffffff new 0x6
   183: v=06 e=0000 i=0 cpl=0 IP=0010:0000001b pc=0000001b SP=0018:0010588c env->regs[R_EAX]=decea107
EAX=decea107 EBX=00010000 ECX=000003cd EDX=000000a0
ESI=e987f000 EDI=00000000 EBP=00106ff8 ESP=0010588c
EIP=0000001b EFL=00000087 [--S--PC] CPL=0 II=0 A20=1 SMM=0 HLT=0
ES =0018 00000000 ffffffff 00cf9300 DPL=0 DS   [-WA]
CS =0010 00000000 ffffffff 00cf9a00 DPL=0 CS32 [-R-]
SS =0018 00000000 ffffffff 00cf9300 DPL=0 DS   [-WA]
DS =0018 00000000 ffffffff 00cf9300 DPL=0 DS   [-WA]
FS =0018 00000000 ffffffff 00cf9300 DPL=0 DS   [-WA]
GS =0018 00000000 ffffffff 00cf9300 DPL=0 DS   [-WA]
LDT=0000 00000000 0000ffff 00008200 DPL=0 LDT
TR =0000 00000000 0000ffff 00008b00 DPL=0 TSS32-busy
GDT=     000010b0 00000020
IDT=     00107020 000007ff
CR0=00000011 CR2=00000000 CR3=00000000 CR4=00000000
DR0=00000000 DR1=00000000 DR2=00000000 DR3=00000000 
DR6=ffff0ff0 DR7=00000400
CCS=000000ff CCD=ffffffa0 CCO=SBBB
EFER=0000000000000000
check_exception old: 0xffffffff new 0x6
   184: v=06 e=0000 i=0 cpl=0 IP=0010:0000001b pc=0000001b SP=0018:00105868 env->regs[R_EAX]=c1929107
EAX=c1929107 EBX=00010000 ECX=000003cd EDX=000000a1
ESI=e987f000 EDI=00000000 EBP=00106ff8 ESP=00105868
EIP=0000001b EFL=00000093 [--S-A-C] CPL=0 II=0 A20=1 SMM=0 HLT=0
ES =0018 00000000 ffffffff 00cf9300 DPL=0 DS   [-WA]
CS =0010 00000000 ffffffff 00cf9a00 DPL=0 CS32 [-R-]
SS =0018 00000000 ffffffff 00cf9300 DPL=0 DS   [-WA]
DS =0018 00000000 ffffffff 00cf9300 DPL=0 DS   [-WA]
FS =0018 00000000 ffffffff 00cf9300 DPL=0 DS   [-WA]
GS =0018 00000000 ffffffff 00cf9300 DPL=0 DS   [-WA]
LDT=0000 00000000 0000ffff 00008200 DPL=0 LDT
TR =0000 00000000 0000ffff 00008b00 DPL=0 TSS32-busy
GDT=     000010b0 00000020
IDT=     00107020 000007ff
CR0=00000011 CR2=00000000 CR3=00000000 CR4=00000000
DR0=00000000 DR1=00000000 DR2=00000000 DR3=00000000 
DR6=ffff0ff0 DR7=00000400
CCS=000000ff CCD=ffffffa1 CCO=SBBB
EFER=0000000000000000
check_exception old: 0xffffffff new 0x6
   185: v=06 e=0000 i=0 cpl=0 IP=0010:0000001b pc=0000001b SP=0018:00105844 env->regs[R_EAX]=a4568107
EAX=a4568107 EBX=00010000 ECX=000003cd EDX=000000a2
ESI=e987f000 EDI=00000000 EBP=00106ff8 ESP=00105844
EIP=0000001b EFL=00000093 [--S-A-C] CPL=0 II=0 A20=1 SMM=0 HLT=0
ES =0018 00000000 ffffffff 00cf9300 DPL=0 DS   [-WA]
CS =0010 00000000 ffffffff 00cf9a00 DPL=0 CS32 [-R-]
SS =0018 00000000 ffffffff 00cf9300 DPL=0 DS   [-WA]
DS =0018 00000000 ffffffff 00cf9300 DPL=0 DS   [-WA]
FS =0018 00000000 ffffffff 00cf9300 DPL=0 DS   [-WA]
GS =0018 00000000 ffffffff 00cf9300 DPL=0 DS   [-WA]
LDT=0000 00000000 0000ffff 00008200 DPL=0 LDT
TR =0000 00000000 0000ffff 00008b00 DPL=0 TSS32-busy
GDT=     000010b0 00000020
IDT=     00107020 000007ff
CR0=00000011 CR2=00000000 CR3=00000000 CR4=00000000
DR0=00000000 DR1=00000000 DR2=00000000 DR3=00000000 
DR6=ffff0ff0 DR7=00000400
CCS=000000ff CCD=ffffffa2 CCO=SBBB
EFER=0000000000000000
check_exception old: 0xffffffff new 0x6
   186: v=06 e=0000 i=0 cpl=0 IP=0010:0000001b pc=0000001b SP=0018:00105820 env->regs[R_EAX]=871a7107
EAX=871a7107 EBX=00010000 ECX=000003cd EDX=000000a3
ESI=e987f000 EDI=00000000 EBP=00106ff8 ESP=00105820
EIP=0000001b EFL=00000097 [--S-APC] CPL=0 II=0 A20=1 SMM=0 HLT=0
ES =0018 00000000 ffffffff 00cf9300 DPL=0 DS   [-WA]
CS =0010 00000000 ffffffff 00cf9a00 DPL=0 CS32 [-R-]
SS =0018 00000000 ffffffff 00cf9300 DPL=0 DS   [-WA]
DS =0018 00000000 ffffffff 00cf9300 DPL=0 DS   [-WA]
FS =0018 00000000 ffffffff 00cf9300 DPL=0 DS   [-WA]
GS =0018 00000000 ffffffff 00cf9300 DPL=0 DS   [-WA]
LDT=0000 00000000 0000ffff 00008200 DPL=0 LDT
TR =0000 00000000 0000ffff 00008b00 DPL=0 TSS32-busy
GDT=     000010b0 00000020
IDT=     00107020 000007ff
CR0=00000011 CR2=00000000 CR3=00000000 CR4=00000000
DR0=00000000 DR1=00000000 DR2=00000000 DR3=00000000 
DR6=ffff0ff0 DR7=00000400
CCS=000000ff CCD=ffffffa3 CCO=SBBB
EFER=0000000000000000
check_exception old: 0xffffffff new 0x6
   187: v=06 e=0000 i=0 cpl=0 IP=0010:0000001b pc=0000001b SP=0018:001057fc env->regs[R_EAX]=69de6107
EAX=69de6107 EBX=00010000 ECX=000003cd EDX=000000a4
ESI=e987f000 EDI=00000000 EBP=00106ff8 ESP=001057fc
EIP=0000001b EFL=00000093 [--S-A-C] CPL=0 II=0 A20=1 SMM=0 HLT=0
ES =0018 00000000 ffffffff 00cf9300 DPL=0 DS   [-WA]
CS =0010 00000000 ffffffff 00cf9a00 DPL=0 CS32 [-R-]
SS =0018 00000000 ffffffff 00cf9300 DPL=0 DS   [-WA]
DS =0018 00000000 ffffffff 00cf9300 DPL=0 DS   [-WA]
FS =0018 00000000 ffffffff 00cf9300 DPL=0 DS   [-WA]
GS =0018 00000000 ffffffff 00cf9300 DPL=0 DS   [-WA]
LDT=0000 00000000 0000ffff 00008200 DPL=0 LDT
TR =0000 00000000 0000ffff 00008b00 DPL=0 TSS32-busy
GDT=     000010b0 00000020
IDT=     00107020 000007ff
CR0=00000011 CR2=00000000 CR3=00000000 CR4=00000000
DR0=00000000 DR1=00000000 DR2=00000000 DR3=00000000 
DR6=ffff0ff0 DR7=00000400
CCS=000000ff CCD=ffffffa4 CCO=SBBB
EFER=0000000000000000
check_exception old: 0xffffffff new 0x6
   188: v=06 e=0000 i=0 cpl=0 IP=0010:0000001b pc=0000001b SP=0018:001057d8 env->regs[R_EAX]=4ca25107
EAX=4ca25107 EBX=00010000 ECX=000003cd EDX=000000a5
ESI=e987f000 EDI=00000000 EBP=00106ff8 ESP=001057d8
EIP=0000001b EFL=00000097 [--S-APC] CPL=0 II=0 A20=1 SMM=0 HLT=0
ES =0018 00000000 ffffffff 00cf9300 DPL=0 DS   [-WA]
CS =0010 00000000 ffffffff 00cf9a00 DPL=0 CS32 [-R-]
SS =0018 00000000 ffffffff 00cf9300 DPL=0 DS   [-WA]
DS =0018 00000000 ffffffff 00cf9300 DPL=0 DS   [-WA]
FS =0018 00000000 ffffffff 00cf9300 DPL=0 DS   [-WA]
GS =0018 00000000 ffffffff 00cf9300 DPL=0 DS   [-WA]
LDT=0000 00000000 0000ffff 00008200 DPL=0 LDT
TR =0000 00000000 0000ffff 00008b00 DPL=0 TSS32-busy
GDT=     000010b0 00000020
IDT=     00107020 000007ff
CR0=00000011 CR2=00000000 CR3=00000000 CR4=00000000
DR0=00000000 DR1=00000000 DR2=00000000 DR3=00000000 
DR6=ffff0ff0 DR7=00000400
CCS=000000ff CCD=ffffffa5 CCO=SBBB
EFER=0000000000000000
check_exception old: 0xffffffff new 0x6
   189: v=06 e=0000 i=0 cpl=0 IP=0010:0000001b pc=0000001b SP=0018:001057b4 env->regs[R_EAX]=2f664107
EAX=2f664107 EBX=00010000 ECX=000003cd EDX=000000a6
ESI=e987f000 EDI=00000000 EBP=00106ff8 ESP=001057b4
EIP=0000001b EFL=00000097 [--S-APC] CPL=0 II=0 A20=1 SMM=0 HLT=0
ES =0018 00000000 ffffffff 00cf9300 DPL=0 DS   [-WA]
CS =0010 00000000 ffffffff 00cf9a00 DPL=0 CS32 [-R-]
SS =0018 00000000 ffffffff 00cf9300 DPL=0 DS   [-WA]
DS =0018 00000000 ffffffff 00cf9300 DPL=0 DS   [-WA]
FS =0018 00000000 ffffffff 00cf9300 DPL=0 DS   [-WA]
GS =0018 00000000 ffffffff 00cf9300 DPL=0 DS   [-WA]
LDT=0000 00000000 0000ffff 00008200 DPL=0 LDT
TR =0000 00000000 0000ffff 00008b00 DPL=0 TSS32-busy
GDT=     000010b0 00000020
IDT=     00107020 000007ff
CR0=00000011 CR2=00000000 CR3=00000000 CR4=00000000
DR0=00000000 DR1=00000000 DR2=00000000 DR3=00000000 
DR6=ffff0ff0 DR7=00000400
CCS=000000ff CCD=ffffffa6 CCO=SBBB
EFER=0000000000000000
check_exception old: 0xffffffff new 0x6
   190: v=06 e=0000 i=0 cpl=0 IP=0010:0000001b pc=0000001b SP=0018:00105790 env->regs[R_EAX]=122a3107
EAX=122a3107 EBX=00010000 ECX=000003cd EDX=000000a7
ESI=e987f000 EDI=00000000 EBP=00106ff8 ESP=00105790
EIP=0000001b EFL=00000093 [--S-A-C] CPL=0 II=0 A20=1 SMM=0 HLT=0
ES =0018 00000000 ffffffff 00cf9300 DPL=0 DS   [-WA]
CS =0010 00000000 ffffffff 00cf9a00 DPL=0 CS32 [-R-]
SS =0018 00000000 ffffffff 00cf9300 DPL=0 DS   [-WA]
DS =0018 00000000 ffffffff 00cf9300 DPL=0 DS   [-WA]
FS =0018 00000000 ffffffff 00cf9300 DPL=0 DS   [-WA]
GS =0018 00000000 ffffffff 00cf9300 DPL=0 DS   [-WA]
LDT=0000 00000000 0000ffff 00008200 DPL=0 LDT
TR =0000 00000000 0000ffff 00008b00 DPL=0 TSS32-busy
GDT=     000010b0 00000020
IDT=     00107020 000007ff
CR0=00000011 CR2=00000000 CR3=00000000 CR4=00000000
DR0=00000000 DR1=00000000 DR2=00000000 DR3=00000000 
DR6=ffff0ff0 DR7=00000400
CCS=000000ff CCD=ffffffa7 CCO=SBBB
EFER=0000000000000000
check_exception old: 0xffffffff new 0x6
   191: v=06 e=0000 i=0 cpl=0 IP=0010:0000001b pc=0000001b SP=0018:0010576c env->regs[R_EAX]=f4ee2107
EAX=f4ee2107 EBX=00010000 ECX=000003cd EDX=000000a8
ESI=e987f000 EDI=00000000 EBP=00106ff8 ESP=0010576c
EIP=0000001b EFL=00000093 [--S-A-C] CPL=0 II=0 A20=1 SMM=0 HLT=0
ES =0018 00000000 ffffffff 00cf9300 DPL=0 DS   [-WA]
CS =0010 00000000 ffffffff 00cf9a00 DPL=0 CS32 [-R-]
SS =0018 00000000 ffffffff 00cf9300 DPL=0 DS   [-WA]
DS =0018 00000000 ffffffff 00cf9300 DPL=0 DS   [-WA]
FS =0018 00000000 ffffffff 00cf9300 DPL=0 DS   [-WA]
GS =0018 00000000 ffffffff 00cf9300 DPL=0 DS   [-WA]
LDT=0000 00000000 0000ffff 00008200 DPL=0 LDT
TR =0000 00000000 0000ffff 00008b00 DPL=0 TSS32-busy
GDT=     000010b0 00000020
IDT=     00107020 000007ff
CR0=00000011 CR2=00000000 CR3=00000000 CR4=00000000
DR0=00000000 DR1=00000000 DR2=00000000 DR3=00000000 
DR6=ffff0ff0 DR7=00000400
CCS=000000ff CCD=ffffffa8 CCO=SBBB
EFER=0000000000000000
check_exception old: 0xffffffff new 0x6
   192: v=06 e=0000 i=0 cpl=0 IP=0010:0000001b pc=0000001b SP=0018:00105748 env->regs[R_EAX]=d7b21107
EAX=d7b21107 EBX=00010000 ECX=000003cd EDX=000000a9
ESI=e987f000 EDI=00000000 EBP=00106ff8 ESP=00105748
EIP=0000001b EFL=00000097 [--S-APC] CPL=0 II=0 A20=1 SMM=0 HLT=0
ES =0018 00000000 ffffffff 00cf9300 DPL=0 DS   [-WA]
CS =0010 00000000 ffffffff 00cf9a00 DPL=0 CS32 [-R-]
SS =0018 00000000 ffffffff 00cf9300 DPL=0 DS   [-WA]
DS =0018 00000000 ffffffff 00cf9300 DPL=0 DS   [-WA]
FS =0018 00000000 ffffffff 00cf9300 DPL=0 DS   [-WA]
GS =0018 00000000 ffffffff 00cf9300 DPL=0 DS   [-WA]
LDT=0000 00000000 0000ffff 00008200 DPL=0 LDT
TR =0000 00000000 0000ffff 00008b00 DPL=0 TSS32-busy
GDT=     000010b0 00000020
IDT=     00107020 000007ff
CR0=00000011 CR2=00000000 CR3=00000000 CR4=00000000
DR0=00000000 DR1=00000000 DR2=00000000 DR3=00000000 
DR6=ffff0ff0 DR7=00000400
CCS=000000ff CCD=ffffffa9 CCO=SBBB
EFER=0000000000000000
check_exception old: 0xffffffff new 0x6
   193: v=06 e=0000 i=0 cpl=0 IP=0010:0000001b pc=0000001b SP=0018:00105724 env->regs[R_EAX]=ba760107
EAX=ba760107 EBX=00010000 ECX=000003cd EDX=000000aa
ESI=e987f000 EDI=00000000 EBP=00106ff8 ESP=00105724
EIP=0000001b EFL=00000097 [--S-APC] CPL=0 II=0 A20=1 SMM=0 HLT=0
ES =0018 00000000 ffffffff 00cf9300 DPL=0 DS   [-WA]
CS =0010 00000000 ffffffff 00cf9a00 DPL=0 CS32 [-R-]
SS =0018 00000000 ffffffff 00cf9300 DPL=0 DS   [-WA]
DS =0018 00000000 ffffffff 00cf9300 DPL=0 DS   [-WA]
FS =0018 00000000 ffffffff 00cf9300 DPL=0 DS   [-WA]
GS =0018 00000000 ffffffff 00cf9300 DPL=0 DS   [-WA]
LDT=0000 00000000 0000ffff 00008200 DPL=0 LDT
TR =0000 00000000 0000ffff 00008b00 DPL=0 TSS32-busy
GDT=     000010b0 00000020
IDT=     00107020 000007ff
CR0=00000011 CR2=00000000 CR3=00000000 CR4=00000000
DR0=00000000 DR1=00000000 DR2=00000000 DR3=00000000 
DR6=ffff0ff0 DR7=00000400
CCS=000000ff CCD=ffffffaa CCO=SBBB
EFER=0000000000000000
check_exception old: 0xffffffff new 0x6
   194: v=06 e=0000 i=0 cpl=0 IP=0010:0000001b pc=0000001b SP=0018:00105700 env->regs[R_EAX]=9d39f107
EAX=9d39f107 EBX=00010000 ECX=000003cd EDX=000000ab
ESI=e987f000 EDI=00000000 EBP=00106ff8 ESP=00105700
EIP=0000001b EFL=00000093 [--S-A-C] CPL=0 II=0 A20=1 SMM=0 HLT=0
ES =0018 00000000 ffffffff 00cf9300 DPL=0 DS   [-WA]
CS =0010 00000000 ffffffff 00cf9a00 DPL=0 CS32 [-R-]
SS =0018 00000000 ffffffff 00cf9300 DPL=0 DS   [-WA]
DS =0018 00000000 ffffffff 00cf9300 DPL=0 DS   [-WA]
FS =0018 00000000 ffffffff 00cf9300 DPL=0 DS   [-WA]
GS =0018 00000000 ffffffff 00cf9300 DPL=0 DS   [-WA]
LDT=0000 00000000 0000ffff 00008200 DPL=0 LDT
TR =0000 00000000 0000ffff 00008b00 DPL=0 TSS32-busy
GDT=     000010b0 00000020
IDT=     00107020 000007ff
CR0=00000011 CR2=00000000 CR3=00000000 CR4=00000000
DR0=00000000 DR1=00000000 DR2=00000000 DR3=00000000 
DR6=ffff0ff0 DR7=00000400
CCS=000000ff CCD=ffffffab CCO=SBBB
EFER=0000000000000000
check_exception old: 0xffffffff new 0x6
   195: v=06 e=0000 i=0 cpl=0 IP=0010:0000001b pc=0000001b SP=0018:001056dc env->regs[R_EAX]=7ffde107
EAX=7ffde107 EBX=00010000 ECX=000003cd EDX=000000ac
ESI=e987f000 EDI=00000000 EBP=00106ff8 ESP=001056dc
EIP=0000001b EFL=00000097 [--S-APC] CPL=0 II=0 A20=1 SMM=0 HLT=0
ES =0018 00000000 ffffffff 00cf9300 DPL=0 DS   [-WA]
CS =0010 00000000 ffffffff 00cf9a00 DPL=0 CS32 [-R-]
SS =0018 00000000 ffffffff 00cf9300 DPL=0 DS   [-WA]
DS =0018 00000000 ffffffff 00cf9300 DPL=0 DS   [-WA]
FS =0018 00000000 ffffffff 00cf9300 DPL=0 DS   [-WA]
GS =0018 00000000 ffffffff 00cf9300 DPL=0 DS   [-WA]
LDT=0000 00000000 0000ffff 00008200 DPL=0 LDT
TR =0000 00000000 0000ffff 00008b00 DPL=0 TSS32-busy
GDT=     000010b0 00000020
IDT=     00107020 000007ff
CR0=00000011 CR2=00000000 CR3=00000000 CR4=00000000
DR0=00000000 DR1=00000000 DR2=00000000 DR3=00000000 
DR6=ffff0ff0 DR7=00000400
CCS=000000ff CCD=ffffffac CCO=SBBB
EFER=0000000000000000
check_exception old: 0xffffffff new 0x6
   196: v=06 e=0000 i=0 cpl=0 IP=0010:0000001b pc=0000001b SP=0018:001056b8 env->regs[R_EAX]=62c1d107
EAX=62c1d107 EBX=00010000 ECX=000003cd EDX=000000ad
ESI=e987f000 EDI=00000000 EBP=00106ff8 ESP=001056b8
EIP=0000001b EFL=00000093 [--S-A-C] CPL=0 II=0 A20=1 SMM=0 HLT=0
ES =0018 00000000 ffffffff 00cf9300 DPL=0 DS   [-WA]
CS =0010 00000000 ffffffff 00cf9a00 DPL=0 CS32 [-R-]
SS =0018 00000000 ffffffff 00cf9300 DPL=0 DS   [-WA]
DS =0018 00000000 ffffffff 00cf9300 DPL=0 DS   [-WA]
FS =0018 00000000 ffffffff 00cf9300 DPL=0 DS   [-WA]
GS =0018 00000000 ffffffff 00cf9300 DPL=0 DS   [-WA]
LDT=0000 00000000 0000ffff 00008200 DPL=0 LDT
TR =0000 00000000 0000ffff 00008b00 DPL=0 TSS32-busy
GDT=     000010b0 00000020
IDT=     00107020 000007ff
CR0=00000011 CR2=00000000 CR3=00000000 CR4=00000000
DR0=00000000 DR1=00000000 DR2=00000000 DR3=00000000 
DR6=ffff0ff0 DR7=00000400
CCS=000000ff CCD=ffffffad CCO=SBBB
EFER=0000000000000000
check_exception old: 0xffffffff new 0x6
   197: v=06 e=0000 i=0 cpl=0 IP=0010:0000001b pc=0000001b SP=0018:00105694 env->regs[R_EAX]=4585c107
EAX=4585c107 EBX=00010000 ECX=000003cd EDX=000000ae
ESI=e987f000 EDI=00000000 EBP=00106ff8 ESP=00105694
EIP=0000001b EFL=00000093 [--S-A-C] CPL=0 II=0 A20=1 SMM=0 HLT=0
ES =0018 00000000 ffffffff 00cf9300 DPL=0 DS   [-WA]
CS =0010 00000000 ffffffff 00cf9a00 DPL=0 CS32 [-R-]
SS =0018 00000000 ffffffff 00cf9300 DPL=0 DS   [-WA]
DS =0018 00000000 ffffffff 00cf9300 DPL=0 DS   [-WA]
FS =0018 00000000 ffffffff 00cf9300 DPL=0 DS   [-WA]
GS =0018 00000000 ffffffff 00cf9300 DPL=0 DS   [-WA]
LDT=0000 00000000 0000ffff 00008200 DPL=0 LDT
TR =0000 00000000 0000ffff 00008b00 DPL=0 TSS32-busy
GDT=     000010b0 00000020
IDT=     00107020 000007ff
CR0=00000011 CR2=00000000 CR3=00000000 CR4=00000000
DR0=00000000 DR1=00000000 DR2=00000000 DR3=00000000 
DR6=ffff0ff0 DR7=00000400
CCS=000000ff CCD=ffffffae CCO=SBBB
EFER=0000000000000000
check_exception old: 0xffffffff new 0x6
   198: v=06 e=0000 i=0 cpl=0 IP=0010:0000001b pc=0000001b SP=0018:00105670 env->regs[R_EAX]=2849b107
EAX=2849b107 EBX=00010000 ECX=000003cd EDX=000000af
ESI=e987f000 EDI=00000000 EBP=00106ff8 ESP=00105670
EIP=0000001b EFL=00000097 [--S-APC] CPL=0 II=0 A20=1 SMM=0 HLT=0
ES =0018 00000000 ffffffff 00cf9300 DPL=0 DS   [-WA]
CS =0010 00000000 ffffffff 00cf9a00 DPL=0 CS32 [-R-]
SS =0018 00000000 ffffffff 00cf9300 DPL=0 DS   [-WA]
DS =0018 00000000 ffffffff 00cf9300 DPL=0 DS   [-WA]
FS =0018 00000000 ffffffff 00cf9300 DPL=0 DS   [-WA]
GS =0018 00000000 ffffffff 00cf9300 DPL=0 DS   [-WA]
LDT=0000 00000000 0000ffff 00008200 DPL=0 LDT
TR =0000 00000000 0000ffff 00008b00 DPL=0 TSS32-busy
GDT=     000010b0 00000020
IDT=     00107020 000007ff
CR0=00000011 CR2=00000000 CR3=00000000 CR4=00000000
DR0=00000000 DR1=00000000 DR2=00000000 DR3=00000000 
DR6=ffff0ff0 DR7=00000400
CCS=000000ff CCD=ffffffaf CCO=SBBB
EFER=0000000000000000
check_exception old: 0xffffffff new 0x6
   199: v=06 e=0000 i=0 cpl=0 IP=0010:0000001b pc=0000001b SP=0018:0010564c env->regs[R_EAX]=0b0da107
EAX=0b0da107 EBX=00010000 ECX=000003cd EDX=000000b0
ESI=e987f000 EDI=00000000 EBP=00106ff8 ESP=0010564c
EIP=0000001b EFL=00000083 [--S---C] CPL=0 II=0 A20=1 SMM=0 HLT=0
ES =0018 00000000 ffffffff 00cf9300 DPL=0 DS   [-WA]
CS =0010 00000000 ffffffff 00cf9a00 DPL=0 CS32 [-R-]
SS =0018 00000000 ffffffff 00cf9300 DPL=0 DS   [-WA]
DS =0018 00000000 ffffffff 00cf9300 DPL=0 DS   [-WA]
FS =0018 00000000 ffffffff 00cf9300 DPL=0 DS   [-WA]
GS =0018 00000000 ffffffff 00cf9300 DPL=0 DS   [-WA]
LDT=0000 00000000 0000ffff 00008200 DPL=0 LDT
TR =0000 00000000 0000ffff 00008b00 DPL=0 TSS32-busy
GDT=     000010b0 00000020
IDT=     00107020 000007ff
CR0=00000011 CR2=00000000 CR3=00000000 CR4=00000000
DR0=00000000 DR1=00000000 DR2=00000000 DR3=00000000 
DR6=ffff0ff0 DR7=00000400
CCS=000000ff CCD=ffffffb0 CCO=SBBB
EFER=0000000000000000
check_exception old: 0xffffffff new 0x6
   200: v=06 e=0000 i=0 cpl=0 IP=0010:0000001b pc=0000001b SP=0018:00105628 env->regs[R_EAX]=edd19107
EAX=edd19107 EBX=00010000 ECX=000003cd EDX=000000b1
ESI=e987f000 EDI=00000000 EBP=00106ff8 ESP=00105628
EIP=0000001b EFL=00000097 [--S-APC] CPL=0 II=0 A20=1 SMM=0 HLT=0
ES =0018 00000000 ffffffff 00cf9300 DPL=0 DS   [-WA]
CS =0010 00000000 ffffffff 00cf9a00 DPL=0 CS32 [-R-]
SS =0018 00000000 ffffffff 00cf9300 DPL=0 DS   [-WA]
DS =0018 00000000 ffffffff 00cf9300 DPL=0 DS   [-WA]
FS =0018 00000000 ffffffff 00cf9300 DPL=0 DS   [-WA]
GS =0018 00000000 ffffffff 00cf9300 DPL=0 DS   [-WA]
LDT=0000 00000000 0000ffff 00008200 DPL=0 LDT
TR =0000 00000000 0000ffff 00008b00 DPL=0 TSS32-busy
GDT=     000010b0 00000020
IDT=     00107020 000007ff
CR0=00000011 CR2=00000000 CR3=00000000 CR4=00000000
DR0=00000000 DR1=00000000 DR2=00000000 DR3=00000000 
DR6=ffff0ff0 DR7=00000400
CCS=000000ff CCD=ffffffb1 CCO=SBBB
EFER=0000000000000000
check_exception old: 0xffffffff new 0x6
   201: v=06 e=0000 i=0 cpl=0 IP=0010:0000001b pc=0000001b SP=0018:00105604 env->regs[R_EAX]=d0958107
EAX=d0958107 EBX=00010000 ECX=000003cd EDX=000000b2
ESI=e987f000 EDI=00000000 EBP=00106ff8 ESP=00105604
EIP=0000001b EFL=00000097 [--S-APC] CPL=0 II=0 A20=1 SMM=0 HLT=0
ES =0018 00000000 ffffffff 00cf9300 DPL=0 DS   [-WA]
CS =0010 00000000 ffffffff 00cf9a00 DPL=0 CS32 [-R-]
SS =0018 00000000 ffffffff 00cf9300 DPL=0 DS   [-WA]
DS =0018 00000000 ffffffff 00cf9300 DPL=0 DS   [-WA]
FS =0018 00000000 ffffffff 00cf9300 DPL=0 DS   [-WA]
GS =0018 00000000 ffffffff 00cf9300 DPL=0 DS   [-WA]
LDT=0000 00000000 0000ffff 00008200 DPL=0 LDT
TR =0000 00000000 0000ffff 00008b00 DPL=0 TSS32-busy
GDT=     000010b0 00000020
IDT=     00107020 000007ff
CR0=00000011 CR2=00000000 CR3=00000000 CR4=00000000
DR0=00000000 DR1=00000000 DR2=00000000 DR3=00000000 
DR6=ffff0ff0 DR7=00000400
CCS=000000ff CCD=ffffffb2 CCO=SBBB
EFER=0000000000000000
check_exception old: 0xffffffff new 0x6
   202: v=06 e=0000 i=0 cpl=0 IP=0010:0000001b pc=0000001b SP=0018:001055e0 env->regs[R_EAX]=b3597107
EAX=b3597107 EBX=00010000 ECX=000003cd EDX=000000b3
ESI=e987f000 EDI=00000000 EBP=00106ff8 ESP=001055e0
EIP=0000001b EFL=00000093 [--S-A-C] CPL=0 II=0 A20=1 SMM=0 HLT=0
ES =0018 00000000 ffffffff 00cf9300 DPL=0 DS   [-WA]
CS =0010 00000000 ffffffff 00cf9a00 DPL=0 CS32 [-R-]
SS =0018 00000000 ffffffff 00cf9300 DPL=0 DS   [-WA]
DS =0018 00000000 ffffffff 00cf9300 DPL=0 DS   [-WA]
FS =0018 00000000 ffffffff 00cf9300 DPL=0 DS   [-WA]
GS =0018 00000000 ffffffff 00cf9300 DPL=0 DS   [-WA]
LDT=0000 00000000 0000ffff 00008200 DPL=0 LDT
TR =0000 00000000 0000ffff 00008b00 DPL=0 TSS32-busy
GDT=     000010b0 00000020
IDT=     00107020 000007ff
CR0=00000011 CR2=00000000 CR3=00000000 CR4=00000000
DR0=00000000 DR1=00000000 DR2=00000000 DR3=00000000 
DR6=ffff0ff0 DR7=00000400
CCS=000000ff CCD=ffffffb3 CCO=SBBB
EFER=0000000000000000
check_exception old: 0xffffffff new 0x6
   203: v=06 e=0000 i=0 cpl=0 IP=0010:0000001b pc=0000001b SP=0018:001055bc env->regs[R_EAX]=961d6107
EAX=961d6107 EBX=00010000 ECX=000003cd EDX=000000b4
ESI=e987f000 EDI=00000000 EBP=00106ff8 ESP=001055bc
EIP=0000001b EFL=00000097 [--S-APC] CPL=0 II=0 A20=1 SMM=0 HLT=0
ES =0018 00000000 ffffffff 00cf9300 DPL=0 DS   [-WA]
CS =0010 00000000 ffffffff 00cf9a00 DPL=0 CS32 [-R-]
SS =0018 00000000 ffffffff 00cf9300 DPL=0 DS   [-WA]
DS =0018 00000000 ffffffff 00cf9300 DPL=0 DS   [-WA]
FS =0018 00000000 ffffffff 00cf9300 DPL=0 DS   [-WA]
GS =0018 00000000 ffffffff 00cf9300 DPL=0 DS   [-WA]
LDT=0000 00000000 0000ffff 00008200 DPL=0 LDT
TR =0000 00000000 0000ffff 00008b00 DPL=0 TSS32-busy
GDT=     000010b0 00000020
IDT=     00107020 000007ff
CR0=00000011 CR2=00000000 CR3=00000000 CR4=00000000
DR0=00000000 DR1=00000000 DR2=00000000 DR3=00000000 
DR6=ffff0ff0 DR7=00000400
CCS=000000ff CCD=ffffffb4 CCO=SBBB
EFER=0000000000000000
check_exception old: 0xffffffff new 0x6
   204: v=06 e=0000 i=0 cpl=0 IP=0010:0000001b pc=0000001b SP=0018:00105598 env->regs[R_EAX]=78e15107
EAX=78e15107 EBX=00010000 ECX=000003cd EDX=000000b5
ESI=e987f000 EDI=00000000 EBP=00106ff8 ESP=00105598
EIP=0000001b EFL=00000093 [--S-A-C] CPL=0 II=0 A20=1 SMM=0 HLT=0
ES =0018 00000000 ffffffff 00cf9300 DPL=0 DS   [-WA]
CS =0010 00000000 ffffffff 00cf9a00 DPL=0 CS32 [-R-]
SS =0018 00000000 ffffffff 00cf9300 DPL=0 DS   [-WA]
DS =0018 00000000 ffffffff 00cf9300 DPL=0 DS   [-WA]
FS =0018 00000000 ffffffff 00cf9300 DPL=0 DS   [-WA]
GS =0018 00000000 ffffffff 00cf9300 DPL=0 DS   [-WA]
LDT=0000 00000000 0000ffff 00008200 DPL=0 LDT
TR =0000 00000000 0000ffff 00008b00 DPL=0 TSS32-busy
GDT=     000010b0 00000020
IDT=     00107020 000007ff
CR0=00000011 CR2=00000000 CR3=00000000 CR4=00000000
DR0=00000000 DR1=00000000 DR2=00000000 DR3=00000000 
DR6=ffff0ff0 DR7=00000400
CCS=000000ff CCD=ffffffb5 CCO=SBBB
EFER=0000000000000000
check_exception old: 0xffffffff new 0x6
   205: v=06 e=0000 i=0 cpl=0 IP=0010:0000001b pc=0000001b SP=0018:00105574 env->regs[R_EAX]=5ba54107
EAX=5ba54107 EBX=00010000 ECX=000003cd EDX=000000b6
ESI=e987f000 EDI=00000000 EBP=00106ff8 ESP=00105574
EIP=0000001b EFL=00000093 [--S-A-C] CPL=0 II=0 A20=1 SMM=0 HLT=0
ES =0018 00000000 ffffffff 00cf9300 DPL=0 DS   [-WA]
CS =0010 00000000 ffffffff 00cf9a00 DPL=0 CS32 [-R-]
SS =0018 00000000 ffffffff 00cf9300 DPL=0 DS   [-WA]
DS =0018 00000000 ffffffff 00cf9300 DPL=0 DS   [-WA]
FS =0018 00000000 ffffffff 00cf9300 DPL=0 DS   [-WA]
GS =0018 00000000 ffffffff 00cf9300 DPL=0 DS   [-WA]
LDT=0000 00000000 0000ffff 00008200 DPL=0 LDT
TR =0000 00000000 0000ffff 00008b00 DPL=0 TSS32-busy
GDT=     000010b0 00000020
IDT=     00107020 000007ff
CR0=00000011 CR2=00000000 CR3=00000000 CR4=00000000
DR0=00000000 DR1=00000000 DR2=00000000 DR3=00000000 
DR6=ffff0ff0 DR7=00000400
CCS=000000ff CCD=ffffffb6 CCO=SBBB
EFER=0000000000000000
check_exception old: 0xffffffff new 0x6
   206: v=06 e=0000 i=0 cpl=0 IP=0010:0000001b pc=0000001b SP=0018:00105550 env->regs[R_EAX]=3e693107
EAX=3e693107 EBX=00010000 ECX=000003cd EDX=000000b7
ESI=e987f000 EDI=00000000 EBP=00106ff8 ESP=00105550
EIP=0000001b EFL=00000097 [--S-APC] CPL=0 II=0 A20=1 SMM=0 HLT=0
ES =0018 00000000 ffffffff 00cf9300 DPL=0 DS   [-WA]
CS =0010 00000000 ffffffff 00cf9a00 DPL=0 CS32 [-R-]
SS =0018 00000000 ffffffff 00cf9300 DPL=0 DS   [-WA]
DS =0018 00000000 ffffffff 00cf9300 DPL=0 DS   [-WA]
FS =0018 00000000 ffffffff 00cf9300 DPL=0 DS   [-WA]
GS =0018 00000000 ffffffff 00cf9300 DPL=0 DS   [-WA]
LDT=0000 00000000 0000ffff 00008200 DPL=0 LDT
TR =0000 00000000 0000ffff 00008b00 DPL=0 TSS32-busy
GDT=     000010b0 00000020
IDT=     00107020 000007ff
CR0=00000011 CR2=00000000 CR3=00000000 CR4=00000000
DR0=00000000 DR1=00000000 DR2=00000000 DR3=00000000 
DR6=ffff0ff0 DR7=00000400
CCS=000000ff CCD=ffffffb7 CCO=SBBB
EFER=0000000000000000
check_exception old: 0xffffffff new 0x6
   207: v=06 e=0000 i=0 cpl=0 IP=0010:0000001b pc=0000001b SP=0018:0010552c env->regs[R_EAX]=212d2107
EAX=212d2107 EBX=00010000 ECX=000003cd EDX=000000b8
ESI=e987f000 EDI=00000000 EBP=00106ff8 ESP=0010552c
EIP=0000001b EFL=00000097 [--S-APC] CPL=0 II=0 A20=1 SMM=0 HLT=0
ES =0018 00000000 ffffffff 00cf9300 DPL=0 DS   [-WA]
CS =0010 00000000 ffffffff 00cf9a00 DPL=0 CS32 [-R-]
SS =0018 00000000 ffffffff 00cf9300 DPL=0 DS   [-WA]
DS =0018 00000000 ffffffff 00cf9300 DPL=0 DS   [-WA]
FS =0018 00000000 ffffffff 00cf9300 DPL=0 DS   [-WA]
GS =0018 00000000 ffffffff 00cf9300 DPL=0 DS   [-WA]
LDT=0000 00000000 0000ffff 00008200 DPL=0 LDT
TR =0000 00000000 0000ffff 00008b00 DPL=0 TSS32-busy
GDT=     000010b0 00000020
IDT=     00107020 000007ff
CR0=00000011 CR2=00000000 CR3=00000000 CR4=00000000
DR0=00000000 DR1=00000000 DR2=00000000 DR3=00000000 
DR6=ffff0ff0 DR7=00000400
CCS=000000ff CCD=ffffffb8 CCO=SBBB
EFER=0000000000000000
check_exception old: 0xffffffff new 0x6
   208: v=06 e=0000 i=0 cpl=0 IP=0010:0000001b pc=0000001b SP=0018:00105508 env->regs[R_EAX]=03f11107
EAX=03f11107 EBX=00010000 ECX=000003cd EDX=000000b9
ESI=e987f000 EDI=00000000 EBP=00106ff8 ESP=00105508
EIP=0000001b EFL=00000093 [--S-A-C] CPL=0 II=0 A20=1 SMM=0 HLT=0
ES =0018 00000000 ffffffff 00cf9300 DPL=0 DS   [-WA]
CS =0010 00000000 ffffffff 00cf9a00 DPL=0 CS32 [-R-]
SS =0018 00000000 ffffffff 00cf9300 DPL=0 DS   [-WA]
DS =0018 00000000 ffffffff 00cf9300 DPL=0 DS   [-WA]
FS =0018 00000000 ffffffff 00cf9300 DPL=0 DS   [-WA]
GS =0018 00000000 ffffffff 00cf9300 DPL=0 DS   [-WA]
LDT=0000 00000000 0000ffff 00008200 DPL=0 LDT
TR =0000 00000000 0000ffff 00008b00 DPL=0 TSS32-busy
GDT=     000010b0 00000020
IDT=     00107020 000007ff
CR0=00000011 CR2=00000000 CR3=00000000 CR4=00000000
DR0=00000000 DR1=00000000 DR2=00000000 DR3=00000000 
DR6=ffff0ff0 DR7=00000400
CCS=000000ff CCD=ffffffb9 CCO=SBBB
EFER=0000000000000000
check_exception old: 0xffffffff new 0x6
   209: v=06 e=0000 i=0 cpl=0 IP=0010:0000001b pc=0000001b SP=0018:001054e4 env->regs[R_EAX]=e6b50107
EAX=e6b50107 EBX=00010000 ECX=000003cd EDX=000000ba
ESI=e987f000 EDI=00000000 EBP=00106ff8 ESP=001054e4
EIP=0000001b EFL=00000093 [--S-A-C] CPL=0 II=0 A20=1 SMM=0 HLT=0
ES =0018 00000000 ffffffff 00cf9300 DPL=0 DS   [-WA]
CS =0010 00000000 ffffffff 00cf9a00 DPL=0 CS32 [-R-]
SS =0018 00000000 ffffffff 00cf9300 DPL=0 DS   [-WA]
DS =0018 00000000 ffffffff 00cf9300 DPL=0 DS   [-WA]
FS =0018 00000000 ffffffff 00cf9300 DPL=0 DS   [-WA]
GS =0018 00000000 ffffffff 00cf9300 DPL=0 DS   [-WA]
LDT=0000 00000000 0000ffff 00008200 DPL=0 LDT
TR =0000 00000000 0000ffff 00008b00 DPL=0 TSS32-busy
GDT=     000010b0 00000020
IDT=     00107020 000007ff
CR0=00000011 CR2=00000000 CR3=00000000 CR4=00000000
DR0=00000000 DR1=00000000 DR2=00000000 DR3=00000000 
DR6=ffff0ff0 DR7=00000400
CCS=000000ff CCD=ffffffba CCO=SBBB
EFER=0000000000000000
check_exception old: 0xffffffff new 0x6
   210: v=06 e=0000 i=0 cpl=0 IP=0010:0000001b pc=0000001b SP=0018:001054c0 env->regs[R_EAX]=c978f107
EAX=c978f107 EBX=00010000 ECX=000003cd EDX=000000bb
ESI=e987f000 EDI=00000000 EBP=00106ff8 ESP=001054c0
EIP=0000001b EFL=00000097 [--S-APC] CPL=0 II=0 A20=1 SMM=0 HLT=0
ES =0018 00000000 ffffffff 00cf9300 DPL=0 DS   [-WA]
CS =0010 00000000 ffffffff 00cf9a00 DPL=0 CS32 [-R-]
SS =0018 00000000 ffffffff 00cf9300 DPL=0 DS   [-WA]
DS =0018 00000000 ffffffff 00cf9300 DPL=0 DS   [-WA]
FS =0018 00000000 ffffffff 00cf9300 DPL=0 DS   [-WA]
GS =0018 00000000 ffffffff 00cf9300 DPL=0 DS   [-WA]
LDT=0000 00000000 0000ffff 00008200 DPL=0 LDT
TR =0000 00000000 0000ffff 00008b00 DPL=0 TSS32-busy
GDT=     000010b0 00000020
IDT=     00107020 000007ff
CR0=00000011 CR2=00000000 CR3=00000000 CR4=00000000
DR0=00000000 DR1=00000000 DR2=00000000 DR3=00000000 
DR6=ffff0ff0 DR7=00000400
CCS=000000ff CCD=ffffffbb CCO=SBBB
EFER=0000000000000000
check_exception old: 0xffffffff new 0x6
   211: v=06 e=0000 i=0 cpl=0 IP=0010:0000001b pc=0000001b SP=0018:0010549c env->regs[R_EAX]=ac3ce107
EAX=ac3ce107 EBX=00010000 ECX=000003cd EDX=000000bc
ESI=e987f000 EDI=00000000 EBP=00106ff8 ESP=0010549c
EIP=0000001b EFL=00000093 [--S-A-C] CPL=0 II=0 A20=1 SMM=0 HLT=0
ES =0018 00000000 ffffffff 00cf9300 DPL=0 DS   [-WA]
CS =0010 00000000 ffffffff 00cf9a00 DPL=0 CS32 [-R-]
SS =0018 00000000 ffffffff 00cf9300 DPL=0 DS   [-WA]
DS =0018 00000000 ffffffff 00cf9300 DPL=0 DS   [-WA]
FS =0018 00000000 ffffffff 00cf9300 DPL=0 DS   [-WA]
GS =0018 00000000 ffffffff 00cf9300 DPL=0 DS   [-WA]
LDT=0000 00000000 0000ffff 00008200 DPL=0 LDT
TR =0000 00000000 0000ffff 00008b00 DPL=0 TSS32-busy
GDT=     000010b0 00000020
IDT=     00107020 000007ff
CR0=00000011 CR2=00000000 CR3=00000000 CR4=00000000
DR0=00000000 DR1=00000000 DR2=00000000 DR3=00000000 
DR6=ffff0ff0 DR7=00000400
CCS=000000ff CCD=ffffffbc CCO=SBBB
EFER=0000000000000000
check_exception old: 0xffffffff new 0x6
   212: v=06 e=0000 i=0 cpl=0 IP=0010:0000001b pc=0000001b SP=0018:00105478 env->regs[R_EAX]=8f00d107
EAX=8f00d107 EBX=00010000 ECX=000003cd EDX=000000bd
ESI=e987f000 EDI=00000000 EBP=00106ff8 ESP=00105478
EIP=0000001b EFL=00000097 [--S-APC] CPL=0 II=0 A20=1 SMM=0 HLT=0
ES =0018 00000000 ffffffff 00cf9300 DPL=0 DS   [-WA]
CS =0010 00000000 ffffffff 00cf9a00 DPL=0 CS32 [-R-]
SS =0018 00000000 ffffffff 00cf9300 DPL=0 DS   [-WA]
DS =0018 00000000 ffffffff 00cf9300 DPL=0 DS   [-WA]
FS =0018 00000000 ffffffff 00cf9300 DPL=0 DS   [-WA]
GS =0018 00000000 ffffffff 00cf9300 DPL=0 DS   [-WA]
LDT=0000 00000000 0000ffff 00008200 DPL=0 LDT
TR =0000 00000000 0000ffff 00008b00 DPL=0 TSS32-busy
GDT=     000010b0 00000020
IDT=     00107020 000007ff
CR0=00000011 CR2=00000000 CR3=00000000 CR4=00000000
DR0=00000000 DR1=00000000 DR2=00000000 DR3=00000000 
DR6=ffff0ff0 DR7=00000400
CCS=000000ff CCD=ffffffbd CCO=SBBB
EFER=0000000000000000
check_exception old: 0xffffffff new 0x6
   213: v=06 e=0000 i=0 cpl=0 IP=0010:0000001b pc=0000001b SP=0018:00105454 env->regs[R_EAX]=71c4c107
EAX=71c4c107 EBX=00010000 ECX=000003cd EDX=000000be
ESI=e987f000 EDI=00000000 EBP=00106ff8 ESP=00105454
EIP=0000001b EFL=00000097 [--S-APC] CPL=0 II=0 A20=1 SMM=0 HLT=0
ES =0018 00000000 ffffffff 00cf9300 DPL=0 DS   [-WA]
CS =0010 00000000 ffffffff 00cf9a00 DPL=0 CS32 [-R-]
SS =0018 00000000 ffffffff 00cf9300 DPL=0 DS   [-WA]
DS =0018 00000000 ffffffff 00cf9300 DPL=0 DS   [-WA]
FS =0018 00000000 ffffffff 00cf9300 DPL=0 DS   [-WA]
GS =0018 00000000 ffffffff 00cf9300 DPL=0 DS   [-WA]
LDT=0000 00000000 0000ffff 00008200 DPL=0 LDT
TR =0000 00000000 0000ffff 00008b00 DPL=0 TSS32-busy
GDT=     000010b0 00000020
IDT=     00107020 000007ff
CR0=00000011 CR2=00000000 CR3=00000000 CR4=00000000
DR0=00000000 DR1=00000000 DR2=00000000 DR3=00000000 
DR6=ffff0ff0 DR7=00000400
CCS=000000ff CCD=ffffffbe CCO=SBBB
EFER=0000000000000000
check_exception old: 0xffffffff new 0x6
   214: v=06 e=0000 i=0 cpl=0 IP=0010:0000001b pc=0000001b SP=0018:00105430 env->regs[R_EAX]=5488b107
EAX=5488b107 EBX=00010000 ECX=000003cd EDX=000000bf
ESI=e987f000 EDI=00000000 EBP=00106ff8 ESP=00105430
EIP=0000001b EFL=00000093 [--S-A-C] CPL=0 II=0 A20=1 SMM=0 HLT=0
ES =0018 00000000 ffffffff 00cf9300 DPL=0 DS   [-WA]
CS =0010 00000000 ffffffff 00cf9a00 DPL=0 CS32 [-R-]
SS =0018 00000000 ffffffff 00cf9300 DPL=0 DS   [-WA]
DS =0018 00000000 ffffffff 00cf9300 DPL=0 DS   [-WA]
FS =0018 00000000 ffffffff 00cf9300 DPL=0 DS   [-WA]
GS =0018 00000000 ffffffff 00cf9300 DPL=0 DS   [-WA]
LDT=0000 00000000 0000ffff 00008200 DPL=0 LDT
TR =0000 00000000 0000ffff 00008b00 DPL=0 TSS32-busy
GDT=     000010b0 00000020
IDT=     00107020 000007ff
CR0=00000011 CR2=00000000 CR3=00000000 CR4=00000000
DR0=00000000 DR1=00000000 DR2=00000000 DR3=00000000 
DR6=ffff0ff0 DR7=00000400
CCS=000000ff CCD=ffffffbf CCO=SBBB
EFER=0000000000000000
check_exception old: 0xffffffff new 0x6
   215: v=06 e=0000 i=0 cpl=0 IP=0010:0000001b pc=0000001b SP=0018:0010540c env->regs[R_EAX]=374ca107
EAX=374ca107 EBX=00010000 ECX=000003cd EDX=000000c0
ESI=e987f000 EDI=00000000 EBP=00106ff8 ESP=0010540c
EIP=0000001b EFL=00000087 [--S--PC] CPL=0 II=0 A20=1 SMM=0 HLT=0
ES =0018 00000000 ffffffff 00cf9300 DPL=0 DS   [-WA]
CS =0010 00000000 ffffffff 00cf9a00 DPL=0 CS32 [-R-]
SS =0018 00000000 ffffffff 00cf9300 DPL=0 DS   [-WA]
DS =0018 00000000 ffffffff 00cf9300 DPL=0 DS   [-WA]
FS =0018 00000000 ffffffff 00cf9300 DPL=0 DS   [-WA]
GS =0018 00000000 ffffffff 00cf9300 DPL=0 DS   [-WA]
LDT=0000 00000000 0000ffff 00008200 DPL=0 LDT
TR =0000 00000000 0000ffff 00008b00 DPL=0 TSS32-busy
GDT=     000010b0 00000020
IDT=     00107020 000007ff
CR0=00000011 CR2=00000000 CR3=00000000 CR4=00000000
DR0=00000000 DR1=00000000 DR2=00000000 DR3=00000000 
DR6=ffff0ff0 DR7=00000400
CCS=000000ff CCD=ffffffc0 CCO=SBBB
EFER=0000000000000000
check_exception old: 0xffffffff new 0x6
   216: v=06 e=0000 i=0 cpl=0 IP=0010:0000001b pc=0000001b SP=0018:001053e8 env->regs[R_EAX]=1a109107
EAX=1a109107 EBX=00010000 ECX=000003cd EDX=000000c1
ESI=e987f000 EDI=00000000 EBP=00106ff8 ESP=001053e8
EIP=0000001b EFL=00000093 [--S-A-C] CPL=0 II=0 A20=1 SMM=0 HLT=0
ES =0018 00000000 ffffffff 00cf9300 DPL=0 DS   [-WA]
CS =0010 00000000 ffffffff 00cf9a00 DPL=0 CS32 [-R-]
SS =0018 00000000 ffffffff 00cf9300 DPL=0 DS   [-WA]
DS =0018 00000000 ffffffff 00cf9300 DPL=0 DS   [-WA]
FS =0018 00000000 ffffffff 00cf9300 DPL=0 DS   [-WA]
GS =0018 00000000 ffffffff 00cf9300 DPL=0 DS   [-WA]
LDT=0000 00000000 0000ffff 00008200 DPL=0 LDT
TR =0000 00000000 0000ffff 00008b00 DPL=0 TSS32-busy
GDT=     000010b0 00000020
IDT=     00107020 000007ff
CR0=00000011 CR2=00000000 CR3=00000000 CR4=00000000
DR0=00000000 DR1=00000000 DR2=00000000 DR3=00000000 
DR6=ffff0ff0 DR7=00000400
CCS=000000ff CCD=ffffffc1 CCO=SBBB
EFER=0000000000000000
check_exception old: 0xffffffff new 0x6
   217: v=06 e=0000 i=0 cpl=0 IP=0010:0000001b pc=0000001b SP=0018:001053c4 env->regs[R_EAX]=fcd48107
EAX=fcd48107 EBX=00010000 ECX=000003cd EDX=000000c2
ESI=e987f000 EDI=00000000 EBP=00106ff8 ESP=001053c4
EIP=0000001b EFL=00000093 [--S-A-C] CPL=0 II=0 A20=1 SMM=0 HLT=0
ES =0018 00000000 ffffffff 00cf9300 DPL=0 DS   [-WA]
CS =0010 00000000 ffffffff 00cf9a00 DPL=0 CS32 [-R-]
SS =0018 00000000 ffffffff 00cf9300 DPL=0 DS   [-WA]
DS =0018 00000000 ffffffff 00cf9300 DPL=0 DS   [-WA]
FS =0018 00000000 ffffffff 00cf9300 DPL=0 DS   [-WA]
GS =0018 00000000 ffffffff 00cf9300 DPL=0 DS   [-WA]
LDT=0000 00000000 0000ffff 00008200 DPL=0 LDT
TR =0000 00000000 0000ffff 00008b00 DPL=0 TSS32-busy
GDT=     000010b0 00000020
IDT=     00107020 000007ff
CR0=00000011 CR2=00000000 CR3=00000000 CR4=00000000
DR0=00000000 DR1=00000000 DR2=00000000 DR3=00000000 
DR6=ffff0ff0 DR7=00000400
CCS=000000ff CCD=ffffffc2 CCO=SBBB
EFER=0000000000000000
check_exception old: 0xffffffff new 0x6
   218: v=06 e=0000 i=0 cpl=0 IP=0010:0000001b pc=0000001b SP=0018:001053a0 env->regs[R_EAX]=df987107
EAX=df987107 EBX=00010000 ECX=000003cd EDX=000000c3
ESI=e987f000 EDI=00000000 EBP=00106ff8 ESP=001053a0
EIP=0000001b EFL=00000097 [--S-APC] CPL=0 II=0 A20=1 SMM=0 HLT=0
ES =0018 00000000 ffffffff 00cf9300 DPL=0 DS   [-WA]
CS =0010 00000000 ffffffff 00cf9a00 DPL=0 CS32 [-R-]
SS =0018 00000000 ffffffff 00cf9300 DPL=0 DS   [-WA]
DS =0018 00000000 ffffffff 00cf9300 DPL=0 DS   [-WA]
FS =0018 00000000 ffffffff 00cf9300 DPL=0 DS   [-WA]
GS =0018 00000000 ffffffff 00cf9300 DPL=0 DS   [-WA]
LDT=0000 00000000 0000ffff 00008200 DPL=0 LDT
TR =0000 00000000 0000ffff 00008b00 DPL=0 TSS32-busy
GDT=     000010b0 00000020
IDT=     00107020 000007ff
CR0=00000011 CR2=00000000 CR3=00000000 CR4=00000000
DR0=00000000 DR1=00000000 DR2=00000000 DR3=00000000 
DR6=ffff0ff0 DR7=00000400
CCS=000000ff CCD=ffffffc3 CCO=SBBB
EFER=0000000000000000
check_exception old: 0xffffffff new 0x6
   219: v=06 e=0000 i=0 cpl=0 IP=0010:0000001b pc=0000001b SP=0018:0010537c env->regs[R_EAX]=c25c6107
EAX=c25c6107 EBX=00010000 ECX=000003cd EDX=000000c4
ESI=e987f000 EDI=00000000 EBP=00106ff8 ESP=0010537c
EIP=0000001b EFL=00000093 [--S-A-C] CPL=0 II=0 A20=1 SMM=0 HLT=0
ES =0018 00000000 ffffffff 00cf9300 DPL=0 DS   [-WA]
CS =0010 00000000 ffffffff 00cf9a00 DPL=0 CS32 [-R-]
SS =0018 00000000 ffffffff 00cf9300 DPL=0 DS   [-WA]
DS =0018 00000000 ffffffff 00cf9300 DPL=0 DS   [-WA]
FS =0018 00000000 ffffffff 00cf9300 DPL=0 DS   [-WA]
GS =0018 00000000 ffffffff 00cf9300 DPL=0 DS   [-WA]
LDT=0000 00000000 0000ffff 00008200 DPL=0 LDT
TR =0000 00000000 0000ffff 00008b00 DPL=0 TSS32-busy
GDT=     000010b0 00000020
IDT=     00107020 000007ff
CR0=00000011 CR2=00000000 CR3=00000000 CR4=00000000
DR0=00000000 DR1=00000000 DR2=00000000 DR3=00000000 
DR6=ffff0ff0 DR7=00000400
CCS=000000ff CCD=ffffffc4 CCO=SBBB
EFER=0000000000000000
check_exception old: 0xffffffff new 0x6
   220: v=06 e=0000 i=0 cpl=0 IP=0010:0000001b pc=0000001b SP=0018:00105358 env->regs[R_EAX]=a5205107
EAX=a5205107 EBX=00010000 ECX=000003cd EDX=000000c5
ESI=e987f000 EDI=00000000 EBP=00106ff8 ESP=00105358
EIP=0000001b EFL=00000097 [--S-APC] CPL=0 II=0 A20=1 SMM=0 HLT=0
ES =0018 00000000 ffffffff 00cf9300 DPL=0 DS   [-WA]
CS =0010 00000000 ffffffff 00cf9a00 DPL=0 CS32 [-R-]
SS =0018 00000000 ffffffff 00cf9300 DPL=0 DS   [-WA]
DS =0018 00000000 ffffffff 00cf9300 DPL=0 DS   [-WA]
FS =0018 00000000 ffffffff 00cf9300 DPL=0 DS   [-WA]
GS =0018 00000000 ffffffff 00cf9300 DPL=0 DS   [-WA]
LDT=0000 00000000 0000ffff 00008200 DPL=0 LDT
TR =0000 00000000 0000ffff 00008b00 DPL=0 TSS32-busy
GDT=     000010b0 00000020
IDT=     00107020 000007ff
CR0=00000011 CR2=00000000 CR3=00000000 CR4=00000000
DR0=00000000 DR1=00000000 DR2=00000000 DR3=00000000 
DR6=ffff0ff0 DR7=00000400
CCS=000000ff CCD=ffffffc5 CCO=SBBB
EFER=0000000000000000
check_exception old: 0xffffffff new 0x6
   221: v=06 e=0000 i=0 cpl=0 IP=0010:0000001b pc=0000001b SP=0018:00105334 env->regs[R_EAX]=87e44107
EAX=87e44107 EBX=00010000 ECX=000003cd EDX=000000c6
ESI=e987f000 EDI=00000000 EBP=00106ff8 ESP=00105334
EIP=0000001b EFL=00000097 [--S-APC] CPL=0 II=0 A20=1 SMM=0 HLT=0
ES =0018 00000000 ffffffff 00cf9300 DPL=0 DS   [-WA]
CS =0010 00000000 ffffffff 00cf9a00 DPL=0 CS32 [-R-]
SS =0018 00000000 ffffffff 00cf9300 DPL=0 DS   [-WA]
DS =0018 00000000 ffffffff 00cf9300 DPL=0 DS   [-WA]
FS =0018 00000000 ffffffff 00cf9300 DPL=0 DS   [-WA]
GS =0018 00000000 ffffffff 00cf9300 DPL=0 DS   [-WA]
LDT=0000 00000000 0000ffff 00008200 DPL=0 LDT
TR =0000 00000000 0000ffff 00008b00 DPL=0 TSS32-busy
GDT=     000010b0 00000020
IDT=     00107020 000007ff
CR0=00000011 CR2=00000000 CR3=00000000 CR4=00000000
DR0=00000000 DR1=00000000 DR2=00000000 DR3=00000000 
DR6=ffff0ff0 DR7=00000400
CCS=000000ff CCD=ffffffc6 CCO=SBBB
EFER=0000000000000000
check_exception old: 0xffffffff new 0x6
   222: v=06 e=0000 i=0 cpl=0 IP=0010:0000001b pc=0000001b SP=0018:00105310 env->regs[R_EAX]=6aa83107
EAX=6aa83107 EBX=00010000 ECX=000003cd EDX=000000c7
ESI=e987f000 EDI=00000000 EBP=00106ff8 ESP=00105310
EIP=0000001b EFL=00000093 [--S-A-C] CPL=0 II=0 A20=1 SMM=0 HLT=0
ES =0018 00000000 ffffffff 00cf9300 DPL=0 DS   [-WA]
CS =0010 00000000 ffffffff 00cf9a00 DPL=0 CS32 [-R-]
SS =0018 00000000 ffffffff 00cf9300 DPL=0 DS   [-WA]
DS =0018 00000000 ffffffff 00cf9300 DPL=0 DS   [-WA]
FS =0018 00000000 ffffffff 00cf9300 DPL=0 DS   [-WA]
GS =0018 00000000 ffffffff 00cf9300 DPL=0 DS   [-WA]
LDT=0000 00000000 0000ffff 00008200 DPL=0 LDT
TR =0000 00000000 0000ffff 00008b00 DPL=0 TSS32-busy
GDT=     000010b0 00000020
IDT=     00107020 000007ff
CR0=00000011 CR2=00000000 CR3=00000000 CR4=00000000
DR0=00000000 DR1=00000000 DR2=00000000 DR3=00000000 
DR6=ffff0ff0 DR7=00000400
CCS=000000ff CCD=ffffffc7 CCO=SBBB
EFER=0000000000000000
check_exception old: 0xffffffff new 0x6
   223: v=06 e=0000 i=0 cpl=0 IP=0010:0000001b pc=0000001b SP=0018:001052ec env->regs[R_EAX]=4d6c2107
EAX=4d6c2107 EBX=00010000 ECX=000003cd EDX=000000c8
ESI=e987f000 EDI=00000000 EBP=00106ff8 ESP=001052ec
EIP=0000001b EFL=00000093 [--S-A-C] CPL=0 II=0 A20=1 SMM=0 HLT=0
ES =0018 00000000 ffffffff 00cf9300 DPL=0 DS   [-WA]
CS =0010 00000000 ffffffff 00cf9a00 DPL=0 CS32 [-R-]
SS =0018 00000000 ffffffff 00cf9300 DPL=0 DS   [-WA]
DS =0018 00000000 ffffffff 00cf9300 DPL=0 DS   [-WA]
FS =0018 00000000 ffffffff 00cf9300 DPL=0 DS   [-WA]
GS =0018 00000000 ffffffff 00cf9300 DPL=0 DS   [-WA]
LDT=0000 00000000 0000ffff 00008200 DPL=0 LDT
TR =0000 00000000 0000ffff 00008b00 DPL=0 TSS32-busy
GDT=     000010b0 00000020
IDT=     00107020 000007ff
CR0=00000011 CR2=00000000 CR3=00000000 CR4=00000000
DR0=00000000 DR1=00000000 DR2=00000000 DR3=00000000 
DR6=ffff0ff0 DR7=00000400
CCS=000000ff CCD=ffffffc8 CCO=SBBB
EFER=0000000000000000
check_exception old: 0xffffffff new 0x6
   224: v=06 e=0000 i=0 cpl=0 IP=0010:0000001b pc=0000001b SP=0018:001052c8 env->regs[R_EAX]=30301107
EAX=30301107 EBX=00010000 ECX=000003cd EDX=000000c9
ESI=e987f000 EDI=00000000 EBP=00106ff8 ESP=001052c8
EIP=0000001b EFL=00000097 [--S-APC] CPL=0 II=0 A20=1 SMM=0 HLT=0
ES =0018 00000000 ffffffff 00cf9300 DPL=0 DS   [-WA]
CS =0010 00000000 ffffffff 00cf9a00 DPL=0 CS32 [-R-]
SS =0018 00000000 ffffffff 00cf9300 DPL=0 DS   [-WA]
DS =0018 00000000 ffffffff 00cf9300 DPL=0 DS   [-WA]
FS =0018 00000000 ffffffff 00cf9300 DPL=0 DS   [-WA]
GS =0018 00000000 ffffffff 00cf9300 DPL=0 DS   [-WA]
LDT=0000 00000000 0000ffff 00008200 DPL=0 LDT
TR =0000 00000000 0000ffff 00008b00 DPL=0 TSS32-busy
GDT=     000010b0 00000020
IDT=     00107020 000007ff
CR0=00000011 CR2=00000000 CR3=00000000 CR4=00000000
DR0=00000000 DR1=00000000 DR2=00000000 DR3=00000000 
DR6=ffff0ff0 DR7=00000400
CCS=000000ff CCD=ffffffc9 CCO=SBBB
EFER=0000000000000000
check_exception old: 0xffffffff new 0x6
   225: v=06 e=0000 i=0 cpl=0 IP=0010:0000001b pc=0000001b SP=0018:001052a4 env->regs[R_EAX]=12f40107
EAX=12f40107 EBX=00010000 ECX=000003cd EDX=000000ca
ESI=e987f000 EDI=00000000 EBP=00106ff8 ESP=001052a4
EIP=0000001b EFL=00000097 [--S-APC] CPL=0 II=0 A20=1 SMM=0 HLT=0
ES =0018 00000000 ffffffff 00cf9300 DPL=0 DS   [-WA]
CS =0010 00000000 ffffffff 00cf9a00 DPL=0 CS32 [-R-]
SS =0018 00000000 ffffffff 00cf9300 DPL=0 DS   [-WA]
DS =0018 00000000 ffffffff 00cf9300 DPL=0 DS   [-WA]
FS =0018 00000000 ffffffff 00cf9300 DPL=0 DS   [-WA]
GS =0018 00000000 ffffffff 00cf9300 DPL=0 DS   [-WA]
LDT=0000 00000000 0000ffff 00008200 DPL=0 LDT
TR =0000 00000000 0000ffff 00008b00 DPL=0 TSS32-busy
GDT=     000010b0 00000020
IDT=     00107020 000007ff
CR0=00000011 CR2=00000000 CR3=00000000 CR4=00000000
DR0=00000000 DR1=00000000 DR2=00000000 DR3=00000000 
DR6=ffff0ff0 DR7=00000400
CCS=000000ff CCD=ffffffca CCO=SBBB
EFER=0000000000000000
check_exception old: 0xffffffff new 0x6
   226: v=06 e=0000 i=0 cpl=0 IP=0010:0000001b pc=0000001b SP=0018:00105280 env->regs[R_EAX]=f5b7f107
EAX=f5b7f107 EBX=00010000 ECX=000003cd EDX=000000cb
ESI=e987f000 EDI=00000000 EBP=00106ff8 ESP=00105280
EIP=0000001b EFL=00000093 [--S-A-C] CPL=0 II=0 A20=1 SMM=0 HLT=0
ES =0018 00000000 ffffffff 00cf9300 DPL=0 DS   [-WA]
CS =0010 00000000 ffffffff 00cf9a00 DPL=0 CS32 [-R-]
SS =0018 00000000 ffffffff 00cf9300 DPL=0 DS   [-WA]
DS =0018 00000000 ffffffff 00cf9300 DPL=0 DS   [-WA]
FS =0018 00000000 ffffffff 00cf9300 DPL=0 DS   [-WA]
GS =0018 00000000 ffffffff 00cf9300 DPL=0 DS   [-WA]
LDT=0000 00000000 0000ffff 00008200 DPL=0 LDT
TR =0000 00000000 0000ffff 00008b00 DPL=0 TSS32-busy
GDT=     000010b0 00000020
IDT=     00107020 000007ff
CR0=00000011 CR2=00000000 CR3=00000000 CR4=00000000
DR0=00000000 DR1=00000000 DR2=00000000 DR3=00000000 
DR6=ffff0ff0 DR7=00000400
CCS=000000ff CCD=ffffffcb CCO=SBBB
EFER=0000000000000000
check_exception old: 0xffffffff new 0x6
   227: v=06 e=0000 i=0 cpl=0 IP=0010:0000001b pc=0000001b SP=0018:0010525c env->regs[R_EAX]=d87be107
EAX=d87be107 EBX=00010000 ECX=000003cd EDX=000000cc
ESI=e987f000 EDI=00000000 EBP=00106ff8 ESP=0010525c
EIP=0000001b EFL=00000097 [--S-APC] CPL=0 II=0 A20=1 SMM=0 HLT=0
ES =0018 00000000 ffffffff 00cf9300 DPL=0 DS   [-WA]
CS =0010 00000000 ffffffff 00cf9a00 DPL=0 CS32 [-R-]
SS =0018 00000000 ffffffff 00cf9300 DPL=0 DS   [-WA]
DS =0018 00000000 ffffffff 00cf9300 DPL=0 DS   [-WA]
FS =0018 00000000 ffffffff 00cf9300 DPL=0 DS   [-WA]
GS =0018 00000000 ffffffff 00cf9300 DPL=0 DS   [-WA]
LDT=0000 00000000 0000ffff 00008200 DPL=0 LDT
TR =0000 00000000 0000ffff 00008b00 DPL=0 TSS32-busy
GDT=     000010b0 00000020
IDT=     00107020 000007ff
CR0=00000011 CR2=00000000 CR3=00000000 CR4=00000000
DR0=00000000 DR1=00000000 DR2=00000000 DR3=00000000 
DR6=ffff0ff0 DR7=00000400
CCS=000000ff CCD=ffffffcc CCO=SBBB
EFER=0000000000000000
check_exception old: 0xffffffff new 0x6
   228: v=06 e=0000 i=0 cpl=0 IP=0010:0000001b pc=0000001b SP=0018:00105238 env->regs[R_EAX]=bb3fd107
EAX=bb3fd107 EBX=00010000 ECX=000003cd EDX=000000cd
ESI=e987f000 EDI=00000000 EBP=00106ff8 ESP=00105238
EIP=0000001b EFL=00000093 [--S-A-C] CPL=0 II=0 A20=1 SMM=0 HLT=0
ES =0018 00000000 ffffffff 00cf9300 DPL=0 DS   [-WA]
CS =0010 00000000 ffffffff 00cf9a00 DPL=0 CS32 [-R-]
SS =0018 00000000 ffffffff 00cf9300 DPL=0 DS   [-WA]
DS =0018 00000000 ffffffff 00cf9300 DPL=0 DS   [-WA]
FS =0018 00000000 ffffffff 00cf9300 DPL=0 DS   [-WA]
GS =0018 00000000 ffffffff 00cf9300 DPL=0 DS   [-WA]
LDT=0000 00000000 0000ffff 00008200 DPL=0 LDT
TR =0000 00000000 0000ffff 00008b00 DPL=0 TSS32-busy
GDT=     000010b0 00000020
IDT=     00107020 000007ff
CR0=00000011 CR2=00000000 CR3=00000000 CR4=00000000
DR0=00000000 DR1=00000000 DR2=00000000 DR3=00000000 
DR6=ffff0ff0 DR7=00000400
CCS=000000ff CCD=ffffffcd CCO=SBBB
EFER=0000000000000000
check_exception old: 0xffffffff new 0x6
   229: v=06 e=0000 i=0 cpl=0 IP=0010:0000001b pc=0000001b SP=0018:00105214 env->regs[R_EAX]=9e03c107
EAX=9e03c107 EBX=00010000 ECX=000003cd EDX=000000ce
ESI=e987f000 EDI=00000000 EBP=00106ff8 ESP=00105214
EIP=0000001b EFL=00000093 [--S-A-C] CPL=0 II=0 A20=1 SMM=0 HLT=0
ES =0018 00000000 ffffffff 00cf9300 DPL=0 DS   [-WA]
CS =0010 00000000 ffffffff 00cf9a00 DPL=0 CS32 [-R-]
SS =0018 00000000 ffffffff 00cf9300 DPL=0 DS   [-WA]
DS =0018 00000000 ffffffff 00cf9300 DPL=0 DS   [-WA]
FS =0018 00000000 ffffffff 00cf9300 DPL=0 DS   [-WA]
GS =0018 00000000 ffffffff 00cf9300 DPL=0 DS   [-WA]
LDT=0000 00000000 0000ffff 00008200 DPL=0 LDT
TR =0000 00000000 0000ffff 00008b00 DPL=0 TSS32-busy
GDT=     000010b0 00000020
IDT=     00107020 000007ff
CR0=00000011 CR2=00000000 CR3=00000000 CR4=00000000
DR0=00000000 DR1=00000000 DR2=00000000 DR3=00000000 
DR6=ffff0ff0 DR7=00000400
CCS=000000ff CCD=ffffffce CCO=SBBB
EFER=0000000000000000
check_exception old: 0xffffffff new 0x6
   230: v=06 e=0000 i=0 cpl=0 IP=0010:0000001b pc=0000001b SP=0018:001051f0 env->regs[R_EAX]=80c7b107
EAX=80c7b107 EBX=00010000 ECX=000003cd EDX=000000cf
ESI=e987f000 EDI=00000000 EBP=00106ff8 ESP=001051f0
EIP=0000001b EFL=00000097 [--S-APC] CPL=0 II=0 A20=1 SMM=0 HLT=0
ES =0018 00000000 ffffffff 00cf9300 DPL=0 DS   [-WA]
CS =0010 00000000 ffffffff 00cf9a00 DPL=0 CS32 [-R-]
SS =0018 00000000 ffffffff 00cf9300 DPL=0 DS   [-WA]
DS =0018 00000000 ffffffff 00cf9300 DPL=0 DS   [-WA]
FS =0018 00000000 ffffffff 00cf9300 DPL=0 DS   [-WA]
GS =0018 00000000 ffffffff 00cf9300 DPL=0 DS   [-WA]
LDT=0000 00000000 0000ffff 00008200 DPL=0 LDT
TR =0000 00000000 0000ffff 00008b00 DPL=0 TSS32-busy
GDT=     000010b0 00000020
IDT=     00107020 000007ff
CR0=00000011 CR2=00000000 CR3=00000000 CR4=00000000
DR0=00000000 DR1=00000000 DR2=00000000 DR3=00000000 
DR6=ffff0ff0 DR7=00000400
CCS=000000ff CCD=ffffffcf CCO=SBBB
EFER=0000000000000000
check_exception old: 0xffffffff new 0x6
   231: v=06 e=0000 i=0 cpl=0 IP=0010:0000001b pc=0000001b SP=0018:001051cc env->regs[R_EAX]=638ba107
EAX=638ba107 EBX=00010000 ECX=000003cd EDX=000000d0
ESI=e987f000 EDI=00000000 EBP=00106ff8 ESP=001051cc
EIP=0000001b EFL=00000083 [--S---C] CPL=0 II=0 A20=1 SMM=0 HLT=0
ES =0018 00000000 ffffffff 00cf9300 DPL=0 DS   [-WA]
CS =0010 00000000 ffffffff 00cf9a00 DPL=0 CS32 [-R-]
SS =0018 00000000 ffffffff 00cf9300 DPL=0 DS   [-WA]
DS =0018 00000000 ffffffff 00cf9300 DPL=0 DS   [-WA]
FS =0018 00000000 ffffffff 00cf9300 DPL=0 DS   [-WA]
GS =0018 00000000 ffffffff 00cf9300 DPL=0 DS   [-WA]
LDT=0000 00000000 0000ffff 00008200 DPL=0 LDT
TR =0000 00000000 0000ffff 00008b00 DPL=0 TSS32-busy
GDT=     000010b0 00000020
IDT=     00107020 000007ff
CR0=00000011 CR2=00000000 CR3=00000000 CR4=00000000
DR0=00000000 DR1=00000000 DR2=00000000 DR3=00000000 
DR6=ffff0ff0 DR7=00000400
CCS=000000ff CCD=ffffffd0 CCO=SBBB
EFER=0000000000000000
check_exception old: 0xffffffff new 0x6
   232: v=06 e=0000 i=0 cpl=0 IP=0010:0000001b pc=0000001b SP=0018:001051a8 env->regs[R_EAX]=464f9107
EAX=464f9107 EBX=00010000 ECX=000003cd EDX=000000d1
ESI=e987f000 EDI=00000000 EBP=00106ff8 ESP=001051a8
EIP=0000001b EFL=00000097 [--S-APC] CPL=0 II=0 A20=1 SMM=0 HLT=0
ES =0018 00000000 ffffffff 00cf9300 DPL=0 DS   [-WA]
CS =0010 00000000 ffffffff 00cf9a00 DPL=0 CS32 [-R-]
SS =0018 00000000 ffffffff 00cf9300 DPL=0 DS   [-WA]
DS =0018 00000000 ffffffff 00cf9300 DPL=0 DS   [-WA]
FS =0018 00000000 ffffffff 00cf9300 DPL=0 DS   [-WA]
GS =0018 00000000 ffffffff 00cf9300 DPL=0 DS   [-WA]
LDT=0000 00000000 0000ffff 00008200 DPL=0 LDT
TR =0000 00000000 0000ffff 00008b00 DPL=0 TSS32-busy
GDT=     000010b0 00000020
IDT=     00107020 000007ff
CR0=00000011 CR2=00000000 CR3=00000000 CR4=00000000
DR0=00000000 DR1=00000000 DR2=00000000 DR3=00000000 
DR6=ffff0ff0 DR7=00000400
CCS=000000ff CCD=ffffffd1 CCO=SBBB
EFER=0000000000000000
check_exception old: 0xffffffff new 0x6
   233: v=06 e=0000 i=0 cpl=0 IP=0010:0000001b pc=0000001b SP=0018:00105184 env->regs[R_EAX]=29138107
EAX=29138107 EBX=00010000 ECX=000003cd EDX=000000d2
ESI=e987f000 EDI=00000000 EBP=00106ff8 ESP=00105184
EIP=0000001b EFL=00000097 [--S-APC] CPL=0 II=0 A20=1 SMM=0 HLT=0
ES =0018 00000000 ffffffff 00cf9300 DPL=0 DS   [-WA]
CS =0010 00000000 ffffffff 00cf9a00 DPL=0 CS32 [-R-]
SS =0018 00000000 ffffffff 00cf9300 DPL=0 DS   [-WA]
DS =0018 00000000 ffffffff 00cf9300 DPL=0 DS   [-WA]
FS =0018 00000000 ffffffff 00cf9300 DPL=0 DS   [-WA]
GS =0018 00000000 ffffffff 00cf9300 DPL=0 DS   [-WA]
LDT=0000 00000000 0000ffff 00008200 DPL=0 LDT
TR =0000 00000000 0000ffff 00008b00 DPL=0 TSS32-busy
GDT=     000010b0 00000020
IDT=     00107020 000007ff
CR0=00000011 CR2=00000000 CR3=00000000 CR4=00000000
DR0=00000000 DR1=00000000 DR2=00000000 DR3=00000000 
DR6=ffff0ff0 DR7=00000400
CCS=000000ff CCD=ffffffd2 CCO=SBBB
EFER=0000000000000000
check_exception old: 0xffffffff new 0x6
   234: v=06 e=0000 i=0 cpl=0 IP=0010:0000001b pc=0000001b SP=0018:00105160 env->regs[R_EAX]=0bd77107
EAX=0bd77107 EBX=00010000 ECX=000003cd EDX=000000d3
ESI=e987f000 EDI=00000000 EBP=00106ff8 ESP=00105160
EIP=0000001b EFL=00000093 [--S-A-C] CPL=0 II=0 A20=1 SMM=0 HLT=0
ES =0018 00000000 ffffffff 00cf9300 DPL=0 DS   [-WA]
CS =0010 00000000 ffffffff 00cf9a00 DPL=0 CS32 [-R-]
SS =0018 00000000 ffffffff 00cf9300 DPL=0 DS   [-WA]
DS =0018 00000000 ffffffff 00cf9300 DPL=0 DS   [-WA]
FS =0018 00000000 ffffffff 00cf9300 DPL=0 DS   [-WA]
GS =0018 00000000 ffffffff 00cf9300 DPL=0 DS   [-WA]
LDT=0000 00000000 0000ffff 00008200 DPL=0 LDT
TR =0000 00000000 0000ffff 00008b00 DPL=0 TSS32-busy
GDT=     000010b0 00000020
IDT=     00107020 000007ff
CR0=00000011 CR2=00000000 CR3=00000000 CR4=00000000
DR0=00000000 DR1=00000000 DR2=00000000 DR3=00000000 
DR6=ffff0ff0 DR7=00000400
CCS=000000ff CCD=ffffffd3 CCO=SBBB
EFER=0000000000000000
check_exception old: 0xffffffff new 0x6
   235: v=06 e=0000 i=0 cpl=0 IP=0010:0000001b pc=0000001b SP=0018:0010513c env->regs[R_EAX]=ee9b6107
EAX=ee9b6107 EBX=00010000 ECX=000003cd EDX=000000d4
ESI=e987f000 EDI=00000000 EBP=00106ff8 ESP=0010513c
EIP=0000001b EFL=00000097 [--S-APC] CPL=0 II=0 A20=1 SMM=0 HLT=0
ES =0018 00000000 ffffffff 00cf9300 DPL=0 DS   [-WA]
CS =0010 00000000 ffffffff 00cf9a00 DPL=0 CS32 [-R-]
SS =0018 00000000 ffffffff 00cf9300 DPL=0 DS   [-WA]
DS =0018 00000000 ffffffff 00cf9300 DPL=0 DS   [-WA]
FS =0018 00000000 ffffffff 00cf9300 DPL=0 DS   [-WA]
GS =0018 00000000 ffffffff 00cf9300 DPL=0 DS   [-WA]
LDT=0000 00000000 0000ffff 00008200 DPL=0 LDT
TR =0000 00000000 0000ffff 00008b00 DPL=0 TSS32-busy
GDT=     000010b0 00000020
IDT=     00107020 000007ff
CR0=00000011 CR2=00000000 CR3=00000000 CR4=00000000
DR0=00000000 DR1=00000000 DR2=00000000 DR3=00000000 
DR6=ffff0ff0 DR7=00000400
CCS=000000ff CCD=ffffffd4 CCO=SBBB
EFER=0000000000000000
check_exception old: 0xffffffff new 0x6
   236: v=06 e=0000 i=0 cpl=0 IP=0010:0000001b pc=0000001b SP=0018:00105118 env->regs[R_EAX]=d15f5107
EAX=d15f5107 EBX=00010000 ECX=000003cd EDX=000000d5
ESI=e987f000 EDI=00000000 EBP=00106ff8 ESP=00105118
EIP=0000001b EFL=00000093 [--S-A-C] CPL=0 II=0 A20=1 SMM=0 HLT=0
ES =0018 00000000 ffffffff 00cf9300 DPL=0 DS   [-WA]
CS =0010 00000000 ffffffff 00cf9a00 DPL=0 CS32 [-R-]
SS =0018 00000000 ffffffff 00cf9300 DPL=0 DS   [-WA]
DS =0018 00000000 ffffffff 00cf9300 DPL=0 DS   [-WA]
FS =0018 00000000 ffffffff 00cf9300 DPL=0 DS   [-WA]
GS =0018 00000000 ffffffff 00cf9300 DPL=0 DS   [-WA]
LDT=0000 00000000 0000ffff 00008200 DPL=0 LDT
TR =0000 00000000 0000ffff 00008b00 DPL=0 TSS32-busy
GDT=     000010b0 00000020
IDT=     00107020 000007ff
CR0=00000011 CR2=00000000 CR3=00000000 CR4=00000000
DR0=00000000 DR1=00000000 DR2=00000000 DR3=00000000 
DR6=ffff0ff0 DR7=00000400
CCS=000000ff CCD=ffffffd5 CCO=SBBB
EFER=0000000000000000
check_exception old: 0xffffffff new 0x6
   237: v=06 e=0000 i=0 cpl=0 IP=0010:0000001b pc=0000001b SP=0018:001050f4 env->regs[R_EAX]=b4234107
EAX=b4234107 EBX=00010000 ECX=000003cd EDX=000000d6
ESI=e987f000 EDI=00000000 EBP=00106ff8 ESP=001050f4
EIP=0000001b EFL=00000093 [--S-A-C] CPL=0 II=0 A20=1 SMM=0 HLT=0
ES =0018 00000000 ffffffff 00cf9300 DPL=0 DS   [-WA]
CS =0010 00000000 ffffffff 00cf9a00 DPL=0 CS32 [-R-]
SS =0018 00000000 ffffffff 00cf9300 DPL=0 DS   [-WA]
DS =0018 00000000 ffffffff 00cf9300 DPL=0 DS   [-WA]
FS =0018 00000000 ffffffff 00cf9300 DPL=0 DS   [-WA]
GS =0018 00000000 ffffffff 00cf9300 DPL=0 DS   [-WA]
LDT=0000 00000000 0000ffff 00008200 DPL=0 LDT
TR =0000 00000000 0000ffff 00008b00 DPL=0 TSS32-busy
GDT=     000010b0 00000020
IDT=     00107020 000007ff
CR0=00000011 CR2=00000000 CR3=00000000 CR4=00000000
DR0=00000000 DR1=00000000 DR2=00000000 DR3=00000000 
DR6=ffff0ff0 DR7=00000400
CCS=000000ff CCD=ffffffd6 CCO=SBBB
EFER=0000000000000000
check_exception old: 0xffffffff new 0x6
   238: v=06 e=0000 i=0 cpl=0 IP=0010:0000001b pc=0000001b SP=0018:001050d0 env->regs[R_EAX]=96e73107
EAX=96e73107 EBX=00010000 ECX=000003cd EDX=000000d7
ESI=e987f000 EDI=00000000 EBP=00106ff8 ESP=001050d0
EIP=0000001b EFL=00000097 [--S-APC] CPL=0 II=0 A20=1 SMM=0 HLT=0
ES =0018 00000000 ffffffff 00cf9300 DPL=0 DS   [-WA]
CS =0010 00000000 ffffffff 00cf9a00 DPL=0 CS32 [-R-]
SS =0018 00000000 ffffffff 00cf9300 DPL=0 DS   [-WA]
DS =0018 00000000 ffffffff 00cf9300 DPL=0 DS   [-WA]
FS =0018 00000000 ffffffff 00cf9300 DPL=0 DS   [-WA]
GS =0018 00000000 ffffffff 00cf9300 DPL=0 DS   [-WA]
LDT=0000 00000000 0000ffff 00008200 DPL=0 LDT
TR =0000 00000000 0000ffff 00008b00 DPL=0 TSS32-busy
GDT=     000010b0 00000020
IDT=     00107020 000007ff
CR0=00000011 CR2=00000000 CR3=00000000 CR4=00000000
DR0=00000000 DR1=00000000 DR2=00000000 DR3=00000000 
DR6=ffff0ff0 DR7=00000400
CCS=000000ff CCD=ffffffd7 CCO=SBBB
EFER=0000000000000000
check_exception old: 0xffffffff new 0x6
   239: v=06 e=0000 i=0 cpl=0 IP=0010:0000001b pc=0000001b SP=0018:001050ac env->regs[R_EAX]=79ab2107
EAX=79ab2107 EBX=00010000 ECX=000003cd EDX=000000d8
ESI=e987f000 EDI=00000000 EBP=00106ff8 ESP=001050ac
EIP=0000001b EFL=00000097 [--S-APC] CPL=0 II=0 A20=1 SMM=0 HLT=0
ES =0018 00000000 ffffffff 00cf9300 DPL=0 DS   [-WA]
CS =0010 00000000 ffffffff 00cf9a00 DPL=0 CS32 [-R-]
SS =0018 00000000 ffffffff 00cf9300 DPL=0 DS   [-WA]
DS =0018 00000000 ffffffff 00cf9300 DPL=0 DS   [-WA]
FS =0018 00000000 ffffffff 00cf9300 DPL=0 DS   [-WA]
GS =0018 00000000 ffffffff 00cf9300 DPL=0 DS   [-WA]
LDT=0000 00000000 0000ffff 00008200 DPL=0 LDT
TR =0000 00000000 0000ffff 00008b00 DPL=0 TSS32-busy
GDT=     000010b0 00000020
IDT=     00107020 000007ff
CR0=00000011 CR2=00000000 CR3=00000000 CR4=00000000
DR0=00000000 DR1=00000000 DR2=00000000 DR3=00000000 
DR6=ffff0ff0 DR7=00000400
CCS=000000ff CCD=ffffffd8 CCO=SBBB
EFER=0000000000000000
check_exception old: 0xffffffff new 0x6
   240: v=06 e=0000 i=0 cpl=0 IP=0010:0000001b pc=0000001b SP=0018:00105088 env->regs[R_EAX]=5c6f1107
EAX=5c6f1107 EBX=00010000 ECX=000003cd EDX=000000d9
ESI=e987f000 EDI=00000000 EBP=00106ff8 ESP=00105088
EIP=0000001b EFL=00000093 [--S-A-C] CPL=0 II=0 A20=1 SMM=0 HLT=0
ES =0018 00000000 ffffffff 00cf9300 DPL=0 DS   [-WA]
CS =0010 00000000 ffffffff 00cf9a00 DPL=0 CS32 [-R-]
SS =0018 00000000 ffffffff 00cf9300 DPL=0 DS   [-WA]
DS =0018 00000000 ffffffff 00cf9300 DPL=0 DS   [-WA]
FS =0018 00000000 ffffffff 00cf9300 DPL=0 DS   [-WA]
GS =0018 00000000 ffffffff 00cf9300 DPL=0 DS   [-WA]
LDT=0000 00000000 0000ffff 00008200 DPL=0 LDT
TR =0000 00000000 0000ffff 00008b00 DPL=0 TSS32-busy
GDT=     000010b0 00000020
IDT=     00107020 000007ff
CR0=00000011 CR2=00000000 CR3=00000000 CR4=00000000
DR0=00000000 DR1=00000000 DR2=00000000 DR3=00000000 
DR6=ffff0ff0 DR7=00000400
CCS=000000ff CCD=ffffffd9 CCO=SBBB
EFER=0000000000000000
check_exception old: 0xffffffff new 0x6
   241: v=06 e=0000 i=0 cpl=0 IP=0010:0000001b pc=0000001b SP=0018:00105064 env->regs[R_EAX]=3f330107
EAX=3f330107 EBX=00010000 ECX=000003cd EDX=000000da
ESI=e987f000 EDI=00000000 EBP=00106ff8 ESP=00105064
EIP=0000001b EFL=00000093 [--S-A-C] CPL=0 II=0 A20=1 SMM=0 HLT=0
ES =0018 00000000 ffffffff 00cf9300 DPL=0 DS   [-WA]
CS =0010 00000000 ffffffff 00cf9a00 DPL=0 CS32 [-R-]
SS =0018 00000000 ffffffff 00cf9300 DPL=0 DS   [-WA]
DS =0018 00000000 ffffffff 00cf9300 DPL=0 DS   [-WA]
FS =0018 00000000 ffffffff 00cf9300 DPL=0 DS   [-WA]
GS =0018 00000000 ffffffff 00cf9300 DPL=0 DS   [-WA]
LDT=0000 00000000 0000ffff 00008200 DPL=0 LDT
TR =0000 00000000 0000ffff 00008b00 DPL=0 TSS32-busy
GDT=     000010b0 00000020
IDT=     00107020 000007ff
CR0=00000011 CR2=00000000 CR3=00000000 CR4=00000000
DR0=00000000 DR1=00000000 DR2=00000000 DR3=00000000 
DR6=ffff0ff0 DR7=00000400
CCS=000000ff CCD=ffffffda CCO=SBBB
EFER=0000000000000000
check_exception old: 0xffffffff new 0x6
   242: v=06 e=0000 i=0 cpl=0 IP=0010:0000001b pc=0000001b SP=0018:00105040 env->regs[R_EAX]=21f6f107
EAX=21f6f107 EBX=00010000 ECX=000003cd EDX=000000db
ESI=e987f000 EDI=00000000 EBP=00106ff8 ESP=00105040
EIP=0000001b EFL=00000097 [--S-APC] CPL=0 II=0 A20=1 SMM=0 HLT=0
ES =0018 00000000 ffffffff 00cf9300 DPL=0 DS   [-WA]
CS =0010 00000000 ffffffff 00cf9a00 DPL=0 CS32 [-R-]
SS =0018 00000000 ffffffff 00cf9300 DPL=0 DS   [-WA]
DS =0018 00000000 ffffffff 00cf9300 DPL=0 DS   [-WA]
FS =0018 00000000 ffffffff 00cf9300 DPL=0 DS   [-WA]
GS =0018 00000000 ffffffff 00cf9300 DPL=0 DS   [-WA]
LDT=0000 00000000 0000ffff 00008200 DPL=0 LDT
TR =0000 00000000 0000ffff 00008b00 DPL=0 TSS32-busy
GDT=     000010b0 00000020
IDT=     00107020 000007ff
CR0=00000011 CR2=00000000 CR3=00000000 CR4=00000000
DR0=00000000 DR1=00000000 DR2=00000000 DR3=00000000 
DR6=ffff0ff0 DR7=00000400
CCS=000000ff CCD=ffffffdb CCO=SBBB
EFER=0000000000000000
check_exception old: 0xffffffff new 0x6
   243: v=06 e=0000 i=0 cpl=0 IP=0010:0000001b pc=0000001b SP=0018:0010501c env->regs[R_EAX]=04bae107
EAX=04bae107 EBX=00010000 ECX=000003cd EDX=000000dc
ESI=e987f000 EDI=00000000 EBP=00106ff8 ESP=0010501c
EIP=0000001b EFL=00000093 [--S-A-C] CPL=0 II=0 A20=1 SMM=0 HLT=0
ES =0018 00000000 ffffffff 00cf9300 DPL=0 DS   [-WA]
CS =0010 00000000 ffffffff 00cf9a00 DPL=0 CS32 [-R-]
SS =0018 00000000 ffffffff 00cf9300 DPL=0 DS   [-WA]
DS =0018 00000000 ffffffff 00cf9300 DPL=0 DS   [-WA]
FS =0018 00000000 ffffffff 00cf9300 DPL=0 DS   [-WA]
GS =0018 00000000 ffffffff 00cf9300 DPL=0 DS   [-WA]
LDT=0000 00000000 0000ffff 00008200 DPL=0 LDT
TR =0000 00000000 0000ffff 00008b00 DPL=0 TSS32-busy
GDT=     000010b0 00000020
IDT=     00107020 000007ff
CR0=00000011 CR2=00000000 CR3=00000000 CR4=00000000
DR0=00000000 DR1=00000000 DR2=00000000 DR3=00000000 
DR6=ffff0ff0 DR7=00000400
CCS=000000ff CCD=ffffffdc CCO=SBBB
EFER=0000000000000000
check_exception old: 0xffffffff new 0x6
   244: v=06 e=0000 i=0 cpl=0 IP=0010:0000001b pc=0000001b SP=0018:00104ff8 env->regs[R_EAX]=e77ed107
EAX=e77ed107 EBX=00010000 ECX=000003cd EDX=000000dd
ESI=e987f000 EDI=00000000 EBP=00106ff8 ESP=00104ff8
EIP=0000001b EFL=00000097 [--S-APC] CPL=0 II=0 A20=1 SMM=0 HLT=0
ES =0018 00000000 ffffffff 00cf9300 DPL=0 DS   [-WA]
CS =0010 00000000 ffffffff 00cf9a00 DPL=0 CS32 [-R-]
SS =0018 00000000 ffffffff 00cf9300 DPL=0 DS   [-WA]
DS =0018 00000000 ffffffff 00cf9300 DPL=0 DS   [-WA]
FS =0018 00000000 ffffffff 00cf9300 DPL=0 DS   [-WA]
GS =0018 00000000 ffffffff 00cf9300 DPL=0 DS   [-WA]
LDT=0000 00000000 0000ffff 00008200 DPL=0 LDT
TR =0000 00000000 0000ffff 00008b00 DPL=0 TSS32-busy
GDT=     000010b0 00000020
IDT=     00107020 000007ff
CR0=00000011 CR2=00000000 CR3=00000000 CR4=00000000
DR0=00000000 DR1=00000000 DR2=00000000 DR3=00000000 
DR6=ffff0ff0 DR7=00000400
CCS=000000ff CCD=ffffffdd CCO=SBBB
EFER=0000000000000000
check_exception old: 0xffffffff new 0x6
   245: v=06 e=0000 i=0 cpl=0 IP=0010:0000001b pc=0000001b SP=0018:00104fd4 env->regs[R_EAX]=ca42c107
EAX=ca42c107 EBX=00010000 ECX=000003cd EDX=000000de
ESI=e987f000 EDI=00000000 EBP=00106ff8 ESP=00104fd4
EIP=0000001b EFL=00000097 [--S-APC] CPL=0 II=0 A20=1 SMM=0 HLT=0
ES =0018 00000000 ffffffff 00cf9300 DPL=0 DS   [-WA]
CS =0010 00000000 ffffffff 00cf9a00 DPL=0 CS32 [-R-]
SS =0018 00000000 ffffffff 00cf9300 DPL=0 DS   [-WA]
DS =0018 00000000 ffffffff 00cf9300 DPL=0 DS   [-WA]
FS =0018 00000000 ffffffff 00cf9300 DPL=0 DS   [-WA]
GS =0018 00000000 ffffffff 00cf9300 DPL=0 DS   [-WA]
LDT=0000 00000000 0000ffff 00008200 DPL=0 LDT
TR =0000 00000000 0000ffff 00008b00 DPL=0 TSS32-busy
GDT=     000010b0 00000020
IDT=     00107020 000007ff
CR0=00000011 CR2=00000000 CR3=00000000 CR4=00000000
DR0=00000000 DR1=00000000 DR2=00000000 DR3=00000000 
DR6=ffff0ff0 DR7=00000400
CCS=000000ff CCD=ffffffde CCO=SBBB
EFER=0000000000000000
check_exception old: 0xffffffff new 0x6
   246: v=06 e=0000 i=0 cpl=0 IP=0010:0000001b pc=0000001b SP=0018:00104fb0 env->regs[R_EAX]=ad06b107
EAX=ad06b107 EBX=00010000 ECX=000003cd EDX=000000df
ESI=e987f000 EDI=00000000 EBP=00106ff8 ESP=00104fb0
EIP=0000001b EFL=00000093 [--S-A-C] CPL=0 II=0 A20=1 SMM=0 HLT=0
ES =0018 00000000 ffffffff 00cf9300 DPL=0 DS   [-WA]
CS =0010 00000000 ffffffff 00cf9a00 DPL=0 CS32 [-R-]
SS =0018 00000000 ffffffff 00cf9300 DPL=0 DS   [-WA]
DS =0018 00000000 ffffffff 00cf9300 DPL=0 DS   [-WA]
FS =0018 00000000 ffffffff 00cf9300 DPL=0 DS   [-WA]
GS =0018 00000000 ffffffff 00cf9300 DPL=0 DS   [-WA]
LDT=0000 00000000 0000ffff 00008200 DPL=0 LDT
TR =0000 00000000 0000ffff 00008b00 DPL=0 TSS32-busy
GDT=     000010b0 00000020
IDT=     00107020 000007ff
CR0=00000011 CR2=00000000 CR3=00000000 CR4=00000000
DR0=00000000 DR1=00000000 DR2=00000000 DR3=00000000 
DR6=ffff0ff0 DR7=00000400
CCS=000000ff CCD=ffffffdf CCO=SBBB
EFER=0000000000000000
check_exception old: 0xffffffff new 0x6
   247: v=06 e=0000 i=0 cpl=0 IP=0010:0000001b pc=0000001b SP=0018:00104f8c env->regs[R_EAX]=8fcaa107
EAX=8fcaa107 EBX=00010000 ECX=000003cd EDX=000000e0
ESI=e987f000 EDI=00000000 EBP=00106ff8 ESP=00104f8c
EIP=0000001b EFL=00000083 [--S---C] CPL=0 II=0 A20=1 SMM=0 HLT=0
ES =0018 00000000 ffffffff 00cf9300 DPL=0 DS   [-WA]
CS =0010 00000000 ffffffff 00cf9a00 DPL=0 CS32 [-R-]
SS =0018 00000000 ffffffff 00cf9300 DPL=0 DS   [-WA]
DS =0018 00000000 ffffffff 00cf9300 DPL=0 DS   [-WA]
FS =0018 00000000 ffffffff 00cf9300 DPL=0 DS   [-WA]
GS =0018 00000000 ffffffff 00cf9300 DPL=0 DS   [-WA]
LDT=0000 00000000 0000ffff 00008200 DPL=0 LDT
TR =0000 00000000 0000ffff 00008b00 DPL=0 TSS32-busy
GDT=     000010b0 00000020
IDT=     00107020 000007ff
CR0=00000011 CR2=00000000 CR3=00000000 CR4=00000000
DR0=00000000 DR1=00000000 DR2=00000000 DR3=00000000 
DR6=ffff0ff0 DR7=00000400
CCS=000000ff CCD=ffffffe0 CCO=SBBB
EFER=0000000000000000
check_exception old: 0xffffffff new 0x6
   248: v=06 e=0000 i=0 cpl=0 IP=0010:0000001b pc=0000001b SP=0018:00104f68 env->regs[R_EAX]=728e9107
EAX=728e9107 EBX=00010000 ECX=000003cd EDX=000000e1
ESI=e987f000 EDI=00000000 EBP=00106ff8 ESP=00104f68
EIP=0000001b EFL=00000097 [--S-APC] CPL=0 II=0 A20=1 SMM=0 HLT=0
ES =0018 00000000 ffffffff 00cf9300 DPL=0 DS   [-WA]
CS =0010 00000000 ffffffff 00cf9a00 DPL=0 CS32 [-R-]
SS =0018 00000000 ffffffff 00cf9300 DPL=0 DS   [-WA]
DS =0018 00000000 ffffffff 00cf9300 DPL=0 DS   [-WA]
FS =0018 00000000 ffffffff 00cf9300 DPL=0 DS   [-WA]
GS =0018 00000000 ffffffff 00cf9300 DPL=0 DS   [-WA]
LDT=0000 00000000 0000ffff 00008200 DPL=0 LDT
TR =0000 00000000 0000ffff 00008b00 DPL=0 TSS32-busy
GDT=     000010b0 00000020
IDT=     00107020 000007ff
CR0=00000011 CR2=00000000 CR3=00000000 CR4=00000000
DR0=00000000 DR1=00000000 DR2=00000000 DR3=00000000 
DR6=ffff0ff0 DR7=00000400
CCS=000000ff CCD=ffffffe1 CCO=SBBB
EFER=0000000000000000
check_exception old: 0xffffffff new 0x6
   249: v=06 e=0000 i=0 cpl=0 IP=0010:0000001b pc=0000001b SP=0018:00104f44 env->regs[R_EAX]=55528107
EAX=55528107 EBX=00010000 ECX=000003cd EDX=000000e2
ESI=e987f000 EDI=00000000 EBP=00106ff8 ESP=00104f44
EIP=0000001b EFL=00000097 [--S-APC] CPL=0 II=0 A20=1 SMM=0 HLT=0
ES =0018 00000000 ffffffff 00cf9300 DPL=0 DS   [-WA]
CS =0010 00000000 ffffffff 00cf9a00 DPL=0 CS32 [-R-]
SS =0018 00000000 ffffffff 00cf9300 DPL=0 DS   [-WA]
DS =0018 00000000 ffffffff 00cf9300 DPL=0 DS   [-WA]
FS =0018 00000000 ffffffff 00cf9300 DPL=0 DS   [-WA]
GS =0018 00000000 ffffffff 00cf9300 DPL=0 DS   [-WA]
LDT=0000 00000000 0000ffff 00008200 DPL=0 LDT
TR =0000 00000000 0000ffff 00008b00 DPL=0 TSS32-busy
GDT=     000010b0 00000020
IDT=     00107020 000007ff
CR0=00000011 CR2=00000000 CR3=00000000 CR4=00000000
DR0=00000000 DR1=00000000 DR2=00000000 DR3=00000000 
DR6=ffff0ff0 DR7=00000400
CCS=000000ff CCD=ffffffe2 CCO=SBBB
EFER=0000000000000000
check_exception old: 0xffffffff new 0x6
   250: v=06 e=0000 i=0 cpl=0 IP=0010:0000001b pc=0000001b SP=0018:00104f20 env->regs[R_EAX]=38167107
EAX=38167107 EBX=00010000 ECX=000003cd EDX=000000e3
ESI=e987f000 EDI=00000000 EBP=00106ff8 ESP=00104f20
EIP=0000001b EFL=00000093 [--S-A-C] CPL=0 II=0 A20=1 SMM=0 HLT=0
ES =0018 00000000 ffffffff 00cf9300 DPL=0 DS   [-WA]
CS =0010 00000000 ffffffff 00cf9a00 DPL=0 CS32 [-R-]
SS =0018 00000000 ffffffff 00cf9300 DPL=0 DS   [-WA]
DS =0018 00000000 ffffffff 00cf9300 DPL=0 DS   [-WA]
FS =0018 00000000 ffffffff 00cf9300 DPL=0 DS   [-WA]
GS =0018 00000000 ffffffff 00cf9300 DPL=0 DS   [-WA]
LDT=0000 00000000 0000ffff 00008200 DPL=0 LDT
TR =0000 00000000 0000ffff 00008b00 DPL=0 TSS32-busy
GDT=     000010b0 00000020
IDT=     00107020 000007ff
CR0=00000011 CR2=00000000 CR3=00000000 CR4=00000000
DR0=00000000 DR1=00000000 DR2=00000000 DR3=00000000 
DR6=ffff0ff0 DR7=00000400
CCS=000000ff CCD=ffffffe3 CCO=SBBB
EFER=0000000000000000
check_exception old: 0xffffffff new 0x6
   251: v=06 e=0000 i=0 cpl=0 IP=0010:0000001b pc=0000001b SP=0018:00104efc env->regs[R_EAX]=1ada6107
EAX=1ada6107 EBX=00010000 ECX=000003cd EDX=000000e4
ESI=e987f000 EDI=00000000 EBP=00106ff8 ESP=00104efc
EIP=0000001b EFL=00000097 [--S-APC] CPL=0 II=0 A20=1 SMM=0 HLT=0
ES =0018 00000000 ffffffff 00cf9300 DPL=0 DS   [-WA]
CS =0010 00000000 ffffffff 00cf9a00 DPL=0 CS32 [-R-]
SS =0018 00000000 ffffffff 00cf9300 DPL=0 DS   [-WA]
DS =0018 00000000 ffffffff 00cf9300 DPL=0 DS   [-WA]
FS =0018 00000000 ffffffff 00cf9300 DPL=0 DS   [-WA]
GS =0018 00000000 ffffffff 00cf9300 DPL=0 DS   [-WA]
LDT=0000 00000000 0000ffff 00008200 DPL=0 LDT
TR =0000 00000000 0000ffff 00008b00 DPL=0 TSS32-busy
GDT=     000010b0 00000020
IDT=     00107020 000007ff
CR0=00000011 CR2=00000000 CR3=00000000 CR4=00000000
DR0=00000000 DR1=00000000 DR2=00000000 DR3=00000000 
DR6=ffff0ff0 DR7=00000400
CCS=000000ff CCD=ffffffe4 CCO=SBBB
EFER=0000000000000000
check_exception old: 0xffffffff new 0x6
   252: v=06 e=0000 i=0 cpl=0 IP=0010:0000001b pc=0000001b SP=0018:00104ed8 env->regs[R_EAX]=fd9e5107
EAX=fd9e5107 EBX=00010000 ECX=000003cd EDX=000000e5
ESI=e987f000 EDI=00000000 EBP=00106ff8 ESP=00104ed8
EIP=0000001b EFL=00000093 [--S-A-C] CPL=0 II=0 A20=1 SMM=0 HLT=0
ES =0018 00000000 ffffffff 00cf9300 DPL=0 DS   [-WA]
CS =0010 00000000 ffffffff 00cf9a00 DPL=0 CS32 [-R-]
SS =0018 00000000 ffffffff 00cf9300 DPL=0 DS   [-WA]
DS =0018 00000000 ffffffff 00cf9300 DPL=0 DS   [-WA]
FS =0018 00000000 ffffffff 00cf9300 DPL=0 DS   [-WA]
GS =0018 00000000 ffffffff 00cf9300 DPL=0 DS   [-WA]
LDT=0000 00000000 0000ffff 00008200 DPL=0 LDT
TR =0000 00000000 0000ffff 00008b00 DPL=0 TSS32-busy
GDT=     000010b0 00000020
IDT=     00107020 000007ff
CR0=00000011 CR2=00000000 CR3=00000000 CR4=00000000
DR0=00000000 DR1=00000000 DR2=00000000 DR3=00000000 
DR6=ffff0ff0 DR7=00000400
CCS=000000ff CCD=ffffffe5 CCO=SBBB
EFER=0000000000000000
check_exception old: 0xffffffff new 0x6
   253: v=06 e=0000 i=0 cpl=0 IP=0010:0000001b pc=0000001b SP=0018:00104eb4 env->regs[R_EAX]=e0624107
EAX=e0624107 EBX=00010000 ECX=000003cd EDX=000000e6
ESI=e987f000 EDI=00000000 EBP=00106ff8 ESP=00104eb4
EIP=0000001b EFL=00000093 [--S-A-C] CPL=0 II=0 A20=1 SMM=0 HLT=0
ES =0018 00000000 ffffffff 00cf9300 DPL=0 DS   [-WA]
CS =0010 00000000 ffffffff 00cf9a00 DPL=0 CS32 [-R-]
SS =0018 00000000 ffffffff 00cf9300 DPL=0 DS   [-WA]
DS =0018 00000000 ffffffff 00cf9300 DPL=0 DS   [-WA]
FS =0018 00000000 ffffffff 00cf9300 DPL=0 DS   [-WA]
GS =0018 00000000 ffffffff 00cf9300 DPL=0 DS   [-WA]
LDT=0000 00000000 0000ffff 00008200 DPL=0 LDT
TR =0000 00000000 0000ffff 00008b00 DPL=0 TSS32-busy
GDT=     000010b0 00000020
IDT=     00107020 000007ff
CR0=00000011 CR2=00000000 CR3=00000000 CR4=00000000
DR0=00000000 DR1=00000000 DR2=00000000 DR3=00000000 
DR6=ffff0ff0 DR7=00000400
CCS=000000ff CCD=ffffffe6 CCO=SBBB
EFER=0000000000000000
check_exception old: 0xffffffff new 0x6
   254: v=06 e=0000 i=0 cpl=0 IP=0010:0000001b pc=0000001b SP=0018:00104e90 env->regs[R_EAX]=c3263107
EAX=c3263107 EBX=00010000 ECX=000003cd EDX=000000e7
ESI=e987f000 EDI=00000000 EBP=00106ff8 ESP=00104e90
EIP=0000001b EFL=00000097 [--S-APC] CPL=0 II=0 A20=1 SMM=0 HLT=0
ES =0018 00000000 ffffffff 00cf9300 DPL=0 DS   [-WA]
CS =0010 00000000 ffffffff 00cf9a00 DPL=0 CS32 [-R-]
SS =0018 00000000 ffffffff 00cf9300 DPL=0 DS   [-WA]
DS =0018 00000000 ffffffff 00cf9300 DPL=0 DS   [-WA]
FS =0018 00000000 ffffffff 00cf9300 DPL=0 DS   [-WA]
GS =0018 00000000 ffffffff 00cf9300 DPL=0 DS   [-WA]
LDT=0000 00000000 0000ffff 00008200 DPL=0 LDT
TR =0000 00000000 0000ffff 00008b00 DPL=0 TSS32-busy
GDT=     000010b0 00000020
IDT=     00107020 000007ff
CR0=00000011 CR2=00000000 CR3=00000000 CR4=00000000
DR0=00000000 DR1=00000000 DR2=00000000 DR3=00000000 
DR6=ffff0ff0 DR7=00000400
CCS=000000ff CCD=ffffffe7 CCO=SBBB
EFER=0000000000000000
check_exception old: 0xffffffff new 0x6
   255: v=06 e=0000 i=0 cpl=0 IP=0010:0000001b pc=0000001b SP=0018:00104e6c env->regs[R_EAX]=a5ea2107
EAX=a5ea2107 EBX=00010000 ECX=000003cd EDX=000000e8
ESI=e987f000 EDI=00000000 EBP=00106ff8 ESP=00104e6c
EIP=0000001b EFL=00000097 [--S-APC] CPL=0 II=0 A20=1 SMM=0 HLT=0
ES =0018 00000000 ffffffff 00cf9300 DPL=0 DS   [-WA]
CS =0010 00000000 ffffffff 00cf9a00 DPL=0 CS32 [-R-]
SS =0018 00000000 ffffffff 00cf9300 DPL=0 DS   [-WA]
DS =0018 00000000 ffffffff 00cf9300 DPL=0 DS   [-WA]
FS =0018 00000000 ffffffff 00cf9300 DPL=0 DS   [-WA]
GS =0018 00000000 ffffffff 00cf9300 DPL=0 DS   [-WA]
LDT=0000 00000000 0000ffff 00008200 DPL=0 LDT
TR =0000 00000000 0000ffff 00008b00 DPL=0 TSS32-busy
GDT=     000010b0 00000020
IDT=     00107020 000007ff
CR0=00000011 CR2=00000000 CR3=00000000 CR4=00000000
DR0=00000000 DR1=00000000 DR2=00000000 DR3=00000000 
DR6=ffff0ff0 DR7=00000400
CCS=000000ff CCD=ffffffe8 CCO=SBBB
EFER=0000000000000000
check_exception old: 0xffffffff new 0x6
   256: v=06 e=0000 i=0 cpl=0 IP=0010:0000001b pc=0000001b SP=0018:00104e48 env->regs[R_EAX]=88ae1107
EAX=88ae1107 EBX=00010000 ECX=000003cd EDX=000000e9
ESI=e987f000 EDI=00000000 EBP=00106ff8 ESP=00104e48
EIP=0000001b EFL=00000093 [--S-A-C] CPL=0 II=0 A20=1 SMM=0 HLT=0
ES =0018 00000000 ffffffff 00cf9300 DPL=0 DS   [-WA]
CS =0010 00000000 ffffffff 00cf9a00 DPL=0 CS32 [-R-]
SS =0018 00000000 ffffffff 00cf9300 DPL=0 DS   [-WA]
DS =0018 00000000 ffffffff 00cf9300 DPL=0 DS   [-WA]
FS =0018 00000000 ffffffff 00cf9300 DPL=0 DS   [-WA]
GS =0018 00000000 ffffffff 00cf9300 DPL=0 DS   [-WA]
LDT=0000 00000000 0000ffff 00008200 DPL=0 LDT
TR =0000 00000000 0000ffff 00008b00 DPL=0 TSS32-busy
GDT=     000010b0 00000020
IDT=     00107020 000007ff
CR0=00000011 CR2=00000000 CR3=00000000 CR4=00000000
DR0=00000000 DR1=00000000 DR2=00000000 DR3=00000000 
DR6=ffff0ff0 DR7=00000400
CCS=000000ff CCD=ffffffe9 CCO=SBBB
EFER=0000000000000000
check_exception old: 0xffffffff new 0x6
   257: v=06 e=0000 i=0 cpl=0 IP=0010:0000001b pc=0000001b SP=0018:00104e24 env->regs[R_EAX]=6b720107
EAX=6b720107 EBX=00010000 ECX=000003cd EDX=000000ea
ESI=e987f000 EDI=00000000 EBP=00106ff8 ESP=00104e24
EIP=0000001b EFL=00000093 [--S-A-C] CPL=0 II=0 A20=1 SMM=0 HLT=0
ES =0018 00000000 ffffffff 00cf9300 DPL=0 DS   [-WA]
CS =0010 00000000 ffffffff 00cf9a00 DPL=0 CS32 [-R-]
SS =0018 00000000 ffffffff 00cf9300 DPL=0 DS   [-WA]
DS =0018 00000000 ffffffff 00cf9300 DPL=0 DS   [-WA]
FS =0018 00000000 ffffffff 00cf9300 DPL=0 DS   [-WA]
GS =0018 00000000 ffffffff 00cf9300 DPL=0 DS   [-WA]
LDT=0000 00000000 0000ffff 00008200 DPL=0 LDT
TR =0000 00000000 0000ffff 00008b00 DPL=0 TSS32-busy
GDT=     000010b0 00000020
IDT=     00107020 000007ff
CR0=00000011 CR2=00000000 CR3=00000000 CR4=00000000
DR0=00000000 DR1=00000000 DR2=00000000 DR3=00000000 
DR6=ffff0ff0 DR7=00000400
CCS=000000ff CCD=ffffffea CCO=SBBB
EFER=0000000000000000
check_exception old: 0xffffffff new 0x6
   258: v=06 e=0000 i=0 cpl=0 IP=0010:0000001b pc=0000001b SP=0018:00104e00 env->regs[R_EAX]=4e35f107
EAX=4e35f107 EBX=00010000 ECX=000003cd EDX=000000eb
ESI=e987f000 EDI=00000000 EBP=00106ff8 ESP=00104e00
EIP=0000001b EFL=00000097 [--S-APC] CPL=0 II=0 A20=1 SMM=0 HLT=0
ES =0018 00000000 ffffffff 00cf9300 DPL=0 DS   [-WA]
CS =0010 00000000 ffffffff 00cf9a00 DPL=0 CS32 [-R-]
SS =0018 00000000 ffffffff 00cf9300 DPL=0 DS   [-WA]
DS =0018 00000000 ffffffff 00cf9300 DPL=0 DS   [-WA]
FS =0018 00000000 ffffffff 00cf9300 DPL=0 DS   [-WA]
GS =0018 00000000 ffffffff 00cf9300 DPL=0 DS   [-WA]
LDT=0000 00000000 0000ffff 00008200 DPL=0 LDT
TR =0000 00000000 0000ffff 00008b00 DPL=0 TSS32-busy
GDT=     000010b0 00000020
IDT=     00107020 000007ff
CR0=00000011 CR2=00000000 CR3=00000000 CR4=00000000
DR0=00000000 DR1=00000000 DR2=00000000 DR3=00000000 
DR6=ffff0ff0 DR7=00000400
CCS=000000ff CCD=ffffffeb CCO=SBBB
EFER=0000000000000000
check_exception old: 0xffffffff new 0x6
   259: v=06 e=0000 i=0 cpl=0 IP=0010:0000001b pc=0000001b SP=0018:00104ddc env->regs[R_EAX]=30f9e107
EAX=30f9e107 EBX=00010000 ECX=000003cd EDX=000000ec
ESI=e987f000 EDI=00000000 EBP=00106ff8 ESP=00104ddc
EIP=0000001b EFL=00000093 [--S-A-C] CPL=0 II=0 A20=1 SMM=0 HLT=0
ES =0018 00000000 ffffffff 00cf9300 DPL=0 DS   [-WA]
CS =0010 00000000 ffffffff 00cf9a00 DPL=0 CS32 [-R-]
SS =0018 00000000 ffffffff 00cf9300 DPL=0 DS   [-WA]
DS =0018 00000000 ffffffff 00cf9300 DPL=0 DS   [-WA]
FS =0018 00000000 ffffffff 00cf9300 DPL=0 DS   [-WA]
GS =0018 00000000 ffffffff 00cf9300 DPL=0 DS   [-WA]
LDT=0000 00000000 0000ffff 00008200 DPL=0 LDT
TR =0000 00000000 0000ffff 00008b00 DPL=0 TSS32-busy
GDT=     000010b0 00000020
IDT=     00107020 000007ff
CR0=00000011 CR2=00000000 CR3=00000000 CR4=00000000
DR0=00000000 DR1=00000000 DR2=00000000 DR3=00000000 
DR6=ffff0ff0 DR7=00000400
CCS=000000ff CCD=ffffffec CCO=SBBB
EFER=0000000000000000
check_exception old: 0xffffffff new 0x6
   260: v=06 e=0000 i=0 cpl=0 IP=0010:0000001b pc=0000001b SP=0018:00104db8 env->regs[R_EAX]=13bdd107
EAX=13bdd107 EBX=00010000 ECX=000003cd EDX=000000ed
ESI=e987f000 EDI=00000000 EBP=00106ff8 ESP=00104db8
EIP=0000001b EFL=00000097 [--S-APC] CPL=0 II=0 A20=1 SMM=0 HLT=0
ES =0018 00000000 ffffffff 00cf9300 DPL=0 DS   [-WA]
CS =0010 00000000 ffffffff 00cf9a00 DPL=0 CS32 [-R-]
SS =0018 00000000 ffffffff 00cf9300 DPL=0 DS   [-WA]
DS =0018 00000000 ffffffff 00cf9300 DPL=0 DS   [-WA]
FS =0018 00000000 ffffffff 00cf9300 DPL=0 DS   [-WA]
GS =0018 00000000 ffffffff 00cf9300 DPL=0 DS   [-WA]
LDT=0000 00000000 0000ffff 00008200 DPL=0 LDT
TR =0000 00000000 0000ffff 00008b00 DPL=0 TSS32-busy
GDT=     000010b0 00000020
IDT=     00107020 000007ff
CR0=00000011 CR2=00000000 CR3=00000000 CR4=00000000
DR0=00000000 DR1=00000000 DR2=00000000 DR3=00000000 
DR6=ffff0ff0 DR7=00000400
CCS=000000ff CCD=ffffffed CCO=SBBB
EFER=0000000000000000
check_exception old: 0xffffffff new 0x6
   261: v=06 e=0000 i=0 cpl=0 IP=0010:0000001b pc=0000001b SP=0018:00104d94 env->regs[R_EAX]=f681c107
EAX=f681c107 EBX=00010000 ECX=000003cd EDX=000000ee
ESI=e987f000 EDI=00000000 EBP=00106ff8 ESP=00104d94
EIP=0000001b EFL=00000097 [--S-APC] CPL=0 II=0 A20=1 SMM=0 HLT=0
ES =0018 00000000 ffffffff 00cf9300 DPL=0 DS   [-WA]
CS =0010 00000000 ffffffff 00cf9a00 DPL=0 CS32 [-R-]
SS =0018 00000000 ffffffff 00cf9300 DPL=0 DS   [-WA]
DS =0018 00000000 ffffffff 00cf9300 DPL=0 DS   [-WA]
FS =0018 00000000 ffffffff 00cf9300 DPL=0 DS   [-WA]
GS =0018 00000000 ffffffff 00cf9300 DPL=0 DS   [-WA]
LDT=0000 00000000 0000ffff 00008200 DPL=0 LDT
TR =0000 00000000 0000ffff 00008b00 DPL=0 TSS32-busy
GDT=     000010b0 00000020
IDT=     00107020 000007ff
CR0=00000011 CR2=00000000 CR3=00000000 CR4=00000000
DR0=00000000 DR1=00000000 DR2=00000000 DR3=00000000 
DR6=ffff0ff0 DR7=00000400
CCS=000000ff CCD=ffffffee CCO=SBBB
EFER=0000000000000000
check_exception old: 0xffffffff new 0x6
   262: v=06 e=0000 i=0 cpl=0 IP=0010:0000001b pc=0000001b SP=0018:00104d70 env->regs[R_EAX]=d945b107
EAX=d945b107 EBX=00010000 ECX=000003cd EDX=000000ef
ESI=e987f000 EDI=00000000 EBP=00106ff8 ESP=00104d70
EIP=0000001b EFL=00000093 [--S-A-C] CPL=0 II=0 A20=1 SMM=0 HLT=0
ES =0018 00000000 ffffffff 00cf9300 DPL=0 DS   [-WA]
CS =0010 00000000 ffffffff 00cf9a00 DPL=0 CS32 [-R-]
SS =0018 00000000 ffffffff 00cf9300 DPL=0 DS   [-WA]
DS =0018 00000000 ffffffff 00cf9300 DPL=0 DS   [-WA]
FS =0018 00000000 ffffffff 00cf9300 DPL=0 DS   [-WA]
GS =0018 00000000 ffffffff 00cf9300 DPL=0 DS   [-WA]
LDT=0000 00000000 0000ffff 00008200 DPL=0 LDT
TR =0000 00000000 0000ffff 00008b00 DPL=0 TSS32-busy
GDT=     000010b0 00000020
IDT=     00107020 000007ff
CR0=00000011 CR2=00000000 CR3=00000000 CR4=00000000
DR0=00000000 DR1=00000000 DR2=00000000 DR3=00000000 
DR6=ffff0ff0 DR7=00000400
CCS=000000ff CCD=ffffffef CCO=SBBB
EFER=0000000000000000
check_exception old: 0xffffffff new 0x6
   263: v=06 e=0000 i=0 cpl=0 IP=0010:0000001b pc=0000001b SP=0018:00104d4c env->regs[R_EAX]=bc09a107
EAX=bc09a107 EBX=00010000 ECX=000003cd EDX=000000f0
ESI=e987f000 EDI=00000000 EBP=00106ff8 ESP=00104d4c
EIP=0000001b EFL=00000087 [--S--PC] CPL=0 II=0 A20=1 SMM=0 HLT=0
ES =0018 00000000 ffffffff 00cf9300 DPL=0 DS   [-WA]
CS =0010 00000000 ffffffff 00cf9a00 DPL=0 CS32 [-R-]
SS =0018 00000000 ffffffff 00cf9300 DPL=0 DS   [-WA]
DS =0018 00000000 ffffffff 00cf9300 DPL=0 DS   [-WA]
FS =0018 00000000 ffffffff 00cf9300 DPL=0 DS   [-WA]
GS =0018 00000000 ffffffff 00cf9300 DPL=0 DS   [-WA]
LDT=0000 00000000 0000ffff 00008200 DPL=0 LDT
TR =0000 00000000 0000ffff 00008b00 DPL=0 TSS32-busy
GDT=     000010b0 00000020
IDT=     00107020 000007ff
CR0=00000011 CR2=00000000 CR3=00000000 CR4=00000000
DR0=00000000 DR1=00000000 DR2=00000000 DR3=00000000 
DR6=ffff0ff0 DR7=00000400
CCS=000000ff CCD=fffffff0 CCO=SBBB
EFER=0000000000000000
check_exception old: 0xffffffff new 0x6
   264: v=06 e=0000 i=0 cpl=0 IP=0010:0000001b pc=0000001b SP=0018:00104d28 env->regs[R_EAX]=9ecd9107
EAX=9ecd9107 EBX=00010000 ECX=000003cd EDX=000000f1
ESI=e987f000 EDI=00000000 EBP=00106ff8 ESP=00104d28
EIP=0000001b EFL=00000093 [--S-A-C] CPL=0 II=0 A20=1 SMM=0 HLT=0
ES =0018 00000000 ffffffff 00cf9300 DPL=0 DS   [-WA]
CS =0010 00000000 ffffffff 00cf9a00 DPL=0 CS32 [-R-]
SS =0018 00000000 ffffffff 00cf9300 DPL=0 DS   [-WA]
DS =0018 00000000 ffffffff 00cf9300 DPL=0 DS   [-WA]
FS =0018 00000000 ffffffff 00cf9300 DPL=0 DS   [-WA]
GS =0018 00000000 ffffffff 00cf9300 DPL=0 DS   [-WA]
LDT=0000 00000000 0000ffff 00008200 DPL=0 LDT
TR =0000 00000000 0000ffff 00008b00 DPL=0 TSS32-busy
GDT=     000010b0 00000020
IDT=     00107020 000007ff
CR0=00000011 CR2=00000000 CR3=00000000 CR4=00000000
DR0=00000000 DR1=00000000 DR2=00000000 DR3=00000000 
DR6=ffff0ff0 DR7=00000400
CCS=000000ff CCD=fffffff1 CCO=SBBB
EFER=0000000000000000
check_exception old: 0xffffffff new 0x6
   265: v=06 e=0000 i=0 cpl=0 IP=0010:0000001b pc=0000001b SP=0018:00104d04 env->regs[R_EAX]=81918107
EAX=81918107 EBX=00010000 ECX=000003cd EDX=000000f2
ESI=e987f000 EDI=00000000 EBP=00106ff8 ESP=00104d04
EIP=0000001b EFL=00000093 [--S-A-C] CPL=0 II=0 A20=1 SMM=0 HLT=0
ES =0018 00000000 ffffffff 00cf9300 DPL=0 DS   [-WA]
CS =0010 00000000 ffffffff 00cf9a00 DPL=0 CS32 [-R-]
SS =0018 00000000 ffffffff 00cf9300 DPL=0 DS   [-WA]
DS =0018 00000000 ffffffff 00cf9300 DPL=0 DS   [-WA]
FS =0018 00000000 ffffffff 00cf9300 DPL=0 DS   [-WA]
GS =0018 00000000 ffffffff 00cf9300 DPL=0 DS   [-WA]
LDT=0000 00000000 0000ffff 00008200 DPL=0 LDT
TR =0000 00000000 0000ffff 00008b00 DPL=0 TSS32-busy
GDT=     000010b0 00000020
IDT=     00107020 000007ff
CR0=00000011 CR2=00000000 CR3=00000000 CR4=00000000
DR0=00000000 DR1=00000000 DR2=00000000 DR3=00000000 
DR6=ffff0ff0 DR7=00000400
CCS=000000ff CCD=fffffff2 CCO=SBBB
EFER=0000000000000000
check_exception old: 0xffffffff new 0x6
   266: v=06 e=0000 i=0 cpl=0 IP=0010:0000001b pc=0000001b SP=0018:00104ce0 env->regs[R_EAX]=64557107
EAX=64557107 EBX=00010000 ECX=000003cd EDX=000000f3
ESI=e987f000 EDI=00000000 EBP=00106ff8 ESP=00104ce0
EIP=0000001b EFL=00000097 [--S-APC] CPL=0 II=0 A20=1 SMM=0 HLT=0
ES =0018 00000000 ffffffff 00cf9300 DPL=0 DS   [-WA]
CS =0010 00000000 ffffffff 00cf9a00 DPL=0 CS32 [-R-]
SS =0018 00000000 ffffffff 00cf9300 DPL=0 DS   [-WA]
DS =0018 00000000 ffffffff 00cf9300 DPL=0 DS   [-WA]
FS =0018 00000000 ffffffff 00cf9300 DPL=0 DS   [-WA]
GS =0018 00000000 ffffffff 00cf9300 DPL=0 DS   [-WA]
LDT=0000 00000000 0000ffff 00008200 DPL=0 LDT
TR =0000 00000000 0000ffff 00008b00 DPL=0 TSS32-busy
GDT=     000010b0 00000020
IDT=     00107020 000007ff
CR0=00000011 CR2=00000000 CR3=00000000 CR4=00000000
DR0=00000000 DR1=00000000 DR2=00000000 DR3=00000000 
DR6=ffff0ff0 DR7=00000400
CCS=000000ff CCD=fffffff3 CCO=SBBB
EFER=0000000000000000
check_exception old: 0xffffffff new 0x6
   267: v=06 e=0000 i=0 cpl=0 IP=0010:0000001b pc=0000001b SP=0018:00104cbc env->regs[R_EAX]=47196107
EAX=47196107 EBX=00010000 ECX=000003cd EDX=000000f4
ESI=e987f000 EDI=00000000 EBP=00106ff8 ESP=00104cbc
EIP=0000001b EFL=00000093 [--S-A-C] CPL=0 II=0 A20=1 SMM=0 HLT=0
ES =0018 00000000 ffffffff 00cf9300 DPL=0 DS   [-WA]
CS =0010 00000000 ffffffff 00cf9a00 DPL=0 CS32 [-R-]
SS =0018 00000000 ffffffff 00cf9300 DPL=0 DS   [-WA]
DS =0018 00000000 ffffffff 00cf9300 DPL=0 DS   [-WA]
FS =0018 00000000 ffffffff 00cf9300 DPL=0 DS   [-WA]
GS =0018 00000000 ffffffff 00cf9300 DPL=0 DS   [-WA]
LDT=0000 00000000 0000ffff 00008200 DPL=0 LDT
TR =0000 00000000 0000ffff 00008b00 DPL=0 TSS32-busy
GDT=     000010b0 00000020
IDT=     00107020 000007ff
CR0=00000011 CR2=00000000 CR3=00000000 CR4=00000000
DR0=00000000 DR1=00000000 DR2=00000000 DR3=00000000 
DR6=ffff0ff0 DR7=00000400
CCS=000000ff CCD=fffffff4 CCO=SBBB
EFER=0000000000000000
check_exception old: 0xffffffff new 0x6
   268: v=06 e=0000 i=0 cpl=0 IP=0010:0000001b pc=0000001b SP=0018:00104c98 env->regs[R_EAX]=29dd5107
EAX=29dd5107 EBX=00010000 ECX=000003cd EDX=000000f5
ESI=e987f000 EDI=00000000 EBP=00106ff8 ESP=00104c98
EIP=0000001b EFL=00000097 [--S-APC] CPL=0 II=0 A20=1 SMM=0 HLT=0
ES =0018 00000000 ffffffff 00cf9300 DPL=0 DS   [-WA]
CS =0010 00000000 ffffffff 00cf9a00 DPL=0 CS32 [-R-]
SS =0018 00000000 ffffffff 00cf9300 DPL=0 DS   [-WA]
DS =0018 00000000 ffffffff 00cf9300 DPL=0 DS   [-WA]
FS =0018 00000000 ffffffff 00cf9300 DPL=0 DS   [-WA]
GS =0018 00000000 ffffffff 00cf9300 DPL=0 DS   [-WA]
LDT=0000 00000000 0000ffff 00008200 DPL=0 LDT
TR =0000 00000000 0000ffff 00008b00 DPL=0 TSS32-busy
GDT=     000010b0 00000020
IDT=     00107020 000007ff
CR0=00000011 CR2=00000000 CR3=00000000 CR4=00000000
DR0=00000000 DR1=00000000 DR2=00000000 DR3=00000000 
DR6=ffff0ff0 DR7=00000400
CCS=000000ff CCD=fffffff5 CCO=SBBB
EFER=0000000000000000
check_exception old: 0xffffffff new 0x6
   269: v=06 e=0000 i=0 cpl=0 IP=0010:0000001b pc=0000001b SP=0018:00104c74 env->regs[R_EAX]=0ca14107
EAX=0ca14107 EBX=00010000 ECX=000003cd EDX=000000f6
ESI=e987f000 EDI=00000000 EBP=00106ff8 ESP=00104c74
EIP=0000001b EFL=00000097 [--S-APC] CPL=0 II=0 A20=1 SMM=0 HLT=0
ES =0018 00000000 ffffffff 00cf9300 DPL=0 DS   [-WA]
CS =0010 00000000 ffffffff 00cf9a00 DPL=0 CS32 [-R-]
SS =0018 00000000 ffffffff 00cf9300 DPL=0 DS   [-WA]
DS =0018 00000000 ffffffff 00cf9300 DPL=0 DS   [-WA]
FS =0018 00000000 ffffffff 00cf9300 DPL=0 DS   [-WA]
GS =0018 00000000 ffffffff 00cf9300 DPL=0 DS   [-WA]
LDT=0000 00000000 0000ffff 00008200 DPL=0 LDT
TR =0000 00000000 0000ffff 00008b00 DPL=0 TSS32-busy
GDT=     000010b0 00000020
IDT=     00107020 000007ff
CR0=00000011 CR2=00000000 CR3=00000000 CR4=00000000
DR0=00000000 DR1=00000000 DR2=00000000 DR3=00000000 
DR6=ffff0ff0 DR7=00000400
CCS=000000ff CCD=fffffff6 CCO=SBBB
EFER=0000000000000000
check_exception old: 0xffffffff new 0x6
   270: v=06 e=0000 i=0 cpl=0 IP=0010:0000001b pc=0000001b SP=0018:00104c50 env->regs[R_EAX]=ef653107
EAX=ef653107 EBX=00010000 ECX=000003cd EDX=000000f7
ESI=e987f000 EDI=00000000 EBP=00106ff8 ESP=00104c50
EIP=0000001b EFL=00000093 [--S-A-C] CPL=0 II=0 A20=1 SMM=0 HLT=0
ES =0018 00000000 ffffffff 00cf9300 DPL=0 DS   [-WA]
CS =0010 00000000 ffffffff 00cf9a00 DPL=0 CS32 [-R-]
SS =0018 00000000 ffffffff 00cf9300 DPL=0 DS   [-WA]
DS =0018 00000000 ffffffff 00cf9300 DPL=0 DS   [-WA]
FS =0018 00000000 ffffffff 00cf9300 DPL=0 DS   [-WA]
GS =0018 00000000 ffffffff 00cf9300 DPL=0 DS   [-WA]
LDT=0000 00000000 0000ffff 00008200 DPL=0 LDT
TR =0000 00000000 0000ffff 00008b00 DPL=0 TSS32-busy
GDT=     000010b0 00000020
IDT=     00107020 000007ff
CR0=00000011 CR2=00000000 CR3=00000000 CR4=00000000
DR0=00000000 DR1=00000000 DR2=00000000 DR3=00000000 
DR6=ffff0ff0 DR7=00000400
CCS=000000ff CCD=fffffff7 CCO=SBBB
EFER=0000000000000000
check_exception old: 0xffffffff new 0x6
   271: v=06 e=0000 i=0 cpl=0 IP=0010:0000001b pc=0000001b SP=0018:00104c2c env->regs[R_EAX]=d2292107
EAX=d2292107 EBX=00010000 ECX=000003cd EDX=000000f8
ESI=e987f000 EDI=00000000 EBP=00106ff8 ESP=00104c2c
EIP=0000001b EFL=00000093 [--S-A-C] CPL=0 II=0 A20=1 SMM=0 HLT=0
ES =0018 00000000 ffffffff 00cf9300 DPL=0 DS   [-WA]
CS =0010 00000000 ffffffff 00cf9a00 DPL=0 CS32 [-R-]
SS =0018 00000000 ffffffff 00cf9300 DPL=0 DS   [-WA]
DS =0018 00000000 ffffffff 00cf9300 DPL=0 DS   [-WA]
FS =0018 00000000 ffffffff 00cf9300 DPL=0 DS   [-WA]
GS =0018 00000000 ffffffff 00cf9300 DPL=0 DS   [-WA]
LDT=0000 00000000 0000ffff 00008200 DPL=0 LDT
TR =0000 00000000 0000ffff 00008b00 DPL=0 TSS32-busy
GDT=     000010b0 00000020
IDT=     00107020 000007ff
CR0=00000011 CR2=00000000 CR3=00000000 CR4=00000000
DR0=00000000 DR1=00000000 DR2=00000000 DR3=00000000 
DR6=ffff0ff0 DR7=00000400
CCS=000000ff CCD=fffffff8 CCO=SBBB
EFER=0000000000000000
check_exception old: 0xffffffff new 0x6
   272: v=06 e=0000 i=0 cpl=0 IP=0010:0000001b pc=0000001b SP=0018:00104c08 env->regs[R_EAX]=b4ed1107
EAX=b4ed1107 EBX=00010000 ECX=000003cd EDX=000000f9
ESI=e987f000 EDI=00000000 EBP=00106ff8 ESP=00104c08
EIP=0000001b EFL=00000097 [--S-APC] CPL=0 II=0 A20=1 SMM=0 HLT=0
ES =0018 00000000 ffffffff 00cf9300 DPL=0 DS   [-WA]
CS =0010 00000000 ffffffff 00cf9a00 DPL=0 CS32 [-R-]
SS =0018 00000000 ffffffff 00cf9300 DPL=0 DS   [-WA]
DS =0018 00000000 ffffffff 00cf9300 DPL=0 DS   [-WA]
FS =0018 00000000 ffffffff 00cf9300 DPL=0 DS   [-WA]
GS =0018 00000000 ffffffff 00cf9300 DPL=0 DS   [-WA]
LDT=0000 00000000 0000ffff 00008200 DPL=0 LDT
TR =0000 00000000 0000ffff 00008b00 DPL=0 TSS32-busy
GDT=     000010b0 00000020
IDT=     00107020 000007ff
CR0=00000011 CR2=00000000 CR3=00000000 CR4=00000000
DR0=00000000 DR1=00000000 DR2=00000000 DR3=00000000 
DR6=ffff0ff0 DR7=00000400
CCS=000000ff CCD=fffffff9 CCO=SBBB
EFER=0000000000000000
check_exception old: 0xffffffff new 0x6
   273: v=06 e=0000 i=0 cpl=0 IP=0010:0000001b pc=0000001b SP=0018:00104be4 env->regs[R_EAX]=97b10107
EAX=97b10107 EBX=00010000 ECX=000003cd EDX=000000fa
ESI=e987f000 EDI=00000000 EBP=00106ff8 ESP=00104be4
EIP=0000001b EFL=00000097 [--S-APC] CPL=0 II=0 A20=1 SMM=0 HLT=0
ES =0018 00000000 ffffffff 00cf9300 DPL=0 DS   [-WA]
CS =0010 00000000 ffffffff 00cf9a00 DPL=0 CS32 [-R-]
SS =0018 00000000 ffffffff 00cf9300 DPL=0 DS   [-WA]
DS =0018 00000000 ffffffff 00cf9300 DPL=0 DS   [-WA]
FS =0018 00000000 ffffffff 00cf9300 DPL=0 DS   [-WA]
GS =0018 00000000 ffffffff 00cf9300 DPL=0 DS   [-WA]
LDT=0000 00000000 0000ffff 00008200 DPL=0 LDT
TR =0000 00000000 0000ffff 00008b00 DPL=0 TSS32-busy
GDT=     000010b0 00000020
IDT=     00107020 000007ff
CR0=00000011 CR2=00000000 CR3=00000000 CR4=00000000
DR0=00000000 DR1=00000000 DR2=00000000 DR3=00000000 
DR6=ffff0ff0 DR7=00000400
CCS=000000ff CCD=fffffffa CCO=SBBB
EFER=0000000000000000
check_exception old: 0xffffffff new 0x6
   274: v=06 e=0000 i=0 cpl=0 IP=0010:0000001b pc=0000001b SP=0018:00104bc0 env->regs[R_EAX]=7a74f107
EAX=7a74f107 EBX=00010000 ECX=000003cd EDX=000000fb
ESI=e987f000 EDI=00000000 EBP=00106ff8 ESP=00104bc0
EIP=0000001b EFL=00000093 [--S-A-C] CPL=0 II=0 A20=1 SMM=0 HLT=0
ES =0018 00000000 ffffffff 00cf9300 DPL=0 DS   [-WA]
CS =0010 00000000 ffffffff 00cf9a00 DPL=0 CS32 [-R-]
SS =0018 00000000 ffffffff 00cf9300 DPL=0 DS   [-WA]
DS =0018 00000000 ffffffff 00cf9300 DPL=0 DS   [-WA]
FS =0018 00000000 ffffffff 00cf9300 DPL=0 DS   [-WA]
GS =0018 00000000 ffffffff 00cf9300 DPL=0 DS   [-WA]
LDT=0000 00000000 0000ffff 00008200 DPL=0 LDT
TR =0000 00000000 0000ffff 00008b00 DPL=0 TSS32-busy
GDT=     000010b0 00000020
IDT=     00107020 000007ff
CR0=00000011 CR2=00000000 CR3=00000000 CR4=00000000
DR0=00000000 DR1=00000000 DR2=00000000 DR3=00000000 
DR6=ffff0ff0 DR7=00000400
CCS=000000ff CCD=fffffffb CCO=SBBB
EFER=0000000000000000
check_exception old: 0xffffffff new 0x6
   275: v=06 e=0000 i=0 cpl=0 IP=0010:0000001b pc=0000001b SP=0018:00104b9c env->regs[R_EAX]=5d38e107
EAX=5d38e107 EBX=00010000 ECX=000003cd EDX=000000fc
ESI=e987f000 EDI=00000000 EBP=00106ff8 ESP=00104b9c
EIP=0000001b EFL=00000097 [--S-APC] CPL=0 II=0 A20=1 SMM=0 HLT=0
ES =0018 00000000 ffffffff 00cf9300 DPL=0 DS   [-WA]
CS =0010 00000000 ffffffff 00cf9a00 DPL=0 CS32 [-R-]
SS =0018 00000000 ffffffff 00cf9300 DPL=0 DS   [-WA]
DS =0018 00000000 ffffffff 00cf9300 DPL=0 DS   [-WA]
FS =0018 00000000 ffffffff 00cf9300 DPL=0 DS   [-WA]
GS =0018 00000000 ffffffff 00cf9300 DPL=0 DS   [-WA]
LDT=0000 00000000 0000ffff 00008200 DPL=0 LDT
TR =0000 00000000 0000ffff 00008b00 DPL=0 TSS32-busy
GDT=     000010b0 00000020
IDT=     00107020 000007ff
CR0=00000011 CR2=00000000 CR3=00000000 CR4=00000000
DR0=00000000 DR1=00000000 DR2=00000000 DR3=00000000 
DR6=ffff0ff0 DR7=00000400
CCS=000000ff CCD=fffffffc CCO=SBBB
EFER=0000000000000000
check_exception old: 0xffffffff new 0x6
   276: v=06 e=0000 i=0 cpl=0 IP=0010:0000001b pc=0000001b SP=0018:00104b78 env->regs[R_EAX]=3ffcd107
EAX=3ffcd107 EBX=00010000 ECX=000003cd EDX=000000fd
ESI=e987f000 EDI=00000000 EBP=00106ff8 ESP=00104b78
EIP=0000001b EFL=00000093 [--S-A-C] CPL=0 II=0 A20=1 SMM=0 HLT=0
ES =0018 00000000 ffffffff 00cf9300 DPL=0 DS   [-WA]
CS =0010 00000000 ffffffff 00cf9a00 DPL=0 CS32 [-R-]
SS =0018 00000000 ffffffff 00cf9300 DPL=0 DS   [-WA]
DS =0018 00000000 ffffffff 00cf9300 DPL=0 DS   [-WA]
FS =0018 00000000 ffffffff 00cf9300 DPL=0 DS   [-WA]
GS =0018 00000000 ffffffff 00cf9300 DPL=0 DS   [-WA]
LDT=0000 00000000 0000ffff 00008200 DPL=0 LDT
TR =0000 00000000 0000ffff 00008b00 DPL=0 TSS32-busy
GDT=     000010b0 00000020
IDT=     00107020 000007ff
CR0=00000011 CR2=00000000 CR3=00000000 CR4=00000000
DR0=00000000 DR1=00000000 DR2=00000000 DR3=00000000 
DR6=ffff0ff0 DR7=00000400
CCS=000000ff CCD=fffffffd CCO=SBBB
EFER=0000000000000000
check_exception old: 0xffffffff new 0x6
   277: v=06 e=0000 i=0 cpl=0 IP=0010:0000001b pc=0000001b SP=0018:00104b54 env->regs[R_EAX]=22c0c107
EAX=22c0c107 EBX=00010000 ECX=000003cd EDX=000000fe
ESI=e987f000 EDI=00000000 EBP=00106ff8 ESP=00104b54
EIP=0000001b EFL=00000093 [--S-A-C] CPL=0 II=0 A20=1 SMM=0 HLT=0
ES =0018 00000000 ffffffff 00cf9300 DPL=0 DS   [-WA]
CS =0010 00000000 ffffffff 00cf9a00 DPL=0 CS32 [-R-]
SS =0018 00000000 ffffffff 00cf9300 DPL=0 DS   [-WA]
DS =0018 00000000 ffffffff 00cf9300 DPL=0 DS   [-WA]
FS =0018 00000000 ffffffff 00cf9300 DPL=0 DS   [-WA]
GS =0018 00000000 ffffffff 00cf9300 DPL=0 DS   [-WA]
LDT=0000 00000000 0000ffff 00008200 DPL=0 LDT
TR =0000 00000000 0000ffff 00008b00 DPL=0 TSS32-busy
GDT=     000010b0 00000020
IDT=     00107020 000007ff
CR0=00000011 CR2=00000000 CR3=00000000 CR4=00000000
DR0=00000000 DR1=00000000 DR2=00000000 DR3=00000000 
DR6=ffff0ff0 DR7=00000400
CCS=000000ff CCD=fffffffe CCO=SBBB
EFER=0000000000000000
check_exception old: 0xffffffff new 0x6
   278: v=06 e=0000 i=0 cpl=0 IP=0010:0000001b pc=0000001b SP=0018:00104b30 env->regs[R_EAX]=0584b107
EAX=0584b107 EBX=00010000 ECX=000003cd EDX=000000ff
ESI=e987f000 EDI=00000000 EBP=00106ff8 ESP=00104b30
EIP=0000001b EFL=00000097 [--S-APC] CPL=0 II=0 A20=1 SMM=0 HLT=0
ES =0018 00000000 ffffffff 00cf9300 DPL=0 DS   [-WA]
CS =0010 00000000 ffffffff 00cf9a00 DPL=0 CS32 [-R-]
SS =0018 00000000 ffffffff 00cf9300 DPL=0 DS   [-WA]
DS =0018 00000000 ffffffff 00cf9300 DPL=0 DS   [-WA]
FS =0018 00000000 ffffffff 00cf9300 DPL=0 DS   [-WA]
GS =0018 00000000 ffffffff 00cf9300 DPL=0 DS   [-WA]
LDT=0000 00000000 0000ffff 00008200 DPL=0 LDT
TR =0000 00000000 0000ffff 00008b00 DPL=0 TSS32-busy
GDT=     000010b0 00000020
IDT=     00107020 000007ff
CR0=00000011 CR2=00000000 CR3=00000000 CR4=00000000
DR0=00000000 DR1=00000000 DR2=00000000 DR3=00000000 
DR6=ffff0ff0 DR7=00000400
CCS=000000ff CCD=ffffffff CCO=SBBB
EFER=0000000000000000
check_exception old: 0xffffffff new 0x6
   279: v=06 e=0000 i=0 cpl=0 IP=0010:0000001b pc=0000001b SP=0018:00104b0c env->regs[R_EAX]=e848a107
EAX=e848a107 EBX=00010000 ECX=000003cd EDX=00000000
ESI=e987f000 EDI=00000000 EBP=00106ff8 ESP=00104b0c
EIP=0000001b EFL=00000046 [---Z-P-] CPL=0 II=0 A20=1 SMM=0 HLT=0
ES =0018 00000000 ffffffff 00cf9300 DPL=0 DS   [-WA]
CS =0010 00000000 ffffffff 00cf9a00 DPL=0 CS32 [-R-]
SS =0018 00000000 ffffffff 00cf9300 DPL=0 DS   [-WA]
DS =0018 00000000 ffffffff 00cf9300 DPL=0 DS   [-WA]
FS =0018 00000000 ffffffff 00cf9300 DPL=0 DS   [-WA]
GS =0018 00000000 ffffffff 00cf9300 DPL=0 DS   [-WA]
LDT=0000 00000000 0000ffff 00008200 DPL=0 LDT
TR =0000 00000000 0000ffff 00008b00 DPL=0 TSS32-busy
GDT=     000010b0 00000020
IDT=     00107020 000007ff
CR0=00000011 CR2=00000000 CR3=00000000 CR4=00000000
DR0=00000000 DR1=00000000 DR2=00000000 DR3=00000000 
DR6=ffff0ff0 DR7=00000400
CCS=000000ff CCD=00000000 CCO=SBBB
EFER=0000000000000000
check_exception old: 0xffffffff new 0x6
   280: v=06 e=0000 i=0 cpl=0 IP=0010:0000001b pc=0000001b SP=0018:00104ae8 env->regs[R_EAX]=cb0c9107
EAX=cb0c9107 EBX=00010000 ECX=000003cd EDX=00000001
ESI=e987f000 EDI=00000000 EBP=00106ff8 ESP=00104ae8
EIP=0000001b EFL=00000013 [----A-C] CPL=0 II=0 A20=1 SMM=0 HLT=0
ES =0018 00000000 ffffffff 00cf9300 DPL=0 DS   [-WA]
CS =0010 00000000 ffffffff 00cf9a00 DPL=0 CS32 [-R-]
SS =0018 00000000 ffffffff 00cf9300 DPL=0 DS   [-WA]
DS =0018 00000000 ffffffff 00cf9300 DPL=0 DS   [-WA]
FS =0018 00000000 ffffffff 00cf9300 DPL=0 DS   [-WA]
GS =0018 00000000 ffffffff 00cf9300 DPL=0 DS   [-WA]
LDT=0000 00000000 0000ffff 00008200 DPL=0 LDT
TR =0000 00000000 0000ffff 00008b00 DPL=0 TSS32-busy
GDT=     000010b0 00000020
IDT=     00107020 000007ff
CR0=00000011 CR2=00000000 CR3=00000000 CR4=00000000
DR0=00000000 DR1=00000000 DR2=00000000 DR3=00000000 
DR6=ffff0ff0 DR7=00000400
CCS=000000ff CCD=ffffff01 CCO=SBBB
EFER=0000000000000000
check_exception old: 0xffffffff new 0x6
   281: v=06 e=0000 i=0 cpl=0 IP=0010:0000001b pc=0000001b SP=0018:00104ac4 env->regs[R_EAX]=add08107
EAX=add08107 EBX=00010000 ECX=000003cd EDX=00000002
ESI=e987f000 EDI=00000000 EBP=00106ff8 ESP=00104ac4
EIP=0000001b EFL=00000013 [----A-C] CPL=0 II=0 A20=1 SMM=0 HLT=0
ES =0018 00000000 ffffffff 00cf9300 DPL=0 DS   [-WA]
CS =0010 00000000 ffffffff 00cf9a00 DPL=0 CS32 [-R-]
SS =0018 00000000 ffffffff 00cf9300 DPL=0 DS   [-WA]
DS =0018 00000000 ffffffff 00cf9300 DPL=0 DS   [-WA]
FS =0018 00000000 ffffffff 00cf9300 DPL=0 DS   [-WA]
GS =0018 00000000 ffffffff 00cf9300 DPL=0 DS   [-WA]
LDT=0000 00000000 0000ffff 00008200 DPL=0 LDT
TR =0000 00000000 0000ffff 00008b00 DPL=0 TSS32-busy
GDT=     000010b0 00000020
IDT=     00107020 000007ff
CR0=00000011 CR2=00000000 CR3=00000000 CR4=00000000
DR0=00000000 DR1=00000000 DR2=00000000 DR3=00000000 
DR6=ffff0ff0 DR7=00000400
CCS=000000ff CCD=ffffff02 CCO=SBBB
EFER=0000000000000000
check_exception old: 0xffffffff new 0x6
   282: v=06 e=0000 i=0 cpl=0 IP=0010:0000001b pc=0000001b SP=0018:00104aa0 env->regs[R_EAX]=90947107
EAX=90947107 EBX=00010000 ECX=000003cd EDX=000000fc
ESI=e987f000 EDI=00000000 EBP=00106ff8 ESP=00104aa0
EIP=0000001b EFL=00000097 [--S-APC] CPL=0 II=0 A20=1 SMM=0 HLT=0
ES =0018 00000000 ffffffff 00cf9300 DPL=0 DS   [-WA]
CS =0010 00000000 ffffffff 00cf9a00 DPL=0 CS32 [-R-]
SS =0018 00000000 ffffffff 00cf9300 DPL=0 DS   [-WA]
DS =0018 00000000 ffffffff 00cf9300 DPL=0 DS   [-WA]
FS =0018 00000000 ffffffff 00cf9300 DPL=0 DS   [-WA]
GS =0018 00000000 ffffffff 00cf9300 DPL=0 DS   [-WA]
LDT=0000 00000000 0000ffff 00008200 DPL=0 LDT
TR =0000 00000000 0000ffff 00008b00 DPL=0 TSS32-busy
GDT=     000010b0 00000020
IDT=     00107020 000007ff
CR0=00000011 CR2=00000000 CR3=00000000 CR4=00000000
DR0=00000000 DR1=00000000 DR2=00000000 DR3=00000000 
DR6=ffff0ff0 DR7=00000400
CCS=00000006 CCD=fffffffc CCO=SBBB
EFER=0000000000000000
check_exception old: 0xffffffff new 0x6
   283: v=06 e=0000 i=0 cpl=0 IP=0010:0000001b pc=0000001b SP=0018:00104a7c env->regs[R_EAX]=73586107
EAX=73586107 EBX=00010000 ECX=000003cd EDX=000000f6
ESI=e987f000 EDI=00000000 EBP=00106ff8 ESP=00104a7c
EIP=0000001b EFL=00000086 [--S--P-] CPL=0 II=0 A20=1 SMM=0 HLT=0
ES =0018 00000000 ffffffff 00cf9300 DPL=0 DS   [-WA]
CS =0010 00000000 ffffffff 00cf9a00 DPL=0 CS32 [-R-]
SS =0018 00000000 ffffffff 00cf9300 DPL=0 DS   [-WA]
DS =0018 00000000 ffffffff 00cf9300 DPL=0 DS   [-WA]
FS =0018 00000000 ffffffff 00cf9300 DPL=0 DS   [-WA]
GS =0018 00000000 ffffffff 00cf9300 DPL=0 DS   [-WA]
LDT=0000 00000000 0000ffff 00008200 DPL=0 LDT
TR =0000 00000000 0000ffff 00008b00 DPL=0 TSS32-busy
GDT=     000010b0 00000020
IDT=     00107020 000007ff
CR0=00000011 CR2=00000000 CR3=00000000 CR4=00000000
DR0=00000000 DR1=00000000 DR2=00000000 DR3=00000000 
DR6=ffff0ff0 DR7=00000400
CCS=00000006 CCD=000000f6 CCO=SBBB
EFER=0000000000000000
check_exception old: 0xffffffff new 0x6
   284: v=06 e=0000 i=0 cpl=0 IP=0010:0000001b pc=0000001b SP=0018:00104a58 env->regs[R_EAX]=561c5107
EAX=561c5107 EBX=00010000 ECX=000003cd EDX=000000f0
ESI=e987f000 EDI=00000000 EBP=00106ff8 ESP=00104a58
EIP=0000001b EFL=00000086 [--S--P-] CPL=0 II=0 A20=1 SMM=0 HLT=0
ES =0018 00000000 ffffffff 00cf9300 DPL=0 DS   [-WA]
CS =0010 00000000 ffffffff 00cf9a00 DPL=0 CS32 [-R-]
SS =0018 00000000 ffffffff 00cf9300 DPL=0 DS   [-WA]
DS =0018 00000000 ffffffff 00cf9300 DPL=0 DS   [-WA]
FS =0018 00000000 ffffffff 00cf9300 DPL=0 DS   [-WA]
GS =0018 00000000 ffffffff 00cf9300 DPL=0 DS   [-WA]
LDT=0000 00000000 0000ffff 00008200 DPL=0 LDT
TR =0000 00000000 0000ffff 00008b00 DPL=0 TSS32-busy
GDT=     000010b0 00000020
IDT=     00107020 000007ff
CR0=00000011 CR2=00000000 CR3=00000000 CR4=00000000
DR0=00000000 DR1=00000000 DR2=00000000 DR3=00000000 
DR6=ffff0ff0 DR7=00000400
CCS=00000006 CCD=000000f0 CCO=SBBB
EFER=0000000000000000
check_exception old: 0xffffffff new 0x6
   285: v=06 e=0000 i=0 cpl=0 IP=0010:0000001b pc=0000001b SP=0018:00104a34 env->regs[R_EAX]=38e04107
EAX=38e04107 EBX=00010000 ECX=000003cd EDX=000000ea
ESI=e987f000 EDI=00000000 EBP=00106ff8 ESP=00104a34
EIP=0000001b EFL=00000092 [--S-A--] CPL=0 II=0 A20=1 SMM=0 HLT=0
ES =0018 00000000 ffffffff 00cf9300 DPL=0 DS   [-WA]
CS =0010 00000000 ffffffff 00cf9a00 DPL=0 CS32 [-R-]
SS =0018 00000000 ffffffff 00cf9300 DPL=0 DS   [-WA]
DS =0018 00000000 ffffffff 00cf9300 DPL=0 DS   [-WA]
FS =0018 00000000 ffffffff 00cf9300 DPL=0 DS   [-WA]
GS =0018 00000000 ffffffff 00cf9300 DPL=0 DS   [-WA]
LDT=0000 00000000 0000ffff 00008200 DPL=0 LDT
TR =0000 00000000 0000ffff 00008b00 DPL=0 TSS32-busy
GDT=     000010b0 00000020
IDT=     00107020 000007ff
CR0=00000011 CR2=00000000 CR3=00000000 CR4=00000000
DR0=00000000 DR1=00000000 DR2=00000000 DR3=00000000 
DR6=ffff0ff0 DR7=00000400
CCS=00000006 CCD=000000ea CCO=SBBB
EFER=0000000000000000
check_exception old: 0xffffffff new 0x6
   286: v=06 e=0000 i=0 cpl=0 IP=0010:0000001b pc=0000001b SP=0018:00104a10 env->regs[R_EAX]=1ba43107
EAX=1ba43107 EBX=00010000 ECX=000003cd EDX=000000e4
ESI=e987f000 EDI=00000000 EBP=00106ff8 ESP=00104a10
EIP=0000001b EFL=00000086 [--S--P-] CPL=0 II=0 A20=1 SMM=0 HLT=0
ES =0018 00000000 ffffffff 00cf9300 DPL=0 DS   [-WA]
CS =0010 00000000 ffffffff 00cf9a00 DPL=0 CS32 [-R-]
SS =0018 00000000 ffffffff 00cf9300 DPL=0 DS   [-WA]
DS =0018 00000000 ffffffff 00cf9300 DPL=0 DS   [-WA]
FS =0018 00000000 ffffffff 00cf9300 DPL=0 DS   [-WA]
GS =0018 00000000 ffffffff 00cf9300 DPL=0 DS   [-WA]
LDT=0000 00000000 0000ffff 00008200 DPL=0 LDT
TR =0000 00000000 0000ffff 00008b00 DPL=0 TSS32-busy
GDT=     000010b0 00000020
IDT=     00107020 000007ff
CR0=00000011 CR2=00000000 CR3=00000000 CR4=00000000
DR0=00000000 DR1=00000000 DR2=00000000 DR3=00000000 
DR6=ffff0ff0 DR7=00000400
CCS=00000006 CCD=000000e4 CCO=SBBB
EFER=0000000000000000
check_exception old: 0xffffffff new 0x6
   287: v=06 e=0000 i=0 cpl=0 IP=0010:0000001b pc=0000001b SP=0018:001049ec env->regs[R_EAX]=fe682107
EAX=fe682107 EBX=00010000 ECX=000003cd EDX=000000de
ESI=e987f000 EDI=00000000 EBP=00106ff8 ESP=001049ec
EIP=0000001b EFL=00000096 [--S-AP-] CPL=0 II=0 A20=1 SMM=0 HLT=0
ES =0018 00000000 ffffffff 00cf9300 DPL=0 DS   [-WA]
CS =0010 00000000 ffffffff 00cf9a00 DPL=0 CS32 [-R-]
SS =0018 00000000 ffffffff 00cf9300 DPL=0 DS   [-WA]
DS =0018 00000000 ffffffff 00cf9300 DPL=0 DS   [-WA]
FS =0018 00000000 ffffffff 00cf9300 DPL=0 DS   [-WA]
GS =0018 00000000 ffffffff 00cf9300 DPL=0 DS   [-WA]
LDT=0000 00000000 0000ffff 00008200 DPL=0 LDT
TR =0000 00000000 0000ffff 00008b00 DPL=0 TSS32-busy
GDT=     000010b0 00000020
IDT=     00107020 000007ff
CR0=00000011 CR2=00000000 CR3=00000000 CR4=00000000
DR0=00000000 DR1=00000000 DR2=00000000 DR3=00000000 
DR6=ffff0ff0 DR7=00000400
CCS=00000006 CCD=000000de CCO=SBBB
EFER=0000000000000000
check_exception old: 0xffffffff new 0x6
   288: v=06 e=0000 i=0 cpl=0 IP=0010:0000001b pc=0000001b SP=0018:001049c8 env->regs[R_EAX]=e12c1107
EAX=e12c1107 EBX=00010000 ECX=000003cd EDX=000000d8
ESI=e987f000 EDI=00000000 EBP=00106ff8 ESP=001049c8
EIP=0000001b EFL=00000086 [--S--P-] CPL=0 II=0 A20=1 SMM=0 HLT=0
ES =0018 00000000 ffffffff 00cf9300 DPL=0 DS   [-WA]
CS =0010 00000000 ffffffff 00cf9a00 DPL=0 CS32 [-R-]
SS =0018 00000000 ffffffff 00cf9300 DPL=0 DS   [-WA]
DS =0018 00000000 ffffffff 00cf9300 DPL=0 DS   [-WA]
FS =0018 00000000 ffffffff 00cf9300 DPL=0 DS   [-WA]
GS =0018 00000000 ffffffff 00cf9300 DPL=0 DS   [-WA]
LDT=0000 00000000 0000ffff 00008200 DPL=0 LDT
TR =0000 00000000 0000ffff 00008b00 DPL=0 TSS32-busy
GDT=     000010b0 00000020
IDT=     00107020 000007ff
CR0=00000011 CR2=00000000 CR3=00000000 CR4=00000000
DR0=00000000 DR1=00000000 DR2=00000000 DR3=00000000 
DR6=ffff0ff0 DR7=00000400
CCS=00000006 CCD=000000d8 CCO=SBBB
EFER=0000000000000000
check_exception old: 0xffffffff new 0x6
   289: v=06 e=0000 i=0 cpl=0 IP=0010:0000001b pc=0000001b SP=0018:001049a4 env->regs[R_EAX]=c3f00107
EAX=c3f00107 EBX=00010000 ECX=000003cd EDX=000000d2
ESI=e987f000 EDI=00000000 EBP=00106ff8 ESP=001049a4
EIP=0000001b EFL=00000086 [--S--P-] CPL=0 II=0 A20=1 SMM=0 HLT=0
ES =0018 00000000 ffffffff 00cf9300 DPL=0 DS   [-WA]
CS =0010 00000000 ffffffff 00cf9a00 DPL=0 CS32 [-R-]
SS =0018 00000000 ffffffff 00cf9300 DPL=0 DS   [-WA]
DS =0018 00000000 ffffffff 00cf9300 DPL=0 DS   [-WA]
FS =0018 00000000 ffffffff 00cf9300 DPL=0 DS   [-WA]
GS =0018 00000000 ffffffff 00cf9300 DPL=0 DS   [-WA]
LDT=0000 00000000 0000ffff 00008200 DPL=0 LDT
TR =0000 00000000 0000ffff 00008b00 DPL=0 TSS32-busy
GDT=     000010b0 00000020
IDT=     00107020 000007ff
CR0=00000011 CR2=00000000 CR3=00000000 CR4=00000000
DR0=00000000 DR1=00000000 DR2=00000000 DR3=00000000 
DR6=ffff0ff0 DR7=00000400
CCS=00000006 CCD=000000d2 CCO=SBBB
EFER=0000000000000000
check_exception old: 0xffffffff new 0x6
   290: v=06 e=0000 i=0 cpl=0 IP=0010:0000001b pc=0000001b SP=0018:00104980 env->regs[R_EAX]=a6b3f107
EAX=a6b3f107 EBX=00010000 ECX=000003cd EDX=000000cc
ESI=e987f000 EDI=00000000 EBP=00106ff8 ESP=00104980
EIP=0000001b EFL=00000096 [--S-AP-] CPL=0 II=0 A20=1 SMM=0 HLT=0
ES =0018 00000000 ffffffff 00cf9300 DPL=0 DS   [-WA]
CS =0010 00000000 ffffffff 00cf9a00 DPL=0 CS32 [-R-]
SS =0018 00000000 ffffffff 00cf9300 DPL=0 DS   [-WA]
DS =0018 00000000 ffffffff 00cf9300 DPL=0 DS   [-WA]
FS =0018 00000000 ffffffff 00cf9300 DPL=0 DS   [-WA]
GS =0018 00000000 ffffffff 00cf9300 DPL=0 DS   [-WA]
LDT=0000 00000000 0000ffff 00008200 DPL=0 LDT
TR =0000 00000000 0000ffff 00008b00 DPL=0 TSS32-busy
GDT=     000010b0 00000020
IDT=     00107020 000007ff
CR0=00000011 CR2=00000000 CR3=00000000 CR4=00000000
DR0=00000000 DR1=00000000 DR2=00000000 DR3=00000000 
DR6=ffff0ff0 DR7=00000400
CCS=00000006 CCD=000000cc CCO=SBBB
EFER=0000000000000000
check_exception old: 0xffffffff new 0x6
   291: v=06 e=0000 i=0 cpl=0 IP=0010:0000001b pc=0000001b SP=0018:0010495c env->regs[R_EAX]=8977e107
EAX=8977e107 EBX=00010000 ECX=000003cd EDX=000000c6
ESI=e987f000 EDI=00000000 EBP=00106ff8 ESP=0010495c
EIP=0000001b EFL=00000086 [--S--P-] CPL=0 II=0 A20=1 SMM=0 HLT=0
ES =0018 00000000 ffffffff 00cf9300 DPL=0 DS   [-WA]
CS =0010 00000000 ffffffff 00cf9a00 DPL=0 CS32 [-R-]
SS =0018 00000000 ffffffff 00cf9300 DPL=0 DS   [-WA]
DS =0018 00000000 ffffffff 00cf9300 DPL=0 DS   [-WA]
FS =0018 00000000 ffffffff 00cf9300 DPL=0 DS   [-WA]
GS =0018 00000000 ffffffff 00cf9300 DPL=0 DS   [-WA]
LDT=0000 00000000 0000ffff 00008200 DPL=0 LDT
TR =0000 00000000 0000ffff 00008b00 DPL=0 TSS32-busy
GDT=     000010b0 00000020
IDT=     00107020 000007ff
CR0=00000011 CR2=00000000 CR3=00000000 CR4=00000000
DR0=00000000 DR1=00000000 DR2=00000000 DR3=00000000 
DR6=ffff0ff0 DR7=00000400
CCS=00000006 CCD=000000c6 CCO=SBBB
EFER=0000000000000000
check_exception old: 0xffffffff new 0x6
   292: v=06 e=0000 i=0 cpl=0 IP=0010:0000001b pc=0000001b SP=0018:00104938 env->regs[R_EAX]=6c3bd107
EAX=6c3bd107 EBX=00010000 ECX=000003cd EDX=000000c0
ESI=e987f000 EDI=00000000 EBP=00106ff8 ESP=00104938
EIP=0000001b EFL=00000086 [--S--P-] CPL=0 II=0 A20=1 SMM=0 HLT=0
ES =0018 00000000 ffffffff 00cf9300 DPL=0 DS   [-WA]
CS =0010 00000000 ffffffff 00cf9a00 DPL=0 CS32 [-R-]
SS =0018 00000000 ffffffff 00cf9300 DPL=0 DS   [-WA]
DS =0018 00000000 ffffffff 00cf9300 DPL=0 DS   [-WA]
FS =0018 00000000 ffffffff 00cf9300 DPL=0 DS   [-WA]
GS =0018 00000000 ffffffff 00cf9300 DPL=0 DS   [-WA]
LDT=0000 00000000 0000ffff 00008200 DPL=0 LDT
TR =0000 00000000 0000ffff 00008b00 DPL=0 TSS32-busy
GDT=     000010b0 00000020
IDT=     00107020 000007ff
CR0=00000011 CR2=00000000 CR3=00000000 CR4=00000000
DR0=00000000 DR1=00000000 DR2=00000000 DR3=00000000 
DR6=ffff0ff0 DR7=00000400
CCS=00000006 CCD=000000c0 CCO=SBBB
EFER=0000000000000000
check_exception old: 0xffffffff new 0x6
   293: v=06 e=0000 i=0 cpl=0 IP=0010:0000001b pc=0000001b SP=0018:00104914 env->regs[R_EAX]=4effc107
EAX=4effc107 EBX=00010000 ECX=000003cd EDX=000000ba
ESI=e987f000 EDI=00000000 EBP=00106ff8 ESP=00104914
EIP=0000001b EFL=00000092 [--S-A--] CPL=0 II=0 A20=1 SMM=0 HLT=0
ES =0018 00000000 ffffffff 00cf9300 DPL=0 DS   [-WA]
CS =0010 00000000 ffffffff 00cf9a00 DPL=0 CS32 [-R-]
SS =0018 00000000 ffffffff 00cf9300 DPL=0 DS   [-WA]
DS =0018 00000000 ffffffff 00cf9300 DPL=0 DS   [-WA]
FS =0018 00000000 ffffffff 00cf9300 DPL=0 DS   [-WA]
GS =0018 00000000 ffffffff 00cf9300 DPL=0 DS   [-WA]
LDT=0000 00000000 0000ffff 00008200 DPL=0 LDT
TR =0000 00000000 0000ffff 00008b00 DPL=0 TSS32-busy
GDT=     000010b0 00000020
IDT=     00107020 000007ff
CR0=00000011 CR2=00000000 CR3=00000000 CR4=00000000
DR0=00000000 DR1=00000000 DR2=00000000 DR3=00000000 
DR6=ffff0ff0 DR7=00000400
CCS=00000006 CCD=000000ba CCO=SBBB
EFER=0000000000000000
check_exception old: 0xffffffff new 0x6
   294: v=06 e=0000 i=0 cpl=0 IP=0010:0000001b pc=0000001b SP=0018:001048f0 env->regs[R_EAX]=31c3b107
EAX=31c3b107 EBX=00010000 ECX=000003cd EDX=000000b4
ESI=e987f000 EDI=00000000 EBP=00106ff8 ESP=001048f0
EIP=0000001b EFL=00000086 [--S--P-] CPL=0 II=0 A20=1 SMM=0 HLT=0
ES =0018 00000000 ffffffff 00cf9300 DPL=0 DS   [-WA]
CS =0010 00000000 ffffffff 00cf9a00 DPL=0 CS32 [-R-]
SS =0018 00000000 ffffffff 00cf9300 DPL=0 DS   [-WA]
DS =0018 00000000 ffffffff 00cf9300 DPL=0 DS   [-WA]
FS =0018 00000000 ffffffff 00cf9300 DPL=0 DS   [-WA]
GS =0018 00000000 ffffffff 00cf9300 DPL=0 DS   [-WA]
LDT=0000 00000000 0000ffff 00008200 DPL=0 LDT
TR =0000 00000000 0000ffff 00008b00 DPL=0 TSS32-busy
GDT=     000010b0 00000020
IDT=     00107020 000007ff
CR0=00000011 CR2=00000000 CR3=00000000 CR4=00000000
DR0=00000000 DR1=00000000 DR2=00000000 DR3=00000000 
DR6=ffff0ff0 DR7=00000400
CCS=00000006 CCD=000000b4 CCO=SBBB
EFER=0000000000000000
check_exception old: 0xffffffff new 0x6
   295: v=06 e=0000 i=0 cpl=0 IP=0010:0000001b pc=0000001b SP=0018:001048cc env->regs[R_EAX]=1487a107
EAX=1487a107 EBX=00010000 ECX=000003cd EDX=000000ae
ESI=e987f000 EDI=00000000 EBP=00106ff8 ESP=001048cc
EIP=0000001b EFL=00000092 [--S-A--] CPL=0 II=0 A20=1 SMM=0 HLT=0
ES =0018 00000000 ffffffff 00cf9300 DPL=0 DS   [-WA]
CS =0010 00000000 ffffffff 00cf9a00 DPL=0 CS32 [-R-]
SS =0018 00000000 ffffffff 00cf9300 DPL=0 DS   [-WA]
DS =0018 00000000 ffffffff 00cf9300 DPL=0 DS   [-WA]
FS =0018 00000000 ffffffff 00cf9300 DPL=0 DS   [-WA]
GS =0018 00000000 ffffffff 00cf9300 DPL=0 DS   [-WA]
LDT=0000 00000000 0000ffff 00008200 DPL=0 LDT
TR =0000 00000000 0000ffff 00008b00 DPL=0 TSS32-busy
GDT=     000010b0 00000020
IDT=     00107020 000007ff
CR0=00000011 CR2=00000000 CR3=00000000 CR4=00000000
DR0=00000000 DR1=00000000 DR2=00000000 DR3=00000000 
DR6=ffff0ff0 DR7=00000400
CCS=00000006 CCD=000000ae CCO=SBBB
EFER=0000000000000000
check_exception old: 0xffffffff new 0x6
   296: v=06 e=0000 i=0 cpl=0 IP=0010:0000001b pc=0000001b SP=0018:001048a8 env->regs[R_EAX]=f74b9107
EAX=f74b9107 EBX=00010000 ECX=000003cd EDX=000000a8
ESI=e987f000 EDI=00000000 EBP=00106ff8 ESP=001048a8
EIP=0000001b EFL=00000082 [--S----] CPL=0 II=0 A20=1 SMM=0 HLT=0
ES =0018 00000000 ffffffff 00cf9300 DPL=0 DS   [-WA]
CS =0010 00000000 ffffffff 00cf9a00 DPL=0 CS32 [-R-]
SS =0018 00000000 ffffffff 00cf9300 DPL=0 DS   [-WA]
DS =0018 00000000 ffffffff 00cf9300 DPL=0 DS   [-WA]
FS =0018 00000000 ffffffff 00cf9300 DPL=0 DS   [-WA]
GS =0018 00000000 ffffffff 00cf9300 DPL=0 DS   [-WA]
LDT=0000 00000000 0000ffff 00008200 DPL=0 LDT
TR =0000 00000000 0000ffff 00008b00 DPL=0 TSS32-busy
GDT=     000010b0 00000020
IDT=     00107020 000007ff
CR0=00000011 CR2=00000000 CR3=00000000 CR4=00000000
DR0=00000000 DR1=00000000 DR2=00000000 DR3=00000000 
DR6=ffff0ff0 DR7=00000400
CCS=00000006 CCD=000000a8 CCO=SBBB
EFER=0000000000000000
check_exception old: 0xffffffff new 0x6
   297: v=06 e=0000 i=0 cpl=0 IP=0010:0000001b pc=0000001b SP=0018:00104884 env->regs[R_EAX]=da0f8107
EAX=da0f8107 EBX=00010000 ECX=000003cd EDX=000000a2
ESI=e987f000 EDI=00000000 EBP=00106ff8 ESP=00104884
EIP=0000001b EFL=00000082 [--S----] CPL=0 II=0 A20=1 SMM=0 HLT=0
ES =0018 00000000 ffffffff 00cf9300 DPL=0 DS   [-WA]
CS =0010 00000000 ffffffff 00cf9a00 DPL=0 CS32 [-R-]
SS =0018 00000000 ffffffff 00cf9300 DPL=0 DS   [-WA]
DS =0018 00000000 ffffffff 00cf9300 DPL=0 DS   [-WA]
FS =0018 00000000 ffffffff 00cf9300 DPL=0 DS   [-WA]
GS =0018 00000000 ffffffff 00cf9300 DPL=0 DS   [-WA]
LDT=0000 00000000 0000ffff 00008200 DPL=0 LDT
TR =0000 00000000 0000ffff 00008b00 DPL=0 TSS32-busy
GDT=     000010b0 00000020
IDT=     00107020 000007ff
CR0=00000011 CR2=00000000 CR3=00000000 CR4=00000000
DR0=00000000 DR1=00000000 DR2=00000000 DR3=00000000 
DR6=ffff0ff0 DR7=00000400
CCS=00000006 CCD=000000a2 CCO=SBBB
EFER=0000000000000000
check_exception old: 0xffffffff new 0x6
   298: v=06 e=0000 i=0 cpl=0 IP=0010:0000001b pc=0000001b SP=0018:00104860 env->regs[R_EAX]=bcd37107
EAX=bcd37107 EBX=00010000 ECX=000003cd EDX=0000009c
ESI=e987f000 EDI=00000000 EBP=00106ff8 ESP=00104860
EIP=0000001b EFL=00000096 [--S-AP-] CPL=0 II=0 A20=1 SMM=0 HLT=0
ES =0018 00000000 ffffffff 00cf9300 DPL=0 DS   [-WA]
CS =0010 00000000 ffffffff 00cf9a00 DPL=0 CS32 [-R-]
SS =0018 00000000 ffffffff 00cf9300 DPL=0 DS   [-WA]
DS =0018 00000000 ffffffff 00cf9300 DPL=0 DS   [-WA]
FS =0018 00000000 ffffffff 00cf9300 DPL=0 DS   [-WA]
GS =0018 00000000 ffffffff 00cf9300 DPL=0 DS   [-WA]
LDT=0000 00000000 0000ffff 00008200 DPL=0 LDT
TR =0000 00000000 0000ffff 00008b00 DPL=0 TSS32-busy
GDT=     000010b0 00000020
IDT=     00107020 000007ff
CR0=00000011 CR2=00000000 CR3=00000000 CR4=00000000
DR0=00000000 DR1=00000000 DR2=00000000 DR3=00000000 
DR6=ffff0ff0 DR7=00000400
CCS=00000006 CCD=0000009c CCO=SBBB
EFER=0000000000000000
check_exception old: 0xffffffff new 0x6
   299: v=06 e=0000 i=0 cpl=0 IP=0010:0000001b pc=0000001b SP=0018:0010483c env->regs[R_EAX]=9f976107
EAX=9f976107 EBX=00010000 ECX=000003cd EDX=00000096
ESI=e987f000 EDI=00000000 EBP=00106ff8 ESP=0010483c
EIP=0000001b EFL=00000086 [--S--P-] CPL=0 II=0 A20=1 SMM=0 HLT=0
ES =0018 00000000 ffffffff 00cf9300 DPL=0 DS   [-WA]
CS =0010 00000000 ffffffff 00cf9a00 DPL=0 CS32 [-R-]
SS =0018 00000000 ffffffff 00cf9300 DPL=0 DS   [-WA]
DS =0018 00000000 ffffffff 00cf9300 DPL=0 DS   [-WA]
FS =0018 00000000 ffffffff 00cf9300 DPL=0 DS   [-WA]
GS =0018 00000000 ffffffff 00cf9300 DPL=0 DS   [-WA]
LDT=0000 00000000 0000ffff 00008200 DPL=0 LDT
TR =0000 00000000 0000ffff 00008b00 DPL=0 TSS32-busy
GDT=     000010b0 00000020
IDT=     00107020 000007ff
CR0=00000011 CR2=00000000 CR3=00000000 CR4=00000000
DR0=00000000 DR1=00000000 DR2=00000000 DR3=00000000 
DR6=ffff0ff0 DR7=00000400
CCS=00000006 CCD=00000096 CCO=SBBB
EFER=0000000000000000
check_exception old: 0xffffffff new 0x6
   300: v=06 e=0000 i=0 cpl=0 IP=0010:0000001b pc=0000001b SP=0018:00104818 env->regs[R_EAX]=825b5107
EAX=825b5107 EBX=00010000 ECX=000003cd EDX=00000090
ESI=e987f000 EDI=00000000 EBP=00106ff8 ESP=00104818
EIP=0000001b EFL=00000086 [--S--P-] CPL=0 II=0 A20=1 SMM=0 HLT=0
ES =0018 00000000 ffffffff 00cf9300 DPL=0 DS   [-WA]
CS =0010 00000000 ffffffff 00cf9a00 DPL=0 CS32 [-R-]
SS =0018 00000000 ffffffff 00cf9300 DPL=0 DS   [-WA]
DS =0018 00000000 ffffffff 00cf9300 DPL=0 DS   [-WA]
FS =0018 00000000 ffffffff 00cf9300 DPL=0 DS   [-WA]
GS =0018 00000000 ffffffff 00cf9300 DPL=0 DS   [-WA]
LDT=0000 00000000 0000ffff 00008200 DPL=0 LDT
TR =0000 00000000 0000ffff 00008b00 DPL=0 TSS32-busy
GDT=     000010b0 00000020
IDT=     00107020 000007ff
CR0=00000011 CR2=00000000 CR3=00000000 CR4=00000000
DR0=00000000 DR1=00000000 DR2=00000000 DR3=00000000 
DR6=ffff0ff0 DR7=00000400
CCS=00000006 CCD=00000090 CCO=SBBB
EFER=0000000000000000
check_exception old: 0xffffffff new 0x6
   301: v=06 e=0000 i=0 cpl=0 IP=0010:0000001b pc=0000001b SP=0018:001047f4 env->regs[R_EAX]=651f4107
EAX=651f4107 EBX=00010000 ECX=000003cd EDX=0000008a
ESI=e987f000 EDI=00000000 EBP=00106ff8 ESP=001047f4
EIP=0000001b EFL=00000092 [--S-A--] CPL=0 II=0 A20=1 SMM=0 HLT=0
ES =0018 00000000 ffffffff 00cf9300 DPL=0 DS   [-WA]
CS =0010 00000000 ffffffff 00cf9a00 DPL=0 CS32 [-R-]
SS =0018 00000000 ffffffff 00cf9300 DPL=0 DS   [-WA]
DS =0018 00000000 ffffffff 00cf9300 DPL=0 DS   [-WA]
FS =0018 00000000 ffffffff 00cf9300 DPL=0 DS   [-WA]
GS =0018 00000000 ffffffff 00cf9300 DPL=0 DS   [-WA]
LDT=0000 00000000 0000ffff 00008200 DPL=0 LDT
TR =0000 00000000 0000ffff 00008b00 DPL=0 TSS32-busy
GDT=     000010b0 00000020
IDT=     00107020 000007ff
CR0=00000011 CR2=00000000 CR3=00000000 CR4=00000000
DR0=00000000 DR1=00000000 DR2=00000000 DR3=00000000 
DR6=ffff0ff0 DR7=00000400
CCS=00000006 CCD=0000008a CCO=SBBB
EFER=0000000000000000
check_exception old: 0xffffffff new 0x6
   302: v=06 e=0000 i=0 cpl=0 IP=0010:0000001b pc=0000001b SP=0018:001047d0 env->regs[R_EAX]=47e33107
EAX=47e33107 EBX=00010000 ECX=000003cd EDX=00000084
ESI=e987f000 EDI=00000000 EBP=00106ff8 ESP=001047d0
EIP=0000001b EFL=00000086 [--S--P-] CPL=0 II=0 A20=1 SMM=0 HLT=0
ES =0018 00000000 ffffffff 00cf9300 DPL=0 DS   [-WA]
CS =0010 00000000 ffffffff 00cf9a00 DPL=0 CS32 [-R-]
SS =0018 00000000 ffffffff 00cf9300 DPL=0 DS   [-WA]
DS =0018 00000000 ffffffff 00cf9300 DPL=0 DS   [-WA]
FS =0018 00000000 ffffffff 00cf9300 DPL=0 DS   [-WA]
GS =0018 00000000 ffffffff 00cf9300 DPL=0 DS   [-WA]
LDT=0000 00000000 0000ffff 00008200 DPL=0 LDT
TR =0000 00000000 0000ffff 00008b00 DPL=0 TSS32-busy
GDT=     000010b0 00000020
IDT=     00107020 000007ff
CR0=00000011 CR2=00000000 CR3=00000000 CR4=00000000
DR0=00000000 DR1=00000000 DR2=00000000 DR3=00000000 
DR6=ffff0ff0 DR7=00000400
CCS=00000006 CCD=00000084 CCO=SBBB
EFER=0000000000000000
check_exception old: 0xffffffff new 0x6
   303: v=06 e=0000 i=0 cpl=0 IP=0010:0000001b pc=0000001b SP=0018:001047ac env->regs[R_EAX]=2aa72107
EAX=2aa72107 EBX=00010000 ECX=000003cd EDX=0000007e
ESI=e987f000 EDI=00000000 EBP=00106ff8 ESP=001047ac
EIP=0000001b EFL=00000816 [-O--AP-] CPL=0 II=0 A20=1 SMM=0 HLT=0
ES =0018 00000000 ffffffff 00cf9300 DPL=0 DS   [-WA]
CS =0010 00000000 ffffffff 00cf9a00 DPL=0 CS32 [-R-]
SS =0018 00000000 ffffffff 00cf9300 DPL=0 DS   [-WA]
DS =0018 00000000 ffffffff 00cf9300 DPL=0 DS   [-WA]
FS =0018 00000000 ffffffff 00cf9300 DPL=0 DS   [-WA]
GS =0018 00000000 ffffffff 00cf9300 DPL=0 DS   [-WA]
LDT=0000 00000000 0000ffff 00008200 DPL=0 LDT
TR =0000 00000000 0000ffff 00008b00 DPL=0 TSS32-busy
GDT=     000010b0 00000020
IDT=     00107020 000007ff
CR0=00000011 CR2=00000000 CR3=00000000 CR4=00000000
DR0=00000000 DR1=00000000 DR2=00000000 DR3=00000000 
DR6=ffff0ff0 DR7=00000400
CCS=00000006 CCD=0000007e CCO=SBBB
EFER=0000000000000000
check_exception old: 0xffffffff new 0x6
   304: v=06 e=0000 i=0 cpl=0 IP=0010:0000001b pc=0000001b SP=0018:00104788 env->regs[R_EAX]=0d6b1107
EAX=0d6b1107 EBX=00010000 ECX=000003cd EDX=00000078
ESI=e987f000 EDI=00000000 EBP=00106ff8 ESP=00104788
EIP=0000001b EFL=00000006 [-----P-] CPL=0 II=0 A20=1 SMM=0 HLT=0
ES =0018 00000000 ffffffff 00cf9300 DPL=0 DS   [-WA]
CS =0010 00000000 ffffffff 00cf9a00 DPL=0 CS32 [-R-]
SS =0018 00000000 ffffffff 00cf9300 DPL=0 DS   [-WA]
DS =0018 00000000 ffffffff 00cf9300 DPL=0 DS   [-WA]
FS =0018 00000000 ffffffff 00cf9300 DPL=0 DS   [-WA]
GS =0018 00000000 ffffffff 00cf9300 DPL=0 DS   [-WA]
LDT=0000 00000000 0000ffff 00008200 DPL=0 LDT
TR =0000 00000000 0000ffff 00008b00 DPL=0 TSS32-busy
GDT=     000010b0 00000020
IDT=     00107020 000007ff
CR0=00000011 CR2=00000000 CR3=00000000 CR4=00000000
DR0=00000000 DR1=00000000 DR2=00000000 DR3=00000000 
DR6=ffff0ff0 DR7=00000400
CCS=00000006 CCD=00000078 CCO=SBBB
EFER=0000000000000000
check_exception old: 0xffffffff new 0x6
   305: v=06 e=0000 i=0 cpl=0 IP=0010:0000001b pc=0000001b SP=0018:00104764 env->regs[R_EAX]=f02f0107
EAX=f02f0107 EBX=00010000 ECX=000003cd EDX=00000072
ESI=e987f000 EDI=00000000 EBP=00106ff8 ESP=00104764
EIP=0000001b EFL=00000006 [-----P-] CPL=0 II=0 A20=1 SMM=0 HLT=0
ES =0018 00000000 ffffffff 00cf9300 DPL=0 DS   [-WA]
CS =0010 00000000 ffffffff 00cf9a00 DPL=0 CS32 [-R-]
SS =0018 00000000 ffffffff 00cf9300 DPL=0 DS   [-WA]
DS =0018 00000000 ffffffff 00cf9300 DPL=0 DS   [-WA]
FS =0018 00000000 ffffffff 00cf9300 DPL=0 DS   [-WA]
GS =0018 00000000 ffffffff 00cf9300 DPL=0 DS   [-WA]
LDT=0000 00000000 0000ffff 00008200 DPL=0 LDT
TR =0000 00000000 0000ffff 00008b00 DPL=0 TSS32-busy
GDT=     000010b0 00000020
IDT=     00107020 000007ff
CR0=00000011 CR2=00000000 CR3=00000000 CR4=00000000
DR0=00000000 DR1=00000000 DR2=00000000 DR3=00000000 
DR6=ffff0ff0 DR7=00000400
CCS=00000006 CCD=00000072 CCO=SBBB
EFER=0000000000000000
check_exception old: 0xffffffff new 0x6
   306: v=06 e=0000 i=0 cpl=0 IP=0010:0000001b pc=0000001b SP=0018:00104740 env->regs[R_EAX]=d2f2f107
EAX=d2f2f107 EBX=00010000 ECX=000003cd EDX=0000006c
ESI=e987f000 EDI=00000000 EBP=00106ff8 ESP=00104740
EIP=0000001b EFL=00000016 [----AP-] CPL=0 II=0 A20=1 SMM=0 HLT=0
ES =0018 00000000 ffffffff 00cf9300 DPL=0 DS   [-WA]
CS =0010 00000000 ffffffff 00cf9a00 DPL=0 CS32 [-R-]
SS =0018 00000000 ffffffff 00cf9300 DPL=0 DS   [-WA]
DS =0018 00000000 ffffffff 00cf9300 DPL=0 DS   [-WA]
FS =0018 00000000 ffffffff 00cf9300 DPL=0 DS   [-WA]
GS =0018 00000000 ffffffff 00cf9300 DPL=0 DS   [-WA]
LDT=0000 00000000 0000ffff 00008200 DPL=0 LDT
TR =0000 00000000 0000ffff 00008b00 DPL=0 TSS32-busy
GDT=     000010b0 00000020
IDT=     00107020 000007ff
CR0=00000011 CR2=00000000 CR3=00000000 CR4=00000000
DR0=00000000 DR1=00000000 DR2=00000000 DR3=00000000 
DR6=ffff0ff0 DR7=00000400
CCS=00000006 CCD=0000006c CCO=SBBB
EFER=0000000000000000
check_exception old: 0xffffffff new 0x6
   307: v=06 e=0000 i=0 cpl=0 IP=0010:0000001b pc=0000001b SP=0018:0010471c env->regs[R_EAX]=b5b6e107
EAX=b5b6e107 EBX=00010000 ECX=000003cd EDX=00000066
ESI=e987f000 EDI=00000000 EBP=00106ff8 ESP=0010471c
EIP=0000001b EFL=00000006 [-----P-] CPL=0 II=0 A20=1 SMM=0 HLT=0
ES =0018 00000000 ffffffff 00cf9300 DPL=0 DS   [-WA]
CS =0010 00000000 ffffffff 00cf9a00 DPL=0 CS32 [-R-]
SS =0018 00000000 ffffffff 00cf9300 DPL=0 DS   [-WA]
DS =0018 00000000 ffffffff 00cf9300 DPL=0 DS   [-WA]
FS =0018 00000000 ffffffff 00cf9300 DPL=0 DS   [-WA]
GS =0018 00000000 ffffffff 00cf9300 DPL=0 DS   [-WA]
LDT=0000 00000000 0000ffff 00008200 DPL=0 LDT
TR =0000 00000000 0000ffff 00008b00 DPL=0 TSS32-busy
GDT=     000010b0 00000020
IDT=     00107020 000007ff
CR0=00000011 CR2=00000000 CR3=00000000 CR4=00000000
DR0=00000000 DR1=00000000 DR2=00000000 DR3=00000000 
DR6=ffff0ff0 DR7=00000400
CCS=00000006 CCD=00000066 CCO=SBBB
EFER=0000000000000000
check_exception old: 0xffffffff new 0x6
   308: v=06 e=0000 i=0 cpl=0 IP=0010:0000001b pc=0000001b SP=0018:001046f8 env->regs[R_EAX]=987ad107
EAX=987ad107 EBX=00010000 ECX=000003cd EDX=00000060
ESI=e987f000 EDI=00000000 EBP=00106ff8 ESP=001046f8
EIP=0000001b EFL=00000006 [-----P-] CPL=0 II=0 A20=1 SMM=0 HLT=0
ES =0018 00000000 ffffffff 00cf9300 DPL=0 DS   [-WA]
CS =0010 00000000 ffffffff 00cf9a00 DPL=0 CS32 [-R-]
SS =0018 00000000 ffffffff 00cf9300 DPL=0 DS   [-WA]
DS =0018 00000000 ffffffff 00cf9300 DPL=0 DS   [-WA]
FS =0018 00000000 ffffffff 00cf9300 DPL=0 DS   [-WA]
GS =0018 00000000 ffffffff 00cf9300 DPL=0 DS   [-WA]
LDT=0000 00000000 0000ffff 00008200 DPL=0 LDT
TR =0000 00000000 0000ffff 00008b00 DPL=0 TSS32-busy
GDT=     000010b0 00000020
IDT=     00107020 000007ff
CR0=00000011 CR2=00000000 CR3=00000000 CR4=00000000
DR0=00000000 DR1=00000000 DR2=00000000 DR3=00000000 
DR6=ffff0ff0 DR7=00000400
CCS=00000006 CCD=00000060 CCO=SBBB
EFER=0000000000000000
check_exception old: 0xffffffff new 0x6
   309: v=06 e=0000 i=0 cpl=0 IP=0010:0000001b pc=0000001b SP=0018:001046d4 env->regs[R_EAX]=7b3ec107
EAX=7b3ec107 EBX=00010000 ECX=000003cd EDX=0000005a
ESI=e987f000 EDI=00000000 EBP=00106ff8 ESP=001046d4
EIP=0000001b EFL=00000016 [----AP-] CPL=0 II=0 A20=1 SMM=0 HLT=0
ES =0018 00000000 ffffffff 00cf9300 DPL=0 DS   [-WA]
CS =0010 00000000 ffffffff 00cf9a00 DPL=0 CS32 [-R-]
SS =0018 00000000 ffffffff 00cf9300 DPL=0 DS   [-WA]
DS =0018 00000000 ffffffff 00cf9300 DPL=0 DS   [-WA]
FS =0018 00000000 ffffffff 00cf9300 DPL=0 DS   [-WA]
GS =0018 00000000 ffffffff 00cf9300 DPL=0 DS   [-WA]
LDT=0000 00000000 0000ffff 00008200 DPL=0 LDT
TR =0000 00000000 0000ffff 00008b00 DPL=0 TSS32-busy
GDT=     000010b0 00000020
IDT=     00107020 000007ff
CR0=00000011 CR2=00000000 CR3=00000000 CR4=00000000
DR0=00000000 DR1=00000000 DR2=00000000 DR3=00000000 
DR6=ffff0ff0 DR7=00000400
CCS=00000006 CCD=0000005a CCO=SBBB
EFER=0000000000000000
check_exception old: 0xffffffff new 0x6
   310: v=06 e=0000 i=0 cpl=0 IP=0010:0000001b pc=0000001b SP=0018:001046b0 env->regs[R_EAX]=5e02b107
EAX=5e02b107 EBX=00010000 ECX=000003cd EDX=00000054
ESI=e987f000 EDI=00000000 EBP=00106ff8 ESP=001046b0
EIP=0000001b EFL=00000002 [-------] CPL=0 II=0 A20=1 SMM=0 HLT=0
ES =0018 00000000 ffffffff 00cf9300 DPL=0 DS   [-WA]
CS =0010 00000000 ffffffff 00cf9a00 DPL=0 CS32 [-R-]
SS =0018 00000000 ffffffff 00cf9300 DPL=0 DS   [-WA]
DS =0018 00000000 ffffffff 00cf9300 DPL=0 DS   [-WA]
FS =0018 00000000 ffffffff 00cf9300 DPL=0 DS   [-WA]
GS =0018 00000000 ffffffff 00cf9300 DPL=0 DS   [-WA]
LDT=0000 00000000 0000ffff 00008200 DPL=0 LDT
TR =0000 00000000 0000ffff 00008b00 DPL=0 TSS32-busy
GDT=     000010b0 00000020
IDT=     00107020 000007ff
CR0=00000011 CR2=00000000 CR3=00000000 CR4=00000000
DR0=00000000 DR1=00000000 DR2=00000000 DR3=00000000 
DR6=ffff0ff0 DR7=00000400
CCS=00000006 CCD=00000054 CCO=SBBB
EFER=0000000000000000
check_exception old: 0xffffffff new 0x6
   311: v=06 e=0000 i=0 cpl=0 IP=0010:0000001b pc=0000001b SP=0018:0010468c env->regs[R_EAX]=40c6a107
EAX=40c6a107 EBX=00010000 ECX=000003cd EDX=0000004e
ESI=e987f000 EDI=00000000 EBP=00106ff8 ESP=0010468c
EIP=0000001b EFL=00000016 [----AP-] CPL=0 II=0 A20=1 SMM=0 HLT=0
ES =0018 00000000 ffffffff 00cf9300 DPL=0 DS   [-WA]
CS =0010 00000000 ffffffff 00cf9a00 DPL=0 CS32 [-R-]
SS =0018 00000000 ffffffff 00cf9300 DPL=0 DS   [-WA]
DS =0018 00000000 ffffffff 00cf9300 DPL=0 DS   [-WA]
FS =0018 00000000 ffffffff 00cf9300 DPL=0 DS   [-WA]
GS =0018 00000000 ffffffff 00cf9300 DPL=0 DS   [-WA]
LDT=0000 00000000 0000ffff 00008200 DPL=0 LDT
TR =0000 00000000 0000ffff 00008b00 DPL=0 TSS32-busy
GDT=     000010b0 00000020
IDT=     00107020 000007ff
CR0=00000011 CR2=00000000 CR3=00000000 CR4=00000000
DR0=00000000 DR1=00000000 DR2=00000000 DR3=00000000 
DR6=ffff0ff0 DR7=00000400
CCS=00000006 CCD=0000004e CCO=SBBB
EFER=0000000000000000
check_exception old: 0xffffffff new 0x6
   312: v=06 e=0000 i=0 cpl=0 IP=0010:0000001b pc=0000001b SP=0018:00104668 env->regs[R_EAX]=238a9107
EAX=238a9107 EBX=00010000 ECX=000003cd EDX=00000048
ESI=e987f000 EDI=00000000 EBP=00106ff8 ESP=00104668
EIP=0000001b EFL=00000006 [-----P-] CPL=0 II=0 A20=1 SMM=0 HLT=0
ES =0018 00000000 ffffffff 00cf9300 DPL=0 DS   [-WA]
CS =0010 00000000 ffffffff 00cf9a00 DPL=0 CS32 [-R-]
SS =0018 00000000 ffffffff 00cf9300 DPL=0 DS   [-WA]
DS =0018 00000000 ffffffff 00cf9300 DPL=0 DS   [-WA]
FS =0018 00000000 ffffffff 00cf9300 DPL=0 DS   [-WA]
GS =0018 00000000 ffffffff 00cf9300 DPL=0 DS   [-WA]
LDT=0000 00000000 0000ffff 00008200 DPL=0 LDT
TR =0000 00000000 0000ffff 00008b00 DPL=0 TSS32-busy
GDT=     000010b0 00000020
IDT=     00107020 000007ff
CR0=00000011 CR2=00000000 CR3=00000000 CR4=00000000
DR0=00000000 DR1=00000000 DR2=00000000 DR3=00000000 
DR6=ffff0ff0 DR7=00000400
CCS=00000006 CCD=00000048 CCO=SBBB
EFER=0000000000000000
check_exception old: 0xffffffff new 0x6
   313: v=06 e=0000 i=0 cpl=0 IP=0010:0000001b pc=0000001b SP=0018:00104644 env->regs[R_EAX]=064e8107
EAX=064e8107 EBX=00010000 ECX=000003cd EDX=00000042
ESI=e987f000 EDI=00000000 EBP=00106ff8 ESP=00104644
EIP=0000001b EFL=00000006 [-----P-] CPL=0 II=0 A20=1 SMM=0 HLT=0
ES =0018 00000000 ffffffff 00cf9300 DPL=0 DS   [-WA]
CS =0010 00000000 ffffffff 00cf9a00 DPL=0 CS32 [-R-]
SS =0018 00000000 ffffffff 00cf9300 DPL=0 DS   [-WA]
DS =0018 00000000 ffffffff 00cf9300 DPL=0 DS   [-WA]
FS =0018 00000000 ffffffff 00cf9300 DPL=0 DS   [-WA]
GS =0018 00000000 ffffffff 00cf9300 DPL=0 DS   [-WA]
LDT=0000 00000000 0000ffff 00008200 DPL=0 LDT
TR =0000 00000000 0000ffff 00008b00 DPL=0 TSS32-busy
GDT=     000010b0 00000020
IDT=     00107020 000007ff
CR0=00000011 CR2=00000000 CR3=00000000 CR4=00000000
DR0=00000000 DR1=00000000 DR2=00000000 DR3=00000000 
DR6=ffff0ff0 DR7=00000400
CCS=00000006 CCD=00000042 CCO=SBBB
EFER=0000000000000000
check_exception old: 0xffffffff new 0x6
   314: v=06 e=0000 i=0 cpl=0 IP=0010:0000001b pc=0000001b SP=0018:00104620 env->regs[R_EAX]=e9127107
EAX=e9127107 EBX=00010000 ECX=000003cd EDX=0000003c
ESI=e987f000 EDI=00000000 EBP=00106ff8 ESP=00104620
EIP=0000001b EFL=00000016 [----AP-] CPL=0 II=0 A20=1 SMM=0 HLT=0
ES =0018 00000000 ffffffff 00cf9300 DPL=0 DS   [-WA]
CS =0010 00000000 ffffffff 00cf9a00 DPL=0 CS32 [-R-]
SS =0018 00000000 ffffffff 00cf9300 DPL=0 DS   [-WA]
DS =0018 00000000 ffffffff 00cf9300 DPL=0 DS   [-WA]
FS =0018 00000000 ffffffff 00cf9300 DPL=0 DS   [-WA]
GS =0018 00000000 ffffffff 00cf9300 DPL=0 DS   [-WA]
LDT=0000 00000000 0000ffff 00008200 DPL=0 LDT
TR =0000 00000000 0000ffff 00008b00 DPL=0 TSS32-busy
GDT=     000010b0 00000020
IDT=     00107020 000007ff
CR0=00000011 CR2=00000000 CR3=00000000 CR4=00000000
DR0=00000000 DR1=00000000 DR2=00000000 DR3=00000000 
DR6=ffff0ff0 DR7=00000400
CCS=00000006 CCD=0000003c CCO=SBBB
EFER=0000000000000000
check_exception old: 0xffffffff new 0x6
   315: v=06 e=0000 i=0 cpl=0 IP=0010:0000001b pc=0000001b SP=0018:001045fc env->regs[R_EAX]=cbd66107
EAX=cbd66107 EBX=00010000 ECX=000003cd EDX=00000036
ESI=e987f000 EDI=00000000 EBP=00106ff8 ESP=001045fc
EIP=0000001b EFL=00000006 [-----P-] CPL=0 II=0 A20=1 SMM=0 HLT=0
ES =0018 00000000 ffffffff 00cf9300 DPL=0 DS   [-WA]
CS =0010 00000000 ffffffff 00cf9a00 DPL=0 CS32 [-R-]
SS =0018 00000000 ffffffff 00cf9300 DPL=0 DS   [-WA]
DS =0018 00000000 ffffffff 00cf9300 DPL=0 DS   [-WA]
FS =0018 00000000 ffffffff 00cf9300 DPL=0 DS   [-WA]
GS =0018 00000000 ffffffff 00cf9300 DPL=0 DS   [-WA]
LDT=0000 00000000 0000ffff 00008200 DPL=0 LDT
TR =0000 00000000 0000ffff 00008b00 DPL=0 TSS32-busy
GDT=     000010b0 00000020
IDT=     00107020 000007ff
CR0=00000011 CR2=00000000 CR3=00000000 CR4=00000000
DR0=00000000 DR1=00000000 DR2=00000000 DR3=00000000 
DR6=ffff0ff0 DR7=00000400
CCS=00000006 CCD=00000036 CCO=SBBB
EFER=0000000000000000
check_exception old: 0xffffffff new 0x6
   316: v=06 e=0000 i=0 cpl=0 IP=0010:0000001b pc=0000001b SP=0018:001045d8 env->regs[R_EAX]=ae9a5107
EAX=ae9a5107 EBX=00010000 ECX=000003cd EDX=00000030
ESI=e987f000 EDI=00000000 EBP=00106ff8 ESP=001045d8
EIP=0000001b EFL=00000006 [-----P-] CPL=0 II=0 A20=1 SMM=0 HLT=0
ES =0018 00000000 ffffffff 00cf9300 DPL=0 DS   [-WA]
CS =0010 00000000 ffffffff 00cf9a00 DPL=0 CS32 [-R-]
SS =0018 00000000 ffffffff 00cf9300 DPL=0 DS   [-WA]
DS =0018 00000000 ffffffff 00cf9300 DPL=0 DS   [-WA]
FS =0018 00000000 ffffffff 00cf9300 DPL=0 DS   [-WA]
GS =0018 00000000 ffffffff 00cf9300 DPL=0 DS   [-WA]
LDT=0000 00000000 0000ffff 00008200 DPL=0 LDT
TR =0000 00000000 0000ffff 00008b00 DPL=0 TSS32-busy
GDT=     000010b0 00000020
IDT=     00107020 000007ff
CR0=00000011 CR2=00000000 CR3=00000000 CR4=00000000
DR0=00000000 DR1=00000000 DR2=00000000 DR3=00000000 
DR6=ffff0ff0 DR7=00000400
CCS=00000006 CCD=00000030 CCO=SBBB
EFER=0000000000000000
check_exception old: 0xffffffff new 0x6
   317: v=06 e=0000 i=0 cpl=0 IP=0010:0000001b pc=0000001b SP=0018:001045b4 env->regs[R_EAX]=915e4107
EAX=915e4107 EBX=00010000 ECX=000003cd EDX=0000002a
ESI=e987f000 EDI=00000000 EBP=00106ff8 ESP=001045b4
EIP=0000001b EFL=00000012 [----A--] CPL=0 II=0 A20=1 SMM=0 HLT=0
ES =0018 00000000 ffffffff 00cf9300 DPL=0 DS   [-WA]
CS =0010 00000000 ffffffff 00cf9a00 DPL=0 CS32 [-R-]
SS =0018 00000000 ffffffff 00cf9300 DPL=0 DS   [-WA]
DS =0018 00000000 ffffffff 00cf9300 DPL=0 DS   [-WA]
FS =0018 00000000 ffffffff 00cf9300 DPL=0 DS   [-WA]
GS =0018 00000000 ffffffff 00cf9300 DPL=0 DS   [-WA]
LDT=0000 00000000 0000ffff 00008200 DPL=0 LDT
TR =0000 00000000 0000ffff 00008b00 DPL=0 TSS32-busy
GDT=     000010b0 00000020
IDT=     00107020 000007ff
CR0=00000011 CR2=00000000 CR3=00000000 CR4=00000000
DR0=00000000 DR1=00000000 DR2=00000000 DR3=00000000 
DR6=ffff0ff0 DR7=00000400
CCS=00000006 CCD=0000002a CCO=SBBB
EFER=0000000000000000
check_exception old: 0xffffffff new 0x6
   318: v=06 e=0000 i=0 cpl=0 IP=0010:0000001b pc=0000001b SP=0018:00104590 env->regs[R_EAX]=74223107
EAX=74223107 EBX=00010000 ECX=000003cd EDX=00000024
ESI=e987f000 EDI=00000000 EBP=00106ff8 ESP=00104590
EIP=0000001b EFL=00000006 [-----P-] CPL=0 II=0 A20=1 SMM=0 HLT=0
ES =0018 00000000 ffffffff 00cf9300 DPL=0 DS   [-WA]
CS =0010 00000000 ffffffff 00cf9a00 DPL=0 CS32 [-R-]
SS =0018 00000000 ffffffff 00cf9300 DPL=0 DS   [-WA]
DS =0018 00000000 ffffffff 00cf9300 DPL=0 DS   [-WA]
FS =0018 00000000 ffffffff 00cf9300 DPL=0 DS   [-WA]
GS =0018 00000000 ffffffff 00cf9300 DPL=0 DS   [-WA]
LDT=0000 00000000 0000ffff 00008200 DPL=0 LDT
TR =0000 00000000 0000ffff 00008b00 DPL=0 TSS32-busy
GDT=     000010b0 00000020
IDT=     00107020 000007ff
CR0=00000011 CR2=00000000 CR3=00000000 CR4=00000000
DR0=00000000 DR1=00000000 DR2=00000000 DR3=00000000 
DR6=ffff0ff0 DR7=00000400
CCS=00000006 CCD=00000024 CCO=SBBB
EFER=0000000000000000
check_exception old: 0xffffffff new 0x6
   319: v=06 e=0000 i=0 cpl=0 IP=0010:0000001b pc=0000001b SP=0018:0010456c env->regs[R_EAX]=56e62107
EAX=56e62107 EBX=00010000 ECX=000003cd EDX=0000001e
ESI=e987f000 EDI=00000000 EBP=00106ff8 ESP=0010456c
EIP=0000001b EFL=00000016 [----AP-] CPL=0 II=0 A20=1 SMM=0 HLT=0
ES =0018 00000000 ffffffff 00cf9300 DPL=0 DS   [-WA]
CS =0010 00000000 ffffffff 00cf9a00 DPL=0 CS32 [-R-]
SS =0018 00000000 ffffffff 00cf9300 DPL=0 DS   [-WA]
DS =0018 00000000 ffffffff 00cf9300 DPL=0 DS   [-WA]
FS =0018 00000000 ffffffff 00cf9300 DPL=0 DS   [-WA]
GS =0018 00000000 ffffffff 00cf9300 DPL=0 DS   [-WA]
LDT=0000 00000000 0000ffff 00008200 DPL=0 LDT
TR =0000 00000000 0000ffff 00008b00 DPL=0 TSS32-busy
GDT=     000010b0 00000020
IDT=     00107020 000007ff
CR0=00000011 CR2=00000000 CR3=00000000 CR4=00000000
DR0=00000000 DR1=00000000 DR2=00000000 DR3=00000000 
DR6=ffff0ff0 DR7=00000400
CCS=00000006 CCD=0000001e CCO=SBBB
EFER=0000000000000000
check_exception old: 0xffffffff new 0x6
   320: v=06 e=0000 i=0 cpl=0 IP=0010:0000001b pc=0000001b SP=0018:00104548 env->regs[R_EAX]=39aa1107
EAX=39aa1107 EBX=00010000 ECX=000003cd EDX=00000018
ESI=e987f000 EDI=00000000 EBP=00106ff8 ESP=00104548
EIP=0000001b EFL=00000006 [-----P-] CPL=0 II=0 A20=1 SMM=0 HLT=0
ES =0018 00000000 ffffffff 00cf9300 DPL=0 DS   [-WA]
CS =0010 00000000 ffffffff 00cf9a00 DPL=0 CS32 [-R-]
SS =0018 00000000 ffffffff 00cf9300 DPL=0 DS   [-WA]
DS =0018 00000000 ffffffff 00cf9300 DPL=0 DS   [-WA]
FS =0018 00000000 ffffffff 00cf9300 DPL=0 DS   [-WA]
GS =0018 00000000 ffffffff 00cf9300 DPL=0 DS   [-WA]
LDT=0000 00000000 0000ffff 00008200 DPL=0 LDT
TR =0000 00000000 0000ffff 00008b00 DPL=0 TSS32-busy
GDT=     000010b0 00000020
IDT=     00107020 000007ff
CR0=00000011 CR2=00000000 CR3=00000000 CR4=00000000
DR0=00000000 DR1=00000000 DR2=00000000 DR3=00000000 
DR6=ffff0ff0 DR7=00000400
CCS=00000006 CCD=00000018 CCO=SBBB
EFER=0000000000000000
check_exception old: 0xffffffff new 0x6
   321: v=06 e=0000 i=0 cpl=0 IP=0010:0000001b pc=0000001b SP=0018:0010452c env->regs[R_EAX]=1c6e0107
EAX=1c6e0107 EBX=0010452c ECX=000003cd EDX=00000012
ESI=e987f000 EDI=00000000 EBP=00106ff8 ESP=0010452c
EIP=0000001b EFL=00000006 [-----P-] CPL=0 II=0 A20=1 SMM=0 HLT=0
ES =0018 00000000 ffffffff 00cf9300 DPL=0 DS   [-WA]
CS =0010 00000000 ffffffff 00cf9a00 DPL=0 CS32 [-R-]
SS =0018 00000000 ffffffff 00cf9300 DPL=0 DS   [-WA]
DS =0018 00000000 ffffffff 00cf9300 DPL=0 DS   [-WA]
FS =0018 00000000 ffffffff 00cf9300 DPL=0 DS   [-WA]
GS =0018 00000000 ffffffff 00cf9300 DPL=0 DS   [-WA]
LDT=0000 00000000 0000ffff 00008200 DPL=0 LDT
TR =0000 00000000 0000ffff 00008b00 DPL=0 TSS32-busy
GDT=     000010b0 00000020
IDT=     00107020 000007ff
CR0=00000011 CR2=00000000 CR3=00000000 CR4=00000000
DR0=00000000 DR1=00000000 DR2=00000000 DR3=00000000 
DR6=ffff0ff0 DR7=00000400
CCS=00000006 CCD=00000012 CCO=SBBB
EFER=0000000000000000
check_exception old: 0xffffffff new 0x6
   322: v=06 e=0000 i=0 cpl=0 IP=0010:0000001b pc=0000001b SP=0018:00104510 env->regs[R_EAX]=ff31f107
EAX=ff31f107 EBX=00104510 ECX=000003cd EDX=0000000d
ESI=e987f000 EDI=00000000 EBP=00106ff8 ESP=00104510
EIP=0000001b EFL=00000012 [----A--] CPL=0 II=0 A20=1 SMM=0 HLT=0
ES =0018 00000000 ffffffff 00cf9300 DPL=0 DS   [-WA]
CS =0010 00000000 ffffffff 00cf9a00 DPL=0 CS32 [-R-]
SS =0018 00000000 ffffffff 00cf9300 DPL=0 DS   [-WA]
DS =0018 00000000 ffffffff 00cf9300 DPL=0 DS   [-WA]
FS =0018 00000000 ffffffff 00cf9300 DPL=0 DS   [-WA]
GS =0018 00000000 ffffffff 00cf9300 DPL=0 DS   [-WA]
LDT=0000 00000000 0000ffff 00008200 DPL=0 LDT
TR =0000 00000000 0000ffff 00008b00 DPL=0 TSS32-busy
GDT=     000010b0 00000020
IDT=     00107020 000007ff
CR0=00000011 CR2=00000000 CR3=00000000 CR4=00000000
DR0=00000000 DR1=00000000 DR2=00000000 DR3=00000000 
DR6=ffff0ff0 DR7=00000400
CCS=00000005 CCD=0000000d CCO=SBBB
EFER=0000000000000000
check_exception old: 0xffffffff new 0x6
   323: v=06 e=0000 i=0 cpl=0 IP=0010:0000001b pc=0000001b SP=0018:001044f0 env->regs[R_EAX]=e1f5e107
EAX=e1f5e107 EBX=001044f0 ECX=000003cd EDX=00000009
ESI=e987f000 EDI=00000000 EBP=00106ff8 ESP=001044f0
EIP=0000001b EFL=00000006 [-----P-] CPL=0 II=0 A20=1 SMM=0 HLT=0
ES =0018 00000000 ffffffff 00cf9300 DPL=0 DS   [-WA]
CS =0010 00000000 ffffffff 00cf9a00 DPL=0 CS32 [-R-]
SS =0018 00000000 ffffffff 00cf9300 DPL=0 DS   [-WA]
DS =0018 00000000 ffffffff 00cf9300 DPL=0 DS   [-WA]
FS =0018 00000000 ffffffff 00cf9300 DPL=0 DS   [-WA]
GS =0018 00000000 ffffffff 00cf9300 DPL=0 DS   [-WA]
LDT=0000 00000000 0000ffff 00008200 DPL=0 LDT
TR =0000 00000000 0000ffff 00008b00 DPL=0 TSS32-busy
GDT=     000010b0 00000020
IDT=     00107020 000007ff
CR0=00000011 CR2=00000000 CR3=00000000 CR4=00000000
DR0=00000000 DR1=00000000 DR2=00000000 DR3=00000000 
DR6=ffff0ff0 DR7=00000400
CCS=00000004 CCD=00000009 CCO=SBBB
EFER=0000000000000000
check_exception old: 0xffffffff new 0x6
   324: v=06 e=0000 i=0 cpl=0 IP=0010:0000001b pc=0000001b SP=0018:001044d0 env->regs[R_EAX]=cbb9d107
EAX=cbb9d107 EBX=001044d0 ECX=000003cd EDX=00000006
ESI=e987f000 EDI=00000000 EBP=00106ff8 ESP=001044d0
EIP=0000001b EFL=00000006 [-----P-] CPL=0 II=0 A20=1 SMM=0 HLT=0
ES =0018 00000000 ffffffff 00cf9300 DPL=0 DS   [-WA]
CS =0010 00000000 ffffffff 00cf9a00 DPL=0 CS32 [-R-]
SS =0018 00000000 ffffffff 00cf9300 DPL=0 DS   [-WA]
DS =0018 00000000 ffffffff 00cf9300 DPL=0 DS   [-WA]
FS =0018 00000000 ffffffff 00cf9300 DPL=0 DS   [-WA]
GS =0018 00000000 ffffffff 00cf9300 DPL=0 DS   [-WA]
LDT=0000 00000000 0000ffff 00008200 DPL=0 LDT
TR =0000 00000000 0000ffff 00008b00 DPL=0 TSS32-busy
GDT=     000010b0 00000020
IDT=     00107020 000007ff
CR0=00000011 CR2=00000000 CR3=00000000 CR4=00000000
DR0=00000000 DR1=00000000 DR2=00000000 DR3=00000000 
DR6=ffff0ff0 DR7=00000400
CCS=00000003 CCD=00000006 CCO=SBBB
EFER=0000000000000000
check_exception old: 0xffffffff new 0x6
   325: v=06 e=0000 i=0 cpl=0 IP=0010:0000001b pc=0000001b SP=0018:001044b0 env->regs[R_EAX]=b57dc10e
EAX=b57dc10e EBX=001044b0 ECX=000003cd EDX=00000004
ESI=e987f000 EDI=00000000 EBP=00106ff8 ESP=001044b0
EIP=0000001b EFL=00000002 [-------] CPL=0 II=0 A20=1 SMM=0 HLT=0
ES =0018 00000000 ffffffff 00cf9300 DPL=0 DS   [-WA]
CS =0010 00000000 ffffffff 00cf9a00 DPL=0 CS32 [-R-]
SS =0018 00000000 ffffffff 00cf9300 DPL=0 DS   [-WA]
DS =0018 00000000 ffffffff 00cf9300 DPL=0 DS   [-WA]
FS =0018 00000000 ffffffff 00cf9300 DPL=0 DS   [-WA]
GS =0018 00000000 ffffffff 00cf9300 DPL=0 DS   [-WA]
LDT=0000 00000000 0000ffff 00008200 DPL=0 LDT
TR =0000 00000000 0000ffff 00008b00 DPL=0 TSS32-busy
GDT=     000010b0 00000020
IDT=     00107020 000007ff
CR0=00000011 CR2=00000000 CR3=00000000 CR4=00000000
DR0=00000000 DR1=00000000 DR2=00000000 DR3=00000000 
DR6=ffff0ff0 DR7=00000400
CCS=00000002 CCD=00000004 CCO=SBBB
EFER=0000000000000000
check_exception old: 0xffffffff new 0x6
   326: v=06 e=0000 i=0 cpl=0 IP=0010:0000001b pc=0000001b SP=0018:001044b4 env->regs[R_EAX]=e9d434d7
EAX=e9d434d7 EBX=001044b4 ECX=001044d0 EDX=00000029
ESI=0000001b EDI=001044a4 EBP=00000010 ESP=001044b4
EIP=0000001b EFL=00000013 [----A-C] CPL=0 II=0 A20=1 SMM=0 HLT=0
ES =0018 00000000 ffffffff 00cf9300 DPL=0 DS   [-WA]
CS =0010 00000000 ffffffff 00cf9a00 DPL=0 CS32 [-R-]
SS =0018 00000000 ffffffff 00cf9300 DPL=0 DS   [-WA]
DS =0018 00000000 ffffffff 00cf9300 DPL=0 DS   [-WA]
FS =0018 00000000 ffffffff 00cf9300 DPL=0 DS   [-WA]
GS =0018 00000000 ffffffff 00cf9300 DPL=0 DS   [-WA]
LDT=0000 00000000 0000ffff 00008200 DPL=0 LDT
TR =0000 00000000 0000ffff 00008b00 DPL=0 TSS32-busy
GDT=     000010b0 00000020
IDT=     00107020 000007ff
CR0=00000011 CR2=00000000 CR3=00000000 CR4=00000000
DR0=00000000 DR1=00000000 DR2=00000000 DR3=00000000 
DR6=ffff0ff0 DR7=00000400
CCS=000000ef CCD=ffffff29 CCO=SBBB
EFER=0000000000000000
check_exception old: 0xffffffff new 0x6
   327: v=06 e=0000 i=0 cpl=0 IP=0010:0000001b pc=0000001b SP=0018:001044b8 env->regs[R_EAX]=e9d434cb
EAX=e9d434cb EBX=001044b8 ECX=001044d0 EDX=0000002a
ESI=0000001b EDI=001044a8 EBP=00000010 ESP=001044b8
EIP=0000001b EFL=00000013 [----A-C] CPL=0 II=0 A20=1 SMM=0 HLT=0
ES =0018 00000000 ffffffff 00cf9300 DPL=0 DS   [-WA]
CS =0010 00000000 ffffffff 00cf9a00 DPL=0 CS32 [-R-]
SS =0018 00000000 ffffffff 00cf9300 DPL=0 DS   [-WA]
DS =0018 00000000 ffffffff 00cf9300 DPL=0 DS   [-WA]
FS =0018 00000000 ffffffff 00cf9300 DPL=0 DS   [-WA]
GS =0018 00000000 ffffffff 00cf9300 DPL=0 DS   [-WA]
LDT=0000 00000000 0000ffff 00008200 DPL=0 LDT
TR =0000 00000000 0000ffff 00008b00 DPL=0 TSS32-busy
GDT=     000010b0 00000020
IDT=     00107020 000007ff
CR0=00000011 CR2=00000000 CR3=00000000 CR4=00000000
DR0=00000000 DR1=00000000 DR2=00000000 DR3=00000000 
DR6=ffff0ff0 DR7=00000400
CCS=000000ee CCD=ffffff2a CCO=SBBB
EFER=0000000000000000
check_exception old: 0xffffffff new 0x6
   328: v=06 e=0000 i=0 cpl=0 IP=0010:0000001b pc=0000001b SP=0018:001044bc env->regs[R_EAX]=e9c3f022
EAX=e9c3f022 EBX=001044bc ECX=001044d0 EDX=0000002b
ESI=0000001b EDI=001044ac EBP=00000010 ESP=001044bc
EIP=0000001b EFL=00000017 [----APC] CPL=0 II=0 A20=1 SMM=0 HLT=0
ES =0018 00000000 ffffffff 00cf9300 DPL=0 DS   [-WA]
CS =0010 00000000 ffffffff 00cf9a00 DPL=0 CS32 [-R-]
SS =0018 00000000 ffffffff 00cf9300 DPL=0 DS   [-WA]
DS =0018 00000000 ffffffff 00cf9300 DPL=0 DS   [-WA]
FS =0018 00000000 ffffffff 00cf9300 DPL=0 DS   [-WA]
GS =0018 00000000 ffffffff 00cf9300 DPL=0 DS   [-WA]
LDT=0000 00000000 0000ffff 00008200 DPL=0 LDT
TR =0000 00000000 0000ffff 00008b00 DPL=0 TSS32-busy
GDT=     000010b0 00000020
IDT=     00107020 000007ff
CR0=00000011 CR2=00000000 CR3=00000000 CR4=00000000
DR0=00000000 DR1=00000000 DR2=00000000 DR3=00000000 
DR6=ffff0ff0 DR7=00000400
CCS=000000ed CCD=ffffff2b CCO=SBBB
EFER=0000000000000000
check_exception old: 0xffffffff new 0x6
   329: v=06 e=0000 i=0 cpl=0 IP=0010:0000001b pc=0000001b SP=0018:001044c0 env->regs[R_EAX]=e9c3f017
EAX=e9c3f017 EBX=001044c0 ECX=001044d0 EDX=0000002c
ESI=0000001b EDI=001044b0 EBP=00000010 ESP=001044c0
EIP=0000001b EFL=00000013 [----A-C] CPL=0 II=0 A20=1 SMM=0 HLT=0
ES =0018 00000000 ffffffff 00cf9300 DPL=0 DS   [-WA]
CS =0010 00000000 ffffffff 00cf9a00 DPL=0 CS32 [-R-]
SS =0018 00000000 ffffffff 00cf9300 DPL=0 DS   [-WA]
DS =0018 00000000 ffffffff 00cf9300 DPL=0 DS   [-WA]
FS =0018 00000000 ffffffff 00cf9300 DPL=0 DS   [-WA]
GS =0018 00000000 ffffffff 00cf9300 DPL=0 DS   [-WA]
LDT=0000 00000000 0000ffff 00008200 DPL=0 LDT
TR =0000 00000000 0000ffff 00008b00 DPL=0 TSS32-busy
GDT=     000010b0 00000020
IDT=     00107020 000007ff
CR0=00000011 CR2=00000000 CR3=00000000 CR4=00000000
DR0=00000000 DR1=00000000 DR2=00000000 DR3=00000000 
DR6=ffff0ff0 DR7=00000400
CCS=000000ec CCD=ffffff2c CCO=SBBB
EFER=0000000000000000
check_exception old: 0xffffffff new 0x6
   330: v=06 e=0000 i=0 cpl=0 IP=0010:0000001b pc=0000001b SP=0018:001044c4 env->regs[R_EAX]=e9c3f00d
EAX=e9c3f00d EBX=001044c4 ECX=001044d0 EDX=0000002d
ESI=0000001b EDI=001044b4 EBP=00000010 ESP=001044c4
EIP=0000001b EFL=00000017 [----APC] CPL=0 II=0 A20=1 SMM=0 HLT=0
ES =0018 00000000 ffffffff 00cf9300 DPL=0 DS   [-WA]
CS =0010 00000000 ffffffff 00cf9a00 DPL=0 CS32 [-R-]
SS =0018 00000000 ffffffff 00cf9300 DPL=0 DS   [-WA]
DS =0018 00000000 ffffffff 00cf9300 DPL=0 DS   [-WA]
FS =0018 00000000 ffffffff 00cf9300 DPL=0 DS   [-WA]
GS =0018 00000000 ffffffff 00cf9300 DPL=0 DS   [-WA]
LDT=0000 00000000 0000ffff 00008200 DPL=0 LDT
TR =0000 00000000 0000ffff 00008b00 DPL=0 TSS32-busy
GDT=     000010b0 00000020
IDT=     00107020 000007ff
CR0=00000011 CR2=00000000 CR3=00000000 CR4=00000000
DR0=00000000 DR1=00000000 DR2=00000000 DR3=00000000 
DR6=ffff0ff0 DR7=00000400
CCS=000000eb CCD=ffffff2d CCO=SBBB
EFER=0000000000000000
check_exception old: 0xffffffff new 0x6
   331: v=06 e=0000 i=0 cpl=0 IP=0010:0000001b pc=0000001b SP=0018:001044c8 env->regs[R_EAX]=e9d434f2
EAX=e9d434f2 EBX=001044c8 ECX=001044d0 EDX=00000049
ESI=0000001b EDI=001044b8 EBP=00000010 ESP=001044c8
EIP=0000001b EFL=00000013 [----A-C] CPL=0 II=0 A20=1 SMM=0 HLT=0
ES =0018 00000000 ffffffff 00cf9300 DPL=0 DS   [-WA]
CS =0010 00000000 ffffffff 00cf9a00 DPL=0 CS32 [-R-]
SS =0018 00000000 ffffffff 00cf9300 DPL=0 DS   [-WA]
DS =0018 00000000 ffffffff 00cf9300 DPL=0 DS   [-WA]
FS =0018 00000000 ffffffff 00cf9300 DPL=0 DS   [-WA]
GS =0018 00000000 ffffffff 00cf9300 DPL=0 DS   [-WA]
LDT=0000 00000000 0000ffff 00008200 DPL=0 LDT
TR =0000 00000000 0000ffff 00008b00 DPL=0 TSS32-busy
GDT=     000010b0 00000020
IDT=     00107020 000007ff
CR0=00000011 CR2=00000000 CR3=00000000 CR4=00000000
DR0=00000000 DR1=00000000 DR2=00000000 DR3=00000000 
DR6=ffff0ff0 DR7=00000400
CCS=000000cf CCD=ffffff49 CCO=SBBB
EFER=0000000000000000
check_exception old: 0xffffffff new 0x6
   332: v=06 e=0000 i=0 cpl=0 IP=0010:0000001b pc=0000001b SP=0018:001044cc env->regs[R_EAX]=e9c3f01f
EAX=e9c3f01f EBX=001044cc ECX=001044cf EDX=00000019
ESI=0000001b EDI=001044bc EBP=00000010 ESP=001044cc
EIP=0000001b EFL=00000013 [----A-C] CPL=0 II=0 A20=1 SMM=0 HLT=0
ES =0018 00000000 ffffffff 00cf9300 DPL=0 DS   [-WA]
CS =0010 00000000 ffffffff 00cf9a00 DPL=0 CS32 [-R-]
SS =0018 00000000 ffffffff 00cf9300 DPL=0 DS   [-WA]
DS =0018 00000000 ffffffff 00cf9300 DPL=0 DS   [-WA]
FS =0018 00000000 ffffffff 00cf9300 DPL=0 DS   [-WA]
GS =0018 00000000 ffffffff 00cf9300 DPL=0 DS   [-WA]
LDT=0000 00000000 0000ffff 00008200 DPL=0 LDT
TR =0000 00000000 0000ffff 00008b00 DPL=0 TSS32-busy
GDT=     000010b0 00000020
IDT=     00107020 000007ff
CR0=00000011 CR2=00000000 CR3=00000000 CR4=00000000
DR0=00000000 DR1=00000000 DR2=00000000 DR3=00000000 
DR6=ffff0ff0 DR7=00000400
CCS=000000ff CCD=ffffff19 CCO=SBBB
EFER=0000000000000000
check_exception old: 0xffffffff new 0x6
   333: v=06 e=0000 i=0 cpl=0 IP=0010:0000001b pc=0000001b SP=0018:001044d0 env->regs[R_EAX]=e9d434f7
EAX=e9d434f7 EBX=001044d0 ECX=001044d0 EDX=00000017
ESI=0000001b EDI=001044c0 EBP=00000010 ESP=001044d0
EIP=0000001b EFL=00000086 [--S--P-] CPL=0 II=0 A20=1 SMM=0 HLT=0
ES =0018 00000000 ffffffff 00cf9300 DPL=0 DS   [-WA]
CS =0010 00000000 ffffffff 00cf9a00 DPL=0 CS32 [-R-]
SS =0018 00000000 ffffffff 00cf9300 DPL=0 DS   [-WA]
DS =0018 00000000 ffffffff 00cf9300 DPL=0 DS   [-WA]
FS =0018 00000000 ffffffff 00cf9300 DPL=0 DS   [-WA]
GS =0018 00000000 ffffffff 00cf9300 DPL=0 DS   [-WA]
LDT=0000 00000000 0000ffff 00008200 DPL=0 LDT
TR =0000 00000000 0000ffff 00008b00 DPL=0 TSS32-busy
GDT=     000010b0 00000020
IDT=     00107020 000007ff
CR0=00000011 CR2=00000000 CR3=00000000 CR4=00000000
DR0=00000000 DR1=00000000 DR2=00000000 DR3=00000000 
DR6=ffff0ff0 DR7=00000400
CCS=00000017 CCD=ff1044b8 CCO=SUBL
EFER=0000000000000000
check_exception old: 0xffffffff new 0x6
   334: v=06 e=0000 i=0 cpl=0 IP=0010:0000001b pc=0000001b SP=0018:001044d0 env->regs[R_EAX]=e9d434f7
EAX=e9d434f7 EBX=ff1044cf ECX=ff1044d0 EDX=00000018
ESI=0000001b EDI=001044c4 EBP=00000010 ESP=001044d0
EIP=0000001b EFL=00000097 [--S-APC] CPL=0 II=0 A20=1 SMM=0 HLT=0
ES =0018 00000000 ffffffff 00cf9300 DPL=0 DS   [-WA]
CS =0010 00000000 ffffffff 00cf9a00 DPL=0 CS32 [-R-]
SS =0018 00000000 ffffffff 00cf9300 DPL=0 DS   [-WA]
DS =0018 00000000 ffffffff 00cf9300 DPL=0 DS   [-WA]
FS =0018 00000000 ffffffff 00cf9300 DPL=0 DS   [-WA]
GS =0018 00000000 ffffffff 00cf9300 DPL=0 DS   [-WA]
LDT=0000 00000000 0000ffff 00008200 DPL=0 LDT
TR =0000 00000000 0000ffff 00008b00 DPL=0 TSS32-busy
GDT=     000010b0 00000020
IDT=     00107020 000007ff
CR0=00000011 CR2=00000000 CR3=00000000 CR4=00000000
DR0=00000000 DR1=00000000 DR2=00000000 DR3=00000000 
DR6=ffff0ff0 DR7=00000400
CCS=00000018 CCD=ffffffe8 CCO=SUBL
EFER=0000000000000000
check_exception old: 0xffffffff new 0x6
   335: v=06 e=0000 i=0 cpl=0 IP=0010:0000001b pc=0000001b SP=0018:001044d0 env->regs[R_EAX]=e8d4345e
EAX=e8d4345e EBX=001044d4 ECX=00000018 EDX=ff1044cf
ESI=0000001b EDI=001044c4 EBP=00000010 ESP=001044d0
EIP=0000001b EFL=00000097 [--S-APC] CPL=0 II=0 A20=1 SMM=0 HLT=0
ES =0018 00000000 ffffffff 00cf9300 DPL=0 DS   [-WA]
CS =0010 00000000 ffffffff 00cf9a00 DPL=0 CS32 [-R-]
SS =0018 00000000 ffffffff 00cf9300 DPL=0 DS   [-WA]
DS =0018 00000000 ffffffff 00cf9300 DPL=0 DS   [-WA]
FS =0018 00000000 ffffffff 00cf9300 DPL=0 DS   [-WA]
GS =0018 00000000 ffffffff 00cf9300 DPL=0 DS   [-WA]
LDT=0000 00000000 0000ffff 00008200 DPL=0 LDT
TR =0000 00000000 0000ffff 00008b00 DPL=0 TSS32-busy
GDT=     000010b0 00000020
IDT=     00107020 000007ff
CR0=00000011 CR2=00000000 CR3=00000000 CR4=00000000
DR0=00000000 DR1=00000000 DR2=00000000 DR3=00000000 
DR6=ffff0ff0 DR7=00000400
CCS=ff1044cf CCD=f200f482 CCO=SUBL
EFER=0000000000000000
check_exception old: 0xffffffff new 0x6
   336: v=06 e=0000 i=0 cpl=0 IP=0010:0000001b pc=0000001b SP=0018:001044d0 env->regs[R_EAX]=e9d43463
EAX=e9d43463 EBX=001044d4 ECX=00000018 EDX=001044d4
ESI=0000001b EDI=001044c4 EBP=00000010 ESP=001044d0
EIP=0000001b EFL=00000092 [--S-A--] CPL=0 II=0 A20=1 SMM=0 HLT=0
ES =0018 00000000 ffffffff 00cf9300 DPL=0 DS   [-WA]
CS =0010 00000000 ffffffff 00cf9a00 DPL=0 CS32 [-R-]
SS =0018 00000000 ffffffff 00cf9300 DPL=0 DS   [-WA]
DS =0018 00000000 ffffffff 00cf9300 DPL=0 DS   [-WA]
FS =0018 00000000 ffffffff 00cf9300 DPL=0 DS   [-WA]
GS =0018 00000000 ffffffff 00cf9300 DPL=0 DS   [-WA]
LDT=0000 00000000 0000ffff 00008200 DPL=0 LDT
TR =0000 00000000 0000ffff 00008b00 DPL=0 TSS32-busy
GDT=     000010b0 00000020
IDT=     00107020 000007ff
CR0=00000011 CR2=00000000 CR3=00000000 CR4=00000000
DR0=00000000 DR1=00000000 DR2=00000000 DR3=00000000 
DR6=ffff0ff0 DR7=00000400
CCS=001044d4 CCD=f100f47c CCO=SUBL
EFER=0000000000000000
check_exception old: 0xffffffff new 0x6
   337: v=06 e=0000 i=0 cpl=0 IP=0010:0000001b pc=0000001b SP=0018:001044d0 env->regs[R_EAX]=e9d43463
EAX=e9d43463 EBX=001044d4 ECX=00000018 EDX=00104437
ESI=0000001b EDI=001044c4 EBP=00000010 ESP=001044d0
EIP=0000001b EFL=00000086 [--S--P-] CPL=0 II=0 A20=1 SMM=0 HLT=0
ES =0018 00000000 ffffffff 00cf9300 DPL=0 DS   [-WA]
CS =0010 00000000 ffffffff 00cf9a00 DPL=0 CS32 [-R-]
SS =0018 00000000 ffffffff 00cf9300 DPL=0 DS   [-WA]
DS =0018 00000000 ffffffff 00cf9300 DPL=0 DS   [-WA]
FS =0018 00000000 ffffffff 00cf9300 DPL=0 DS   [-WA]
GS =0018 00000000 ffffffff 00cf9300 DPL=0 DS   [-WA]
LDT=0000 00000000 0000ffff 00008200 DPL=0 LDT
TR =0000 00000000 0000ffff 00008b00 DPL=0 TSS32-busy
GDT=     000010b0 00000020
IDT=     00107020 000007ff
CR0=00000011 CR2=00000000 CR3=00000000 CR4=00000000
DR0=00000000 DR1=00000000 DR2=00000000 DR3=00000000 
DR6=ffff0ff0 DR7=00000400
CCS=00104437 CCD=f100f518 CCO=SUBL
EFER=0000000000000000
check_exception old: 0xffffffff new 0x6
   338: v=06 e=0000 i=0 cpl=0 IP=0010:0000001b pc=0000001b SP=0018:001044d0 env->regs[R_EAX]=e9d43463
EAX=e9d43463 EBX=001044d4 ECX=00000018 EDX=001044d4
ESI=0000001b EDI=001044c4 EBP=00000010 ESP=001044d0
EIP=0000001b EFL=00000082 [--S----] CPL=0 II=0 A20=1 SMM=0 HLT=0
ES =0018 00000000 ffffffff 00cf9300 DPL=0 DS   [-WA]
CS =0010 00000000 ffffffff 00cf9a00 DPL=0 CS32 [-R-]
SS =0018 00000000 ffffffff 00cf9300 DPL=0 DS   [-WA]
DS =0018 00000000 ffffffff 00cf9300 DPL=0 DS   [-WA]
FS =0018 00000000 ffffffff 00cf9300 DPL=0 DS   [-WA]
GS =0018 00000000 ffffffff 00cf9300 DPL=0 DS   [-WA]
LDT=0000 00000000 0000ffff 00008200 DPL=0 LDT
TR =0000 00000000 0000ffff 00008b00 DPL=0 TSS32-busy
GDT=     000010b0 00000020
IDT=     00107020 000007ff
CR0=00000011 CR2=00000000 CR3=00000000 CR4=00000000
DR0=00000000 DR1=00000000 DR2=00000000 DR3=00000000 
DR6=ffff0ff0 DR7=00000400
CCS=001044d4 CCD=f100f47a CCO=SUBL
EFER=0000000000000000
check_exception old: 0xffffffff new 0x6
   339: v=06 e=0000 i=0 cpl=0 IP=0010:0000001b pc=0000001b SP=0018:001044d0 env->regs[R_EAX]=e9d43463
EAX=e9d43463 EBX=001044d4 ECX=00000018 EDX=00104437
ESI=0000001b EDI=001044c4 EBP=00000010 ESP=001044d0
EIP=0000001b EFL=00000082 [--S----] CPL=0 II=0 A20=1 SMM=0 HLT=0
ES =0018 00000000 ffffffff 00cf9300 DPL=0 DS   [-WA]
CS =0010 00000000 ffffffff 00cf9a00 DPL=0 CS32 [-R-]
SS =0018 00000000 ffffffff 00cf9300 DPL=0 DS   [-WA]
DS =0018 00000000 ffffffff 00cf9300 DPL=0 DS   [-WA]
FS =0018 00000000 ffffffff 00cf9300 DPL=0 DS   [-WA]
GS =0018 00000000 ffffffff 00cf9300 DPL=0 DS   [-WA]
LDT=0000 00000000 0000ffff 00008200 DPL=0 LDT
TR =0000 00000000 0000ffff 00008b00 DPL=0 TSS32-busy
GDT=     000010b0 00000020
IDT=     00107020 000007ff
CR0=00000011 CR2=00000000 CR3=00000000 CR4=00000000
DR0=00000000 DR1=00000000 DR2=00000000 DR3=00000000 
DR6=ffff0ff0 DR7=00000400
CCS=00104437 CCD=f100f516 CCO=SUBL
EFER=0000000000000000
check_exception old: 0xffffffff new 0x6
   340: v=06 e=0000 i=0 cpl=0 IP=0010:0000001b pc=0000001b SP=0018:001044d0 env->regs[R_EAX]=e9d43463
EAX=e9d43463 EBX=001044d4 ECX=00000018 EDX=001044d4
ESI=0000001b EDI=001044c4 EBP=00000010 ESP=001044d0
EIP=0000001b EFL=00000086 [--S--P-] CPL=0 II=0 A20=1 SMM=0 HLT=0
ES =0018 00000000 ffffffff 00cf9300 DPL=0 DS   [-WA]
CS =0010 00000000 ffffffff 00cf9a00 DPL=0 CS32 [-R-]
SS =0018 00000000 ffffffff 00cf9300 DPL=0 DS   [-WA]
DS =0018 00000000 ffffffff 00cf9300 DPL=0 DS   [-WA]
FS =0018 00000000 ffffffff 00cf9300 DPL=0 DS   [-WA]
GS =0018 00000000 ffffffff 00cf9300 DPL=0 DS   [-WA]
LDT=0000 00000000 0000ffff 00008200 DPL=0 LDT
TR =0000 00000000 0000ffff 00008b00 DPL=0 TSS32-busy
GDT=     000010b0 00000020
IDT=     00107020 000007ff
CR0=00000011 CR2=00000000 CR3=00000000 CR4=00000000
DR0=00000000 DR1=00000000 DR2=00000000 DR3=00000000 
DR6=ffff0ff0 DR7=00000400
CCS=001044d4 CCD=f100f478 CCO=SUBL
EFER=0000000000000000
check_exception old: 0xffffffff new 0x6
   341: v=06 e=0000 i=0 cpl=0 IP=0010:0000001b pc=0000001b SP=0018:001044d0 env->regs[R_EAX]=e9d43463
EAX=e9d43463 EBX=001044d4 ECX=00000018 EDX=00104437
ESI=0000001b EDI=001044c4 EBP=00000010 ESP=001044d0
EIP=0000001b EFL=00000086 [--S--P-] CPL=0 II=0 A20=1 SMM=0 HLT=0
ES =0018 00000000 ffffffff 00cf9300 DPL=0 DS   [-WA]
CS =0010 00000000 ffffffff 00cf9a00 DPL=0 CS32 [-R-]
SS =0018 00000000 ffffffff 00cf9300 DPL=0 DS   [-WA]
DS =0018 00000000 ffffffff 00cf9300 DPL=0 DS   [-WA]
FS =0018 00000000 ffffffff 00cf9300 DPL=0 DS   [-WA]
GS =0018 00000000 ffffffff 00cf9300 DPL=0 DS   [-WA]
LDT=0000 00000000 0000ffff 00008200 DPL=0 LDT
TR =0000 00000000 0000ffff 00008b00 DPL=0 TSS32-busy
GDT=     000010b0 00000020
IDT=     00107020 000007ff
CR0=00000011 CR2=00000000 CR3=00000000 CR4=00000000
DR0=00000000 DR1=00000000 DR2=00000000 DR3=00000000 
DR6=ffff0ff0 DR7=00000400
CCS=00104437 CCD=f100f514 CCO=SUBL
EFER=0000000000000000
check_exception old: 0xffffffff new 0x6
   342: v=06 e=0000 i=0 cpl=0 IP=0010:0000001b pc=0000001b SP=0018:001044d0 env->regs[R_EAX]=e9d43463
EAX=e9d43463 EBX=001044d4 ECX=00000018 EDX=001044d4
ESI=0000001b EDI=001044c4 EBP=00000010 ESP=001044d0
EIP=0000001b EFL=00000082 [--S----] CPL=0 II=0 A20=1 SMM=0 HLT=0
ES =0018 00000000 ffffffff 00cf9300 DPL=0 DS   [-WA]
CS =0010 00000000 ffffffff 00cf9a00 DPL=0 CS32 [-R-]
SS =0018 00000000 ffffffff 00cf9300 DPL=0 DS   [-WA]
DS =0018 00000000 ffffffff 00cf9300 DPL=0 DS   [-WA]
FS =0018 00000000 ffffffff 00cf9300 DPL=0 DS   [-WA]
GS =0018 00000000 ffffffff 00cf9300 DPL=0 DS   [-WA]
LDT=0000 00000000 0000ffff 00008200 DPL=0 LDT
TR =0000 00000000 0000ffff 00008b00 DPL=0 TSS32-busy
GDT=     000010b0 00000020
IDT=     00107020 000007ff
CR0=00000011 CR2=00000000 CR3=00000000 CR4=00000000
DR0=00000000 DR1=00000000 DR2=00000000 DR3=00000000 
DR6=ffff0ff0 DR7=00000400
CCS=001044d4 CCD=f100f476 CCO=SUBL
EFER=0000000000000000
check_exception old: 0xffffffff new 0x6
   343: v=06 e=0000 i=0 cpl=0 IP=0010:0000001b pc=0000001b SP=0018:001044d0 env->regs[R_EAX]=e9d43463
EAX=e9d43463 EBX=001044d4 ECX=00000018 EDX=00104437
ESI=0000001b EDI=001044c4 EBP=00000010 ESP=001044d0
EIP=0000001b EFL=00000086 [--S--P-] CPL=0 II=0 A20=1 SMM=0 HLT=0
ES =0018 00000000 ffffffff 00cf9300 DPL=0 DS   [-WA]
CS =0010 00000000 ffffffff 00cf9a00 DPL=0 CS32 [-R-]
SS =0018 00000000 ffffffff 00cf9300 DPL=0 DS   [-WA]
DS =0018 00000000 ffffffff 00cf9300 DPL=0 DS   [-WA]
FS =0018 00000000 ffffffff 00cf9300 DPL=0 DS   [-WA]
GS =0018 00000000 ffffffff 00cf9300 DPL=0 DS   [-WA]
LDT=0000 00000000 0000ffff 00008200 DPL=0 LDT
TR =0000 00000000 0000ffff 00008b00 DPL=0 TSS32-busy
GDT=     000010b0 00000020
IDT=     00107020 000007ff
CR0=00000011 CR2=00000000 CR3=00000000 CR4=00000000
DR0=00000000 DR1=00000000 DR2=00000000 DR3=00000000 
DR6=ffff0ff0 DR7=00000400
CCS=00104437 CCD=f100f512 CCO=SUBL
EFER=0000000000000000
check_exception old: 0xffffffff new 0x6
   344: v=06 e=0000 i=0 cpl=0 IP=0010:0000001b pc=0000001b SP=0018:001044d0 env->regs[R_EAX]=e9d43463
EAX=e9d43463 EBX=001044d4 ECX=00000018 EDX=001044d4
ESI=0000001b EDI=001044c4 EBP=00000010 ESP=001044d0
EIP=0000001b EFL=00000086 [--S--P-] CPL=0 II=0 A20=1 SMM=0 HLT=0
ES =0018 00000000 ffffffff 00cf9300 DPL=0 DS   [-WA]
CS =0010 00000000 ffffffff 00cf9a00 DPL=0 CS32 [-R-]
SS =0018 00000000 ffffffff 00cf9300 DPL=0 DS   [-WA]
DS =0018 00000000 ffffffff 00cf9300 DPL=0 DS   [-WA]
FS =0018 00000000 ffffffff 00cf9300 DPL=0 DS   [-WA]
GS =0018 00000000 ffffffff 00cf9300 DPL=0 DS   [-WA]
LDT=0000 00000000 0000ffff 00008200 DPL=0 LDT
TR =0000 00000000 0000ffff 00008b00 DPL=0 TSS32-busy
GDT=     000010b0 00000020
IDT=     00107020 000007ff
CR0=00000011 CR2=00000000 CR3=00000000 CR4=00000000
DR0=00000000 DR1=00000000 DR2=00000000 DR3=00000000 
DR6=ffff0ff0 DR7=00000400
CCS=001044d4 CCD=f100f474 CCO=SUBL
EFER=0000000000000000
check_exception old: 0xffffffff new 0x6
   345: v=06 e=0000 i=0 cpl=0 IP=0010:0000001b pc=0000001b SP=0018:001044d0 env->regs[R_EAX]=e9d43463
EAX=e9d43463 EBX=001044d4 ECX=00000018 EDX=00104437
ESI=0000001b EDI=001044c4 EBP=00000010 ESP=001044d0
EIP=0000001b EFL=00000082 [--S----] CPL=0 II=0 A20=1 SMM=0 HLT=0
ES =0018 00000000 ffffffff 00cf9300 DPL=0 DS   [-WA]
CS =0010 00000000 ffffffff 00cf9a00 DPL=0 CS32 [-R-]
SS =0018 00000000 ffffffff 00cf9300 DPL=0 DS   [-WA]
DS =0018 00000000 ffffffff 00cf9300 DPL=0 DS   [-WA]
FS =0018 00000000 ffffffff 00cf9300 DPL=0 DS   [-WA]
GS =0018 00000000 ffffffff 00cf9300 DPL=0 DS   [-WA]
LDT=0000 00000000 0000ffff 00008200 DPL=0 LDT
TR =0000 00000000 0000ffff 00008b00 DPL=0 TSS32-busy
GDT=     000010b0 00000020
IDT=     00107020 000007ff
CR0=00000011 CR2=00000000 CR3=00000000 CR4=00000000
DR0=00000000 DR1=00000000 DR2=00000000 DR3=00000000 
DR6=ffff0ff0 DR7=00000400
CCS=00104437 CCD=f100f510 CCO=SUBL
EFER=0000000000000000
check_exception old: 0xffffffff new 0x6
   346: v=06 e=0000 i=0 cpl=0 IP=0010:0000001b pc=0000001b SP=0018:001044d0 env->regs[R_EAX]=e9d43463
EAX=e9d43463 EBX=001044d4 ECX=00000018 EDX=001044d4
ESI=0000001b EDI=001044c4 EBP=00000010 ESP=001044d0
EIP=0000001b EFL=00000086 [--S--P-] CPL=0 II=0 A20=1 SMM=0 HLT=0
ES =0018 00000000 ffffffff 00cf9300 DPL=0 DS   [-WA]
CS =0010 00000000 ffffffff 00cf9a00 DPL=0 CS32 [-R-]
SS =0018 00000000 ffffffff 00cf9300 DPL=0 DS   [-WA]
DS =0018 00000000 ffffffff 00cf9300 DPL=0 DS   [-WA]
FS =0018 00000000 ffffffff 00cf9300 DPL=0 DS   [-WA]
GS =0018 00000000 ffffffff 00cf9300 DPL=0 DS   [-WA]
LDT=0000 00000000 0000ffff 00008200 DPL=0 LDT
TR =0000 00000000 0000ffff 00008b00 DPL=0 TSS32-busy
GDT=     000010b0 00000020
IDT=     00107020 000007ff
CR0=00000011 CR2=00000000 CR3=00000000 CR4=00000000
DR0=00000000 DR1=00000000 DR2=00000000 DR3=00000000 
DR6=ffff0ff0 DR7=00000400
CCS=001044d4 CCD=f100f472 CCO=SUBL
EFER=0000000000000000
check_exception old: 0xffffffff new 0x6
   347: v=06 e=0000 i=0 cpl=0 IP=0010:0000001b pc=0000001b SP=0018:001044d0 env->regs[R_EAX]=e9d43463
EAX=e9d43463 EBX=001044d4 ECX=00000018 EDX=00104437
ESI=0000001b EDI=001044c4 EBP=00000010 ESP=001044d0
EIP=0000001b EFL=00000092 [--S-A--] CPL=0 II=0 A20=1 SMM=0 HLT=0
ES =0018 00000000 ffffffff 00cf9300 DPL=0 DS   [-WA]
CS =0010 00000000 ffffffff 00cf9a00 DPL=0 CS32 [-R-]
SS =0018 00000000 ffffffff 00cf9300 DPL=0 DS   [-WA]
DS =0018 00000000 ffffffff 00cf9300 DPL=0 DS   [-WA]
FS =0018 00000000 ffffffff 00cf9300 DPL=0 DS   [-WA]
GS =0018 00000000 ffffffff 00cf9300 DPL=0 DS   [-WA]
LDT=0000 00000000 0000ffff 00008200 DPL=0 LDT
TR =0000 00000000 0000ffff 00008b00 DPL=0 TSS32-busy
GDT=     000010b0 00000020
IDT=     00107020 000007ff
CR0=00000011 CR2=00000000 CR3=00000000 CR4=00000000
DR0=00000000 DR1=00000000 DR2=00000000 DR3=00000000 
DR6=ffff0ff0 DR7=00000400
CCS=00104437 CCD=f100f50e CCO=SUBL
EFER=0000000000000000
check_exception old: 0xffffffff new 0x6
   348: v=06 e=0000 i=0 cpl=0 IP=0010:0000001b pc=0000001b SP=0018:001044d0 env->regs[R_EAX]=e9d43463
EAX=e9d43463 EBX=001044d4 ECX=00000018 EDX=001044d4
ESI=0000001b EDI=001044c4 EBP=00000010 ESP=001044d0
EIP=0000001b EFL=00000082 [--S----] CPL=0 II=0 A20=1 SMM=0 HLT=0
ES =0018 00000000 ffffffff 00cf9300 DPL=0 DS   [-WA]
CS =0010 00000000 ffffffff 00cf9a00 DPL=0 CS32 [-R-]
SS =0018 00000000 ffffffff 00cf9300 DPL=0 DS   [-WA]
DS =0018 00000000 ffffffff 00cf9300 DPL=0 DS   [-WA]
FS =0018 00000000 ffffffff 00cf9300 DPL=0 DS   [-WA]
GS =0018 00000000 ffffffff 00cf9300 DPL=0 DS   [-WA]
LDT=0000 00000000 0000ffff 00008200 DPL=0 LDT
TR =0000 00000000 0000ffff 00008b00 DPL=0 TSS32-busy
GDT=     000010b0 00000020
IDT=     00107020 000007ff
CR0=00000011 CR2=00000000 CR3=00000000 CR4=00000000
DR0=00000000 DR1=00000000 DR2=00000000 DR3=00000000 
DR6=ffff0ff0 DR7=00000400
CCS=001044d4 CCD=f100f470 CCO=SUBL
EFER=0000000000000000
check_exception old: 0xffffffff new 0x6
   349: v=06 e=0000 i=0 cpl=0 IP=0010:0000001b pc=0000001b SP=0018:001044d0 env->regs[R_EAX]=e9d43463
EAX=e9d43463 EBX=001044d4 ECX=00000018 EDX=00104437
ESI=0000001b EDI=001044c4 EBP=00000010 ESP=001044d0
EIP=0000001b EFL=00000096 [--S-AP-] CPL=0 II=0 A20=1 SMM=0 HLT=0
ES =0018 00000000 ffffffff 00cf9300 DPL=0 DS   [-WA]
CS =0010 00000000 ffffffff 00cf9a00 DPL=0 CS32 [-R-]
SS =0018 00000000 ffffffff 00cf9300 DPL=0 DS   [-WA]
DS =0018 00000000 ffffffff 00cf9300 DPL=0 DS   [-WA]
FS =0018 00000000 ffffffff 00cf9300 DPL=0 DS   [-WA]
GS =0018 00000000 ffffffff 00cf9300 DPL=0 DS   [-WA]
LDT=0000 00000000 0000ffff 00008200 DPL=0 LDT
TR =0000 00000000 0000ffff 00008b00 DPL=0 TSS32-busy
GDT=     000010b0 00000020
IDT=     00107020 000007ff
CR0=00000011 CR2=00000000 CR3=00000000 CR4=00000000
DR0=00000000 DR1=00000000 DR2=00000000 DR3=00000000 
DR6=ffff0ff0 DR7=00000400
CCS=00104437 CCD=f100f50c CCO=SUBL
EFER=0000000000000000
check_exception old: 0xffffffff new 0x6
   350: v=06 e=0000 i=0 cpl=0 IP=0010:0000001b pc=0000001b SP=0018:001044d0 env->regs[R_EAX]=e9d43463
EAX=e9d43463 EBX=001044d4 ECX=00000018 EDX=001044d4
ESI=0000001b EDI=001044c4 EBP=00000010 ESP=001044d0
EIP=0000001b EFL=00000092 [--S-A--] CPL=0 II=0 A20=1 SMM=0 HLT=0
ES =0018 00000000 ffffffff 00cf9300 DPL=0 DS   [-WA]
CS =0010 00000000 ffffffff 00cf9a00 DPL=0 CS32 [-R-]
SS =0018 00000000 ffffffff 00cf9300 DPL=0 DS   [-WA]
DS =0018 00000000 ffffffff 00cf9300 DPL=0 DS   [-WA]
FS =0018 00000000 ffffffff 00cf9300 DPL=0 DS   [-WA]
GS =0018 00000000 ffffffff 00cf9300 DPL=0 DS   [-WA]
LDT=0000 00000000 0000ffff 00008200 DPL=0 LDT
TR =0000 00000000 0000ffff 00008b00 DPL=0 TSS32-busy
GDT=     000010b0 00000020
IDT=     00107020 000007ff
CR0=00000011 CR2=00000000 CR3=00000000 CR4=00000000
DR0=00000000 DR1=00000000 DR2=00000000 DR3=00000000 
DR6=ffff0ff0 DR7=00000400
CCS=001044d4 CCD=f100f46e CCO=SUBL
EFER=0000000000000000
check_exception old: 0xffffffff new 0x6
   351: v=06 e=0000 i=0 cpl=0 IP=0010:0000001b pc=0000001b SP=0018:001044d0 env->regs[R_EAX]=e9d43463
EAX=e9d43463 EBX=001044d4 ECX=00000018 EDX=00104437
ESI=0000001b EDI=001044c4 EBP=00000010 ESP=001044d0
EIP=0000001b EFL=00000096 [--S-AP-] CPL=0 II=0 A20=1 SMM=0 HLT=0
ES =0018 00000000 ffffffff 00cf9300 DPL=0 DS   [-WA]
CS =0010 00000000 ffffffff 00cf9a00 DPL=0 CS32 [-R-]
SS =0018 00000000 ffffffff 00cf9300 DPL=0 DS   [-WA]
DS =0018 00000000 ffffffff 00cf9300 DPL=0 DS   [-WA]
FS =0018 00000000 ffffffff 00cf9300 DPL=0 DS   [-WA]
GS =0018 00000000 ffffffff 00cf9300 DPL=0 DS   [-WA]
LDT=0000 00000000 0000ffff 00008200 DPL=0 LDT
TR =0000 00000000 0000ffff 00008b00 DPL=0 TSS32-busy
GDT=     000010b0 00000020
IDT=     00107020 000007ff
CR0=00000011 CR2=00000000 CR3=00000000 CR4=00000000
DR0=00000000 DR1=00000000 DR2=00000000 DR3=00000000 
DR6=ffff0ff0 DR7=00000400
CCS=00104437 CCD=f100f50a CCO=SUBL
EFER=0000000000000000
check_exception old: 0xffffffff new 0x6
   352: v=06 e=0000 i=0 cpl=0 IP=0010:0000001b pc=0000001b SP=0018:001044d0 env->regs[R_EAX]=e9d43463
EAX=e9d43463 EBX=001044d4 ECX=00000018 EDX=001044d4
ESI=0000001b EDI=001044c4 EBP=00000010 ESP=001044d0
EIP=0000001b EFL=00000096 [--S-AP-] CPL=0 II=0 A20=1 SMM=0 HLT=0
ES =0018 00000000 ffffffff 00cf9300 DPL=0 DS   [-WA]
CS =0010 00000000 ffffffff 00cf9a00 DPL=0 CS32 [-R-]
SS =0018 00000000 ffffffff 00cf9300 DPL=0 DS   [-WA]
DS =0018 00000000 ffffffff 00cf9300 DPL=0 DS   [-WA]
FS =0018 00000000 ffffffff 00cf9300 DPL=0 DS   [-WA]
GS =0018 00000000 ffffffff 00cf9300 DPL=0 DS   [-WA]
LDT=0000 00000000 0000ffff 00008200 DPL=0 LDT
TR =0000 00000000 0000ffff 00008b00 DPL=0 TSS32-busy
GDT=     000010b0 00000020
IDT=     00107020 000007ff
CR0=00000011 CR2=00000000 CR3=00000000 CR4=00000000
DR0=00000000 DR1=00000000 DR2=00000000 DR3=00000000 
DR6=ffff0ff0 DR7=00000400
CCS=001044d4 CCD=f100f46c CCO=SUBL
EFER=0000000000000000
check_exception old: 0xffffffff new 0x6
   353: v=06 e=0000 i=0 cpl=0 IP=0010:0000001b pc=0000001b SP=0018:001044d0 env->regs[R_EAX]=e9d43463
EAX=e9d43463 EBX=001044d4 ECX=00000018 EDX=00104437
ESI=0000001b EDI=001044c4 EBP=00000010 ESP=001044d0
EIP=0000001b EFL=00000082 [--S----] CPL=0 II=0 A20=1 SMM=0 HLT=0
ES =0018 00000000 ffffffff 00cf9300 DPL=0 DS   [-WA]
CS =0010 00000000 ffffffff 00cf9a00 DPL=0 CS32 [-R-]
SS =0018 00000000 ffffffff 00cf9300 DPL=0 DS   [-WA]
DS =0018 00000000 ffffffff 00cf9300 DPL=0 DS   [-WA]
FS =0018 00000000 ffffffff 00cf9300 DPL=0 DS   [-WA]
GS =0018 00000000 ffffffff 00cf9300 DPL=0 DS   [-WA]
LDT=0000 00000000 0000ffff 00008200 DPL=0 LDT
TR =0000 00000000 0000ffff 00008b00 DPL=0 TSS32-busy
GDT=     000010b0 00000020
IDT=     00107020 000007ff
CR0=00000011 CR2=00000000 CR3=00000000 CR4=00000000
DR0=00000000 DR1=00000000 DR2=00000000 DR3=00000000 
DR6=ffff0ff0 DR7=00000400
CCS=00104437 CCD=f100f508 CCO=SUBL
EFER=0000000000000000
check_exception old: 0xffffffff new 0x6
   354: v=06 e=0000 i=0 cpl=0 IP=0010:0000001b pc=0000001b SP=0018:001044d0 env->regs[R_EAX]=e9d43463
EAX=e9d43463 EBX=001044d4 ECX=00000018 EDX=001044d4
ESI=0000001b EDI=001044c4 EBP=00000010 ESP=001044d0
EIP=0000001b EFL=00000086 [--S--P-] CPL=0 II=0 A20=1 SMM=0 HLT=0
ES =0018 00000000 ffffffff 00cf9300 DPL=0 DS   [-WA]
CS =0010 00000000 ffffffff 00cf9a00 DPL=0 CS32 [-R-]
SS =0018 00000000 ffffffff 00cf9300 DPL=0 DS   [-WA]
DS =0018 00000000 ffffffff 00cf9300 DPL=0 DS   [-WA]
FS =0018 00000000 ffffffff 00cf9300 DPL=0 DS   [-WA]
GS =0018 00000000 ffffffff 00cf9300 DPL=0 DS   [-WA]
LDT=0000 00000000 0000ffff 00008200 DPL=0 LDT
TR =0000 00000000 0000ffff 00008b00 DPL=0 TSS32-busy
GDT=     000010b0 00000020
IDT=     00107020 000007ff
CR0=00000011 CR2=00000000 CR3=00000000 CR4=00000000
DR0=00000000 DR1=00000000 DR2=00000000 DR3=00000000 
DR6=ffff0ff0 DR7=00000400
CCS=001044d4 CCD=f100f46a CCO=SUBL
EFER=0000000000000000
check_exception old: 0xffffffff new 0x6
   355: v=06 e=0000 i=0 cpl=0 IP=0010:0000001b pc=0000001b SP=0018:001044d0 env->regs[R_EAX]=e9d43463
EAX=e9d43463 EBX=001044d4 ECX=00000018 EDX=00104437
ESI=0000001b EDI=001044c4 EBP=00000010 ESP=001044d0
EIP=0000001b EFL=00000086 [--S--P-] CPL=0 II=0 A20=1 SMM=0 HLT=0
ES =0018 00000000 ffffffff 00cf9300 DPL=0 DS   [-WA]
CS =0010 00000000 ffffffff 00cf9a00 DPL=0 CS32 [-R-]
SS =0018 00000000 ffffffff 00cf9300 DPL=0 DS   [-WA]
DS =0018 00000000 ffffffff 00cf9300 DPL=0 DS   [-WA]
FS =0018 00000000 ffffffff 00cf9300 DPL=0 DS   [-WA]
GS =0018 00000000 ffffffff 00cf9300 DPL=0 DS   [-WA]
LDT=0000 00000000 0000ffff 00008200 DPL=0 LDT
TR =0000 00000000 0000ffff 00008b00 DPL=0 TSS32-busy
GDT=     000010b0 00000020
IDT=     00107020 000007ff
CR0=00000011 CR2=00000000 CR3=00000000 CR4=00000000
DR0=00000000 DR1=00000000 DR2=00000000 DR3=00000000 
DR6=ffff0ff0 DR7=00000400
CCS=00104437 CCD=f100f506 CCO=SUBL
EFER=0000000000000000
check_exception old: 0xffffffff new 0x6
   356: v=06 e=0000 i=0 cpl=0 IP=0010:0000001b pc=0000001b SP=0018:001044d0 env->regs[R_EAX]=e9d43463
EAX=e9d43463 EBX=001044d4 ECX=00000018 EDX=001044d4
ESI=0000001b EDI=001044c4 EBP=00000010 ESP=001044d0
EIP=0000001b EFL=00000082 [--S----] CPL=0 II=0 A20=1 SMM=0 HLT=0
ES =0018 00000000 ffffffff 00cf9300 DPL=0 DS   [-WA]
CS =0010 00000000 ffffffff 00cf9a00 DPL=0 CS32 [-R-]
SS =0018 00000000 ffffffff 00cf9300 DPL=0 DS   [-WA]
DS =0018 00000000 ffffffff 00cf9300 DPL=0 DS   [-WA]
FS =0018 00000000 ffffffff 00cf9300 DPL=0 DS   [-WA]
GS =0018 00000000 ffffffff 00cf9300 DPL=0 DS   [-WA]
LDT=0000 00000000 0000ffff 00008200 DPL=0 LDT
TR =0000 00000000 0000ffff 00008b00 DPL=0 TSS32-busy
GDT=     000010b0 00000020
IDT=     00107020 000007ff
CR0=00000011 CR2=00000000 CR3=00000000 CR4=00000000
DR0=00000000 DR1=00000000 DR2=00000000 DR3=00000000 
DR6=ffff0ff0 DR7=00000400
CCS=001044d4 CCD=f100f468 CCO=SUBL
EFER=0000000000000000
check_exception old: 0xffffffff new 0x6
   357: v=06 e=0000 i=0 cpl=0 IP=0010:0000001b pc=0000001b SP=0018:001044d0 env->regs[R_EAX]=e9d43463
EAX=e9d43463 EBX=001044d4 ECX=00000018 EDX=00104437
ESI=0000001b EDI=001044c4 EBP=00000010 ESP=001044d0
EIP=0000001b EFL=00000082 [--S----] CPL=0 II=0 A20=1 SMM=0 HLT=0
ES =0018 00000000 ffffffff 00cf9300 DPL=0 DS   [-WA]
CS =0010 00000000 ffffffff 00cf9a00 DPL=0 CS32 [-R-]
SS =0018 00000000 ffffffff 00cf9300 DPL=0 DS   [-WA]
DS =0018 00000000 ffffffff 00cf9300 DPL=0 DS   [-WA]
FS =0018 00000000 ffffffff 00cf9300 DPL=0 DS   [-WA]
GS =0018 00000000 ffffffff 00cf9300 DPL=0 DS   [-WA]
LDT=0000 00000000 0000ffff 00008200 DPL=0 LDT
TR =0000 00000000 0000ffff 00008b00 DPL=0 TSS32-busy
GDT=     000010b0 00000020
IDT=     00107020 000007ff
CR0=00000011 CR2=00000000 CR3=00000000 CR4=00000000
DR0=00000000 DR1=00000000 DR2=00000000 DR3=00000000 
DR6=ffff0ff0 DR7=00000400
CCS=00104437 CCD=f100f504 CCO=SUBL
EFER=0000000000000000
check_exception old: 0xffffffff new 0x6
   358: v=06 e=0000 i=0 cpl=0 IP=0010:0000001b pc=0000001b SP=0018:001044d0 env->regs[R_EAX]=e9d43463
EAX=e9d43463 EBX=001044d4 ECX=00000018 EDX=001044d4
ESI=0000001b EDI=001044c4 EBP=00000010 ESP=001044d0
EIP=0000001b EFL=00000086 [--S--P-] CPL=0 II=0 A20=1 SMM=0 HLT=0
ES =0018 00000000 ffffffff 00cf9300 DPL=0 DS   [-WA]
CS =0010 00000000 ffffffff 00cf9a00 DPL=0 CS32 [-R-]
SS =0018 00000000 ffffffff 00cf9300 DPL=0 DS   [-WA]
DS =0018 00000000 ffffffff 00cf9300 DPL=0 DS   [-WA]
FS =0018 00000000 ffffffff 00cf9300 DPL=0 DS   [-WA]
GS =0018 00000000 ffffffff 00cf9300 DPL=0 DS   [-WA]
LDT=0000 00000000 0000ffff 00008200 DPL=0 LDT
TR =0000 00000000 0000ffff 00008b00 DPL=0 TSS32-busy
GDT=     000010b0 00000020
IDT=     00107020 000007ff
CR0=00000011 CR2=00000000 CR3=00000000 CR4=00000000
DR0=00000000 DR1=00000000 DR2=00000000 DR3=00000000 
DR6=ffff0ff0 DR7=00000400
CCS=001044d4 CCD=f100f466 CCO=SUBL
EFER=0000000000000000
check_exception old: 0xffffffff new 0x6
   359: v=06 e=0000 i=0 cpl=0 IP=0010:0000001b pc=0000001b SP=0018:001044d0 env->regs[R_EAX]=e9d43463
EAX=e9d43463 EBX=001044d4 ECX=00000018 EDX=00104437
ESI=0000001b EDI=001044c4 EBP=00000010 ESP=001044d0
EIP=0000001b EFL=00000082 [--S----] CPL=0 II=0 A20=1 SMM=0 HLT=0
ES =0018 00000000 ffffffff 00cf9300 DPL=0 DS   [-WA]
CS =0010 00000000 ffffffff 00cf9a00 DPL=0 CS32 [-R-]
SS =0018 00000000 ffffffff 00cf9300 DPL=0 DS   [-WA]
DS =0018 00000000 ffffffff 00cf9300 DPL=0 DS   [-WA]
FS =0018 00000000 ffffffff 00cf9300 DPL=0 DS   [-WA]
GS =0018 00000000 ffffffff 00cf9300 DPL=0 DS   [-WA]
LDT=0000 00000000 0000ffff 00008200 DPL=0 LDT
TR =0000 00000000 0000ffff 00008b00 DPL=0 TSS32-busy
GDT=     000010b0 00000020
IDT=     00107020 000007ff
CR0=00000011 CR2=00000000 CR3=00000000 CR4=00000000
DR0=00000000 DR1=00000000 DR2=00000000 DR3=00000000 
DR6=ffff0ff0 DR7=00000400
CCS=00104437 CCD=f100f502 CCO=SUBL
EFER=0000000000000000
check_exception old: 0xffffffff new 0x6
   360: v=06 e=0000 i=0 cpl=0 IP=0010:0000001b pc=0000001b SP=0018:001044d0 env->regs[R_EAX]=e9d43463
EAX=e9d43463 EBX=001044d4 ECX=00000018 EDX=001044d4
ESI=0000001b EDI=001044c4 EBP=00000010 ESP=001044d0
EIP=0000001b EFL=00000082 [--S----] CPL=0 II=0 A20=1 SMM=0 HLT=0
ES =0018 00000000 ffffffff 00cf9300 DPL=0 DS   [-WA]
CS =0010 00000000 ffffffff 00cf9a00 DPL=0 CS32 [-R-]
SS =0018 00000000 ffffffff 00cf9300 DPL=0 DS   [-WA]
DS =0018 00000000 ffffffff 00cf9300 DPL=0 DS   [-WA]
FS =0018 00000000 ffffffff 00cf9300 DPL=0 DS   [-WA]
GS =0018 00000000 ffffffff 00cf9300 DPL=0 DS   [-WA]
LDT=0000 00000000 0000ffff 00008200 DPL=0 LDT
TR =0000 00000000 0000ffff 00008b00 DPL=0 TSS32-busy
GDT=     000010b0 00000020
IDT=     00107020 000007ff
CR0=00000011 CR2=00000000 CR3=00000000 CR4=00000000
DR0=00000000 DR1=00000000 DR2=00000000 DR3=00000000 
DR6=ffff0ff0 DR7=00000400
CCS=001044d4 CCD=f100f464 CCO=SUBL
EFER=0000000000000000
check_exception old: 0xffffffff new 0x6
   361: v=06 e=0000 i=0 cpl=0 IP=0010:0000001b pc=0000001b SP=0018:001044d0 env->regs[R_EAX]=e9d43463
EAX=e9d43463 EBX=001044d4 ECX=00000018 EDX=00104437
ESI=0000001b EDI=001044c4 EBP=00000010 ESP=001044d0
EIP=0000001b EFL=00000086 [--S--P-] CPL=0 II=0 A20=1 SMM=0 HLT=0
ES =0018 00000000 ffffffff 00cf9300 DPL=0 DS   [-WA]
CS =0010 00000000 ffffffff 00cf9a00 DPL=0 CS32 [-R-]
SS =0018 00000000 ffffffff 00cf9300 DPL=0 DS   [-WA]
DS =0018 00000000 ffffffff 00cf9300 DPL=0 DS   [-WA]
FS =0018 00000000 ffffffff 00cf9300 DPL=0 DS   [-WA]
GS =0018 00000000 ffffffff 00cf9300 DPL=0 DS   [-WA]
LDT=0000 00000000 0000ffff 00008200 DPL=0 LDT
TR =0000 00000000 0000ffff 00008b00 DPL=0 TSS32-busy
GDT=     000010b0 00000020
IDT=     00107020 000007ff
CR0=00000011 CR2=00000000 CR3=00000000 CR4=00000000
DR0=00000000 DR1=00000000 DR2=00000000 DR3=00000000 
DR6=ffff0ff0 DR7=00000400
CCS=00104437 CCD=f100f500 CCO=SUBL
EFER=0000000000000000
check_exception old: 0xffffffff new 0x6
   362: v=06 e=0000 i=0 cpl=0 IP=0010:0000001b pc=0000001b SP=0018:001044d0 env->regs[R_EAX]=e9d43463
EAX=e9d43463 EBX=001044d4 ECX=00000018 EDX=001044d4
ESI=0000001b EDI=001044c4 EBP=00000010 ESP=001044d0
EIP=0000001b EFL=00000082 [--S----] CPL=0 II=0 A20=1 SMM=0 HLT=0
ES =0018 00000000 ffffffff 00cf9300 DPL=0 DS   [-WA]
CS =0010 00000000 ffffffff 00cf9a00 DPL=0 CS32 [-R-]
SS =0018 00000000 ffffffff 00cf9300 DPL=0 DS   [-WA]
DS =0018 00000000 ffffffff 00cf9300 DPL=0 DS   [-WA]
FS =0018 00000000 ffffffff 00cf9300 DPL=0 DS   [-WA]
GS =0018 00000000 ffffffff 00cf9300 DPL=0 DS   [-WA]
LDT=0000 00000000 0000ffff 00008200 DPL=0 LDT
TR =0000 00000000 0000ffff 00008b00 DPL=0 TSS32-busy
GDT=     000010b0 00000020
IDT=     00107020 000007ff
CR0=00000011 CR2=00000000 CR3=00000000 CR4=00000000
DR0=00000000 DR1=00000000 DR2=00000000 DR3=00000000 
DR6=ffff0ff0 DR7=00000400
CCS=001044d4 CCD=f100f462 CCO=SUBL
EFER=0000000000000000
check_exception old: 0xffffffff new 0x6
   363: v=06 e=0000 i=0 cpl=0 IP=0010:0000001b pc=0000001b SP=0018:001044d0 env->regs[R_EAX]=e9d43463
EAX=e9d43463 EBX=001044d4 ECX=00000018 EDX=00104437
ESI=0000001b EDI=001044c4 EBP=00000010 ESP=001044d0
EIP=0000001b EFL=00000092 [--S-A--] CPL=0 II=0 A20=1 SMM=0 HLT=0
ES =0018 00000000 ffffffff 00cf9300 DPL=0 DS   [-WA]
CS =0010 00000000 ffffffff 00cf9a00 DPL=0 CS32 [-R-]
SS =0018 00000000 ffffffff 00cf9300 DPL=0 DS   [-WA]
DS =0018 00000000 ffffffff 00cf9300 DPL=0 DS   [-WA]
FS =0018 00000000 ffffffff 00cf9300 DPL=0 DS   [-WA]
GS =0018 00000000 ffffffff 00cf9300 DPL=0 DS   [-WA]
LDT=0000 00000000 0000ffff 00008200 DPL=0 LDT
TR =0000 00000000 0000ffff 00008b00 DPL=0 TSS32-busy
GDT=     000010b0 00000020
IDT=     00107020 000007ff
CR0=00000011 CR2=00000000 CR3=00000000 CR4=00000000
DR0=00000000 DR1=00000000 DR2=00000000 DR3=00000000 
DR6=ffff0ff0 DR7=00000400
CCS=00104437 CCD=f100f4fe CCO=SUBL
EFER=0000000000000000
check_exception old: 0xffffffff new 0x6
   364: v=06 e=0000 i=0 cpl=0 IP=0010:0000001b pc=0000001b SP=0018:001044d0 env->regs[R_EAX]=e9d43463
EAX=e9d43463 EBX=001044d4 ECX=00000018 EDX=001044d4
ESI=0000001b EDI=001044c4 EBP=00000010 ESP=001044d0
EIP=0000001b EFL=00000086 [--S--P-] CPL=0 II=0 A20=1 SMM=0 HLT=0
ES =0018 00000000 ffffffff 00cf9300 DPL=0 DS   [-WA]
CS =0010 00000000 ffffffff 00cf9a00 DPL=0 CS32 [-R-]
SS =0018 00000000 ffffffff 00cf9300 DPL=0 DS   [-WA]
DS =0018 00000000 ffffffff 00cf9300 DPL=0 DS   [-WA]
FS =0018 00000000 ffffffff 00cf9300 DPL=0 DS   [-WA]
GS =0018 00000000 ffffffff 00cf9300 DPL=0 DS   [-WA]
LDT=0000 00000000 0000ffff 00008200 DPL=0 LDT
TR =0000 00000000 0000ffff 00008b00 DPL=0 TSS32-busy
GDT=     000010b0 00000020
IDT=     00107020 000007ff
CR0=00000011 CR2=00000000 CR3=00000000 CR4=00000000
DR0=00000000 DR1=00000000 DR2=00000000 DR3=00000000 
DR6=ffff0ff0 DR7=00000400
CCS=001044d4 CCD=f100f460 CCO=SUBL
EFER=0000000000000000
check_exception old: 0xffffffff new 0x6
   365: v=06 e=0000 i=0 cpl=0 IP=0010:0000001b pc=0000001b SP=0018:001044d0 env->regs[R_EAX]=e9d43463
EAX=e9d43463 EBX=001044d4 ECX=00000018 EDX=00104437
ESI=0000001b EDI=001044c4 EBP=00000010 ESP=001044d0
EIP=0000001b EFL=00000096 [--S-AP-] CPL=0 II=0 A20=1 SMM=0 HLT=0
ES =0018 00000000 ffffffff 00cf9300 DPL=0 DS   [-WA]
CS =0010 00000000 ffffffff 00cf9a00 DPL=0 CS32 [-R-]
SS =0018 00000000 ffffffff 00cf9300 DPL=0 DS   [-WA]
DS =0018 00000000 ffffffff 00cf9300 DPL=0 DS   [-WA]
FS =0018 00000000 ffffffff 00cf9300 DPL=0 DS   [-WA]
GS =0018 00000000 ffffffff 00cf9300 DPL=0 DS   [-WA]
LDT=0000 00000000 0000ffff 00008200 DPL=0 LDT
TR =0000 00000000 0000ffff 00008b00 DPL=0 TSS32-busy
GDT=     000010b0 00000020
IDT=     00107020 000007ff
CR0=00000011 CR2=00000000 CR3=00000000 CR4=00000000
DR0=00000000 DR1=00000000 DR2=00000000 DR3=00000000 
DR6=ffff0ff0 DR7=00000400
CCS=00104437 CCD=f100f4fc CCO=SUBL
EFER=0000000000000000
check_exception old: 0xffffffff new 0x6
   366: v=06 e=0000 i=0 cpl=0 IP=0010:0000001b pc=0000001b SP=0018:001044d0 env->regs[R_EAX]=e9d43463
EAX=e9d43463 EBX=001044d4 ECX=00000018 EDX=001044d4
ESI=0000001b EDI=001044c4 EBP=00000010 ESP=001044d0
EIP=0000001b EFL=00000092 [--S-A--] CPL=0 II=0 A20=1 SMM=0 HLT=0
ES =0018 00000000 ffffffff 00cf9300 DPL=0 DS   [-WA]
CS =0010 00000000 ffffffff 00cf9a00 DPL=0 CS32 [-R-]
SS =0018 00000000 ffffffff 00cf9300 DPL=0 DS   [-WA]
DS =0018 00000000 ffffffff 00cf9300 DPL=0 DS   [-WA]
FS =0018 00000000 ffffffff 00cf9300 DPL=0 DS   [-WA]
GS =0018 00000000 ffffffff 00cf9300 DPL=0 DS   [-WA]
LDT=0000 00000000 0000ffff 00008200 DPL=0 LDT
TR =0000 00000000 0000ffff 00008b00 DPL=0 TSS32-busy
GDT=     000010b0 00000020
IDT=     00107020 000007ff
CR0=00000011 CR2=00000000 CR3=00000000 CR4=00000000
DR0=00000000 DR1=00000000 DR2=00000000 DR3=00000000 
DR6=ffff0ff0 DR7=00000400
CCS=001044d4 CCD=f100f45e CCO=SUBL
EFER=0000000000000000
check_exception old: 0xffffffff new 0x6
   367: v=06 e=0000 i=0 cpl=0 IP=0010:0000001b pc=0000001b SP=0018:001044d0 env->regs[R_EAX]=e9d43463
EAX=e9d43463 EBX=001044d4 ECX=00000018 EDX=00104437
ESI=0000001b EDI=001044c4 EBP=00000010 ESP=001044d0
EIP=0000001b EFL=00000096 [--S-AP-] CPL=0 II=0 A20=1 SMM=0 HLT=0
ES =0018 00000000 ffffffff 00cf9300 DPL=0 DS   [-WA]
CS =0010 00000000 ffffffff 00cf9a00 DPL=0 CS32 [-R-]
SS =0018 00000000 ffffffff 00cf9300 DPL=0 DS   [-WA]
DS =0018 00000000 ffffffff 00cf9300 DPL=0 DS   [-WA]
FS =0018 00000000 ffffffff 00cf9300 DPL=0 DS   [-WA]
GS =0018 00000000 ffffffff 00cf9300 DPL=0 DS   [-WA]
LDT=0000 00000000 0000ffff 00008200 DPL=0 LDT
TR =0000 00000000 0000ffff 00008b00 DPL=0 TSS32-busy
GDT=     000010b0 00000020
IDT=     00107020 000007ff
CR0=00000011 CR2=00000000 CR3=00000000 CR4=00000000
DR0=00000000 DR1=00000000 DR2=00000000 DR3=00000000 
DR6=ffff0ff0 DR7=00000400
CCS=00104437 CCD=f100f4fa CCO=SUBL
EFER=0000000000000000
check_exception old: 0xffffffff new 0x6
   368: v=06 e=0000 i=0 cpl=0 IP=0010:0000001b pc=0000001b SP=0018:001044d0 env->regs[R_EAX]=e9d43463
EAX=e9d43463 EBX=001044d4 ECX=00000018 EDX=001044d4
ESI=0000001b EDI=001044c4 EBP=00000010 ESP=001044d0
EIP=0000001b EFL=00000096 [--S-AP-] CPL=0 II=0 A20=1 SMM=0 HLT=0
ES =0018 00000000 ffffffff 00cf9300 DPL=0 DS   [-WA]
CS =0010 00000000 ffffffff 00cf9a00 DPL=0 CS32 [-R-]
SS =0018 00000000 ffffffff 00cf9300 DPL=0 DS   [-WA]
DS =0018 00000000 ffffffff 00cf9300 DPL=0 DS   [-WA]
FS =0018 00000000 ffffffff 00cf9300 DPL=0 DS   [-WA]
GS =0018 00000000 ffffffff 00cf9300 DPL=0 DS   [-WA]
LDT=0000 00000000 0000ffff 00008200 DPL=0 LDT
TR =0000 00000000 0000ffff 00008b00 DPL=0 TSS32-busy
GDT=     000010b0 00000020
IDT=     00107020 000007ff
CR0=00000011 CR2=00000000 CR3=00000000 CR4=00000000
DR0=00000000 DR1=00000000 DR2=00000000 DR3=00000000 
DR6=ffff0ff0 DR7=00000400
CCS=001044d4 CCD=f100f45c CCO=SUBL
EFER=0000000000000000
check_exception old: 0xffffffff new 0x6
   369: v=06 e=0000 i=0 cpl=0 IP=0010:0000001b pc=0000001b SP=0018:001044d0 env->regs[R_EAX]=e9d43463
EAX=e9d43463 EBX=001044d4 ECX=00000018 EDX=00104437
ESI=0000001b EDI=001044c4 EBP=00000010 ESP=001044d0
EIP=0000001b EFL=00000082 [--S----] CPL=0 II=0 A20=1 SMM=0 HLT=0
ES =0018 00000000 ffffffff 00cf9300 DPL=0 DS   [-WA]
CS =0010 00000000 ffffffff 00cf9a00 DPL=0 CS32 [-R-]
SS =0018 00000000 ffffffff 00cf9300 DPL=0 DS   [-WA]
DS =0018 00000000 ffffffff 00cf9300 DPL=0 DS   [-WA]
FS =0018 00000000 ffffffff 00cf9300 DPL=0 DS   [-WA]
GS =0018 00000000 ffffffff 00cf9300 DPL=0 DS   [-WA]
LDT=0000 00000000 0000ffff 00008200 DPL=0 LDT
TR =0000 00000000 0000ffff 00008b00 DPL=0 TSS32-busy
GDT=     000010b0 00000020
IDT=     00107020 000007ff
CR0=00000011 CR2=00000000 CR3=00000000 CR4=00000000
DR0=00000000 DR1=00000000 DR2=00000000 DR3=00000000 
DR6=ffff0ff0 DR7=00000400
CCS=00104437 CCD=f100f4f8 CCO=SUBL
EFER=0000000000000000
check_exception old: 0xffffffff new 0x6
   370: v=06 e=0000 i=0 cpl=0 IP=0010:0000001b pc=0000001b SP=0018:001044d0 env->regs[R_EAX]=e9d43463
EAX=e9d43463 EBX=001044d4 ECX=00000018 EDX=001044d4
ESI=0000001b EDI=001044c4 EBP=00000010 ESP=001044d0
EIP=0000001b EFL=00000086 [--S--P-] CPL=0 II=0 A20=1 SMM=0 HLT=0
ES =0018 00000000 ffffffff 00cf9300 DPL=0 DS   [-WA]
CS =0010 00000000 ffffffff 00cf9a00 DPL=0 CS32 [-R-]
SS =0018 00000000 ffffffff 00cf9300 DPL=0 DS   [-WA]
DS =0018 00000000 ffffffff 00cf9300 DPL=0 DS   [-WA]
FS =0018 00000000 ffffffff 00cf9300 DPL=0 DS   [-WA]
GS =0018 00000000 ffffffff 00cf9300 DPL=0 DS   [-WA]
LDT=0000 00000000 0000ffff 00008200 DPL=0 LDT
TR =0000 00000000 0000ffff 00008b00 DPL=0 TSS32-busy
GDT=     000010b0 00000020
IDT=     00107020 000007ff
CR0=00000011 CR2=00000000 CR3=00000000 CR4=00000000
DR0=00000000 DR1=00000000 DR2=00000000 DR3=00000000 
DR6=ffff0ff0 DR7=00000400
CCS=001044d4 CCD=f100f45a CCO=SUBL
EFER=0000000000000000
check_exception old: 0xffffffff new 0x6
   371: v=06 e=0000 i=0 cpl=0 IP=0010:0000001b pc=0000001b SP=0018:001044d0 env->regs[R_EAX]=e9d43463
EAX=e9d43463 EBX=001044d4 ECX=00000018 EDX=00104437
ESI=0000001b EDI=001044c4 EBP=00000010 ESP=001044d0
EIP=0000001b EFL=00000086 [--S--P-] CPL=0 II=0 A20=1 SMM=0 HLT=0
ES =0018 00000000 ffffffff 00cf9300 DPL=0 DS   [-WA]
CS =0010 00000000 ffffffff 00cf9a00 DPL=0 CS32 [-R-]
SS =0018 00000000 ffffffff 00cf9300 DPL=0 DS   [-WA]
DS =0018 00000000 ffffffff 00cf9300 DPL=0 DS   [-WA]
FS =0018 00000000 ffffffff 00cf9300 DPL=0 DS   [-WA]
GS =0018 00000000 ffffffff 00cf9300 DPL=0 DS   [-WA]
LDT=0000 00000000 0000ffff 00008200 DPL=0 LDT
TR =0000 00000000 0000ffff 00008b00 DPL=0 TSS32-busy
GDT=     000010b0 00000020
IDT=     00107020 000007ff
CR0=00000011 CR2=00000000 CR3=00000000 CR4=00000000
DR0=00000000 DR1=00000000 DR2=00000000 DR3=00000000 
DR6=ffff0ff0 DR7=00000400
CCS=00104437 CCD=f100f4f6 CCO=SUBL
EFER=0000000000000000
check_exception old: 0xffffffff new 0x6
   372: v=06 e=0000 i=0 cpl=0 IP=0010:0000001b pc=0000001b SP=0018:001044d0 env->regs[R_EAX]=e9d43463
EAX=e9d43463 EBX=001044d4 ECX=00000018 EDX=001044d4
ESI=0000001b EDI=001044c4 EBP=00000010 ESP=001044d0
EIP=0000001b EFL=00000082 [--S----] CPL=0 II=0 A20=1 SMM=0 HLT=0
ES =0018 00000000 ffffffff 00cf9300 DPL=0 DS   [-WA]
CS =0010 00000000 ffffffff 00cf9a00 DPL=0 CS32 [-R-]
SS =0018 00000000 ffffffff 00cf9300 DPL=0 DS   [-WA]
DS =0018 00000000 ffffffff 00cf9300 DPL=0 DS   [-WA]
FS =0018 00000000 ffffffff 00cf9300 DPL=0 DS   [-WA]
GS =0018 00000000 ffffffff 00cf9300 DPL=0 DS   [-WA]
LDT=0000 00000000 0000ffff 00008200 DPL=0 LDT
TR =0000 00000000 0000ffff 00008b00 DPL=0 TSS32-busy
GDT=     000010b0 00000020
IDT=     00107020 000007ff
CR0=00000011 CR2=00000000 CR3=00000000 CR4=00000000
DR0=00000000 DR1=00000000 DR2=00000000 DR3=00000000 
DR6=ffff0ff0 DR7=00000400
CCS=001044d4 CCD=f100f458 CCO=SUBL
EFER=0000000000000000
check_exception old: 0xffffffff new 0x6
   373: v=06 e=0000 i=0 cpl=0 IP=0010:0000001b pc=0000001b SP=0018:001044d0 env->regs[R_EAX]=e9d43463
EAX=e9d43463 EBX=001044d4 ECX=00000018 EDX=00104437
ESI=0000001b EDI=001044c4 EBP=00000010 ESP=001044d0
EIP=0000001b EFL=00000082 [--S----] CPL=0 II=0 A20=1 SMM=0 HLT=0
ES =0018 00000000 ffffffff 00cf9300 DPL=0 DS   [-WA]
CS =0010 00000000 ffffffff 00cf9a00 DPL=0 CS32 [-R-]
SS =0018 00000000 ffffffff 00cf9300 DPL=0 DS   [-WA]
DS =0018 00000000 ffffffff 00cf9300 DPL=0 DS   [-WA]
FS =0018 00000000 ffffffff 00cf9300 DPL=0 DS   [-WA]
GS =0018 00000000 ffffffff 00cf9300 DPL=0 DS   [-WA]
LDT=0000 00000000 0000ffff 00008200 DPL=0 LDT
TR =0000 00000000 0000ffff 00008b00 DPL=0 TSS32-busy
GDT=     000010b0 00000020
IDT=     00107020 000007ff
CR0=00000011 CR2=00000000 CR3=00000000 CR4=00000000
DR0=00000000 DR1=00000000 DR2=00000000 DR3=00000000 
DR6=ffff0ff0 DR7=00000400
CCS=00104437 CCD=f100f4f4 CCO=SUBL
EFER=0000000000000000
check_exception old: 0xffffffff new 0x6
   374: v=06 e=0000 i=0 cpl=0 IP=0010:0000001b pc=0000001b SP=0018:001044d0 env->regs[R_EAX]=e9d43463
EAX=e9d43463 EBX=001044d4 ECX=00000018 EDX=001044d4
ESI=0000001b EDI=001044c4 EBP=00000010 ESP=001044d0
EIP=0000001b EFL=00000086 [--S--P-] CPL=0 II=0 A20=1 SMM=0 HLT=0
ES =0018 00000000 ffffffff 00cf9300 DPL=0 DS   [-WA]
CS =0010 00000000 ffffffff 00cf9a00 DPL=0 CS32 [-R-]
SS =0018 00000000 ffffffff 00cf9300 DPL=0 DS   [-WA]
DS =0018 00000000 ffffffff 00cf9300 DPL=0 DS   [-WA]
FS =0018 00000000 ffffffff 00cf9300 DPL=0 DS   [-WA]
GS =0018 00000000 ffffffff 00cf9300 DPL=0 DS   [-WA]
LDT=0000 00000000 0000ffff 00008200 DPL=0 LDT
TR =0000 00000000 0000ffff 00008b00 DPL=0 TSS32-busy
GDT=     000010b0 00000020
IDT=     00107020 000007ff
CR0=00000011 CR2=00000000 CR3=00000000 CR4=00000000
DR0=00000000 DR1=00000000 DR2=00000000 DR3=00000000 
DR6=ffff0ff0 DR7=00000400
CCS=001044d4 CCD=f100f456 CCO=SUBL
EFER=0000000000000000
check_exception old: 0xffffffff new 0x6
   375: v=06 e=0000 i=0 cpl=0 IP=0010:0000001b pc=0000001b SP=0018:001044d0 env->regs[R_EAX]=e9d43463
EAX=e9d43463 EBX=001044d4 ECX=00000018 EDX=00104437
ESI=0000001b EDI=001044c4 EBP=00000010 ESP=001044d0
EIP=0000001b EFL=00000082 [--S----] CPL=0 II=0 A20=1 SMM=0 HLT=0
ES =0018 00000000 ffffffff 00cf9300 DPL=0 DS   [-WA]
CS =0010 00000000 ffffffff 00cf9a00 DPL=0 CS32 [-R-]
SS =0018 00000000 ffffffff 00cf9300 DPL=0 DS   [-WA]
DS =0018 00000000 ffffffff 00cf9300 DPL=0 DS   [-WA]
FS =0018 00000000 ffffffff 00cf9300 DPL=0 DS   [-WA]
GS =0018 00000000 ffffffff 00cf9300 DPL=0 DS   [-WA]
LDT=0000 00000000 0000ffff 00008200 DPL=0 LDT
TR =0000 00000000 0000ffff 00008b00 DPL=0 TSS32-busy
GDT=     000010b0 00000020
IDT=     00107020 000007ff
CR0=00000011 CR2=00000000 CR3=00000000 CR4=00000000
DR0=00000000 DR1=00000000 DR2=00000000 DR3=00000000 
DR6=ffff0ff0 DR7=00000400
CCS=00104437 CCD=f100f4f2 CCO=SUBL
EFER=0000000000000000
check_exception old: 0xffffffff new 0x6
   376: v=06 e=0000 i=0 cpl=0 IP=0010:0000001b pc=0000001b SP=0018:001044d0 env->regs[R_EAX]=e9d43463
EAX=e9d43463 EBX=001044d4 ECX=00000018 EDX=001044d4
ESI=0000001b EDI=001044c4 EBP=00000010 ESP=001044d0
EIP=0000001b EFL=00000082 [--S----] CPL=0 II=0 A20=1 SMM=0 HLT=0
ES =0018 00000000 ffffffff 00cf9300 DPL=0 DS   [-WA]
CS =0010 00000000 ffffffff 00cf9a00 DPL=0 CS32 [-R-]
SS =0018 00000000 ffffffff 00cf9300 DPL=0 DS   [-WA]
DS =0018 00000000 ffffffff 00cf9300 DPL=0 DS   [-WA]
FS =0018 00000000 ffffffff 00cf9300 DPL=0 DS   [-WA]
GS =0018 00000000 ffffffff 00cf9300 DPL=0 DS   [-WA]
LDT=0000 00000000 0000ffff 00008200 DPL=0 LDT
TR =0000 00000000 0000ffff 00008b00 DPL=0 TSS32-busy
GDT=     000010b0 00000020
IDT=     00107020 000007ff
CR0=00000011 CR2=00000000 CR3=00000000 CR4=00000000
DR0=00000000 DR1=00000000 DR2=00000000 DR3=00000000 
DR6=ffff0ff0 DR7=00000400
CCS=001044d4 CCD=f100f454 CCO=SUBL
EFER=0000000000000000
check_exception old: 0xffffffff new 0x6
   377: v=06 e=0000 i=0 cpl=0 IP=0010:0000001b pc=0000001b SP=0018:001044d0 env->regs[R_EAX]=e9d43463
EAX=e9d43463 EBX=001044d4 ECX=00000018 EDX=00104437
ESI=0000001b EDI=001044c4 EBP=00000010 ESP=001044d0
EIP=0000001b EFL=00000086 [--S--P-] CPL=0 II=0 A20=1 SMM=0 HLT=0
ES =0018 00000000 ffffffff 00cf9300 DPL=0 DS   [-WA]
CS =0010 00000000 ffffffff 00cf9a00 DPL=0 CS32 [-R-]
SS =0018 00000000 ffffffff 00cf9300 DPL=0 DS   [-WA]
DS =0018 00000000 ffffffff 00cf9300 DPL=0 DS   [-WA]
FS =0018 00000000 ffffffff 00cf9300 DPL=0 DS   [-WA]
GS =0018 00000000 ffffffff 00cf9300 DPL=0 DS   [-WA]
LDT=0000 00000000 0000ffff 00008200 DPL=0 LDT
TR =0000 00000000 0000ffff 00008b00 DPL=0 TSS32-busy
GDT=     000010b0 00000020
IDT=     00107020 000007ff
CR0=00000011 CR2=00000000 CR3=00000000 CR4=00000000
DR0=00000000 DR1=00000000 DR2=00000000 DR3=00000000 
DR6=ffff0ff0 DR7=00000400
CCS=00104437 CCD=f100f4f0 CCO=SUBL
EFER=0000000000000000
check_exception old: 0xffffffff new 0x6
   378: v=06 e=0000 i=0 cpl=0 IP=0010:0000001b pc=0000001b SP=0018:001044d0 env->regs[R_EAX]=e9d43463
EAX=e9d43463 EBX=001044d4 ECX=00000018 EDX=001044d4
ESI=0000001b EDI=001044c4 EBP=00000010 ESP=001044d0
EIP=0000001b EFL=00000082 [--S----] CPL=0 II=0 A20=1 SMM=0 HLT=0
ES =0018 00000000 ffffffff 00cf9300 DPL=0 DS   [-WA]
CS =0010 00000000 ffffffff 00cf9a00 DPL=0 CS32 [-R-]
SS =0018 00000000 ffffffff 00cf9300 DPL=0 DS   [-WA]
DS =0018 00000000 ffffffff 00cf9300 DPL=0 DS   [-WA]
FS =0018 00000000 ffffffff 00cf9300 DPL=0 DS   [-WA]
GS =0018 00000000 ffffffff 00cf9300 DPL=0 DS   [-WA]
LDT=0000 00000000 0000ffff 00008200 DPL=0 LDT
TR =0000 00000000 0000ffff 00008b00 DPL=0 TSS32-busy
GDT=     000010b0 00000020
IDT=     00107020 000007ff
CR0=00000011 CR2=00000000 CR3=00000000 CR4=00000000
DR0=00000000 DR1=00000000 DR2=00000000 DR3=00000000 
DR6=ffff0ff0 DR7=00000400
CCS=001044d4 CCD=f100f452 CCO=SUBL
EFER=0000000000000000
check_exception old: 0xffffffff new 0x6
   379: v=06 e=0000 i=0 cpl=0 IP=0010:0000001b pc=0000001b SP=0018:001044d0 env->regs[R_EAX]=e9d43463
EAX=e9d43463 EBX=001044d4 ECX=00000018 EDX=00104437
ESI=0000001b EDI=001044c4 EBP=00000010 ESP=001044d0
EIP=0000001b EFL=00000096 [--S-AP-] CPL=0 II=0 A20=1 SMM=0 HLT=0
ES =0018 00000000 ffffffff 00cf9300 DPL=0 DS   [-WA]
CS =0010 00000000 ffffffff 00cf9a00 DPL=0 CS32 [-R-]
SS =0018 00000000 ffffffff 00cf9300 DPL=0 DS   [-WA]
DS =0018 00000000 ffffffff 00cf9300 DPL=0 DS   [-WA]
FS =0018 00000000 ffffffff 00cf9300 DPL=0 DS   [-WA]
GS =0018 00000000 ffffffff 00cf9300 DPL=0 DS   [-WA]
LDT=0000 00000000 0000ffff 00008200 DPL=0 LDT
TR =0000 00000000 0000ffff 00008b00 DPL=0 TSS32-busy
GDT=     000010b0 00000020
IDT=     00107020 000007ff
CR0=00000011 CR2=00000000 CR3=00000000 CR4=00000000
DR0=00000000 DR1=00000000 DR2=00000000 DR3=00000000 
DR6=ffff0ff0 DR7=00000400
CCS=00104437 CCD=f100f4ee CCO=SUBL
EFER=0000000000000000
check_exception old: 0xffffffff new 0x6
   380: v=06 e=0000 i=0 cpl=0 IP=0010:0000001b pc=0000001b SP=0018:001044d0 env->regs[R_EAX]=e9d43463
EAX=e9d43463 EBX=001044d4 ECX=00000018 EDX=001044d4
ESI=0000001b EDI=001044c4 EBP=00000010 ESP=001044d0
EIP=0000001b EFL=00000086 [--S--P-] CPL=0 II=0 A20=1 SMM=0 HLT=0
ES =0018 00000000 ffffffff 00cf9300 DPL=0 DS   [-WA]
CS =0010 00000000 ffffffff 00cf9a00 DPL=0 CS32 [-R-]
SS =0018 00000000 ffffffff 00cf9300 DPL=0 DS   [-WA]
DS =0018 00000000 ffffffff 00cf9300 DPL=0 DS   [-WA]
FS =0018 00000000 ffffffff 00cf9300 DPL=0 DS   [-WA]
GS =0018 00000000 ffffffff 00cf9300 DPL=0 DS   [-WA]
LDT=0000 00000000 0000ffff 00008200 DPL=0 LDT
TR =0000 00000000 0000ffff 00008b00 DPL=0 TSS32-busy
GDT=     000010b0 00000020
IDT=     00107020 000007ff
CR0=00000011 CR2=00000000 CR3=00000000 CR4=00000000
DR0=00000000 DR1=00000000 DR2=00000000 DR3=00000000 
DR6=ffff0ff0 DR7=00000400
CCS=001044d4 CCD=f100f450 CCO=SUBL
EFER=0000000000000000
check_exception old: 0xffffffff new 0x6
   381: v=06 e=0000 i=0 cpl=0 IP=0010:0000001b pc=0000001b SP=0018:001044d0 env->regs[R_EAX]=e9d43463
EAX=e9d43463 EBX=001044d4 ECX=00000018 EDX=00104437
ESI=0000001b EDI=001044c4 EBP=00000010 ESP=001044d0
EIP=0000001b EFL=00000092 [--S-A--] CPL=0 II=0 A20=1 SMM=0 HLT=0
ES =0018 00000000 ffffffff 00cf9300 DPL=0 DS   [-WA]
CS =0010 00000000 ffffffff 00cf9a00 DPL=0 CS32 [-R-]
SS =0018 00000000 ffffffff 00cf9300 DPL=0 DS   [-WA]
DS =0018 00000000 ffffffff 00cf9300 DPL=0 DS   [-WA]
FS =0018 00000000 ffffffff 00cf9300 DPL=0 DS   [-WA]
GS =0018 00000000 ffffffff 00cf9300 DPL=0 DS   [-WA]
LDT=0000 00000000 0000ffff 00008200 DPL=0 LDT
TR =0000 00000000 0000ffff 00008b00 DPL=0 TSS32-busy
GDT=     000010b0 00000020
IDT=     00107020 000007ff
CR0=00000011 CR2=00000000 CR3=00000000 CR4=00000000
DR0=00000000 DR1=00000000 DR2=00000000 DR3=00000000 
DR6=ffff0ff0 DR7=00000400
CCS=00104437 CCD=f100f4ec CCO=SUBL
EFER=0000000000000000
check_exception old: 0xffffffff new 0x6
   382: v=06 e=0000 i=0 cpl=0 IP=0010:0000001b pc=0000001b SP=0018:001044d0 env->regs[R_EAX]=e9d43463
EAX=e9d43463 EBX=001044d4 ECX=00000018 EDX=001044d4
ESI=0000001b EDI=001044c4 EBP=00000010 ESP=001044d0
EIP=0000001b EFL=00000096 [--S-AP-] CPL=0 II=0 A20=1 SMM=0 HLT=0
ES =0018 00000000 ffffffff 00cf9300 DPL=0 DS   [-WA]
CS =0010 00000000 ffffffff 00cf9a00 DPL=0 CS32 [-R-]
SS =0018 00000000 ffffffff 00cf9300 DPL=0 DS   [-WA]
DS =0018 00000000 ffffffff 00cf9300 DPL=0 DS   [-WA]
FS =0018 00000000 ffffffff 00cf9300 DPL=0 DS   [-WA]
GS =0018 00000000 ffffffff 00cf9300 DPL=0 DS   [-WA]
LDT=0000 00000000 0000ffff 00008200 DPL=0 LDT
TR =0000 00000000 0000ffff 00008b00 DPL=0 TSS32-busy
GDT=     000010b0 00000020
IDT=     00107020 000007ff
CR0=00000011 CR2=00000000 CR3=00000000 CR4=00000000
DR0=00000000 DR1=00000000 DR2=00000000 DR3=00000000 
DR6=ffff0ff0 DR7=00000400
CCS=001044d4 CCD=f100f44e CCO=SUBL
EFER=0000000000000000
check_exception old: 0xffffffff new 0x6
   383: v=06 e=0000 i=0 cpl=0 IP=0010:0000001b pc=0000001b SP=0018:001044d0 env->regs[R_EAX]=e9d43463
EAX=e9d43463 EBX=001044d4 ECX=00000018 EDX=00104437
ESI=0000001b EDI=001044c4 EBP=00000010 ESP=001044d0
EIP=0000001b EFL=00000092 [--S-A--] CPL=0 II=0 A20=1 SMM=0 HLT=0
ES =0018 00000000 ffffffff 00cf9300 DPL=0 DS   [-WA]
CS =0010 00000000 ffffffff 00cf9a00 DPL=0 CS32 [-R-]
SS =0018 00000000 ffffffff 00cf9300 DPL=0 DS   [-WA]
DS =0018 00000000 ffffffff 00cf9300 DPL=0 DS   [-WA]
FS =0018 00000000 ffffffff 00cf9300 DPL=0 DS   [-WA]
GS =0018 00000000 ffffffff 00cf9300 DPL=0 DS   [-WA]
LDT=0000 00000000 0000ffff 00008200 DPL=0 LDT
TR =0000 00000000 0000ffff 00008b00 DPL=0 TSS32-busy
GDT=     000010b0 00000020
IDT=     00107020 000007ff
CR0=00000011 CR2=00000000 CR3=00000000 CR4=00000000
DR0=00000000 DR1=00000000 DR2=00000000 DR3=00000000 
DR6=ffff0ff0 DR7=00000400
CCS=00104437 CCD=f100f4ea CCO=SUBL
EFER=0000000000000000
check_exception old: 0xffffffff new 0x6
   384: v=06 e=0000 i=0 cpl=0 IP=0010:0000001b pc=0000001b SP=0018:001044d0 env->regs[R_EAX]=e9d43463
EAX=e9d43463 EBX=001044d4 ECX=00000018 EDX=001044d4
ESI=0000001b EDI=001044c4 EBP=00000010 ESP=001044d0
EIP=0000001b EFL=00000092 [--S-A--] CPL=0 II=0 A20=1 SMM=0 HLT=0
ES =0018 00000000 ffffffff 00cf9300 DPL=0 DS   [-WA]
CS =0010 00000000 ffffffff 00cf9a00 DPL=0 CS32 [-R-]
SS =0018 00000000 ffffffff 00cf9300 DPL=0 DS   [-WA]
DS =0018 00000000 ffffffff 00cf9300 DPL=0 DS   [-WA]
FS =0018 00000000 ffffffff 00cf9300 DPL=0 DS   [-WA]
GS =0018 00000000 ffffffff 00cf9300 DPL=0 DS   [-WA]
LDT=0000 00000000 0000ffff 00008200 DPL=0 LDT
TR =0000 00000000 0000ffff 00008b00 DPL=0 TSS32-busy
GDT=     000010b0 00000020
IDT=     00107020 000007ff
CR0=00000011 CR2=00000000 CR3=00000000 CR4=00000000
DR0=00000000 DR1=00000000 DR2=00000000 DR3=00000000 
DR6=ffff0ff0 DR7=00000400
CCS=001044d4 CCD=f100f44c CCO=SUBL
EFER=0000000000000000
check_exception old: 0xffffffff new 0x6
   385: v=06 e=0000 i=0 cpl=0 IP=0010:0000001b pc=0000001b SP=0018:001044d0 env->regs[R_EAX]=e9d43463
EAX=e9d43463 EBX=001044d4 ECX=00000018 EDX=00104437
ESI=0000001b EDI=001044c4 EBP=00000010 ESP=001044d0
EIP=0000001b EFL=00000086 [--S--P-] CPL=0 II=0 A20=1 SMM=0 HLT=0
ES =0018 00000000 ffffffff 00cf9300 DPL=0 DS   [-WA]
CS =0010 00000000 ffffffff 00cf9a00 DPL=0 CS32 [-R-]
SS =0018 00000000 ffffffff 00cf9300 DPL=0 DS   [-WA]
DS =0018 00000000 ffffffff 00cf9300 DPL=0 DS   [-WA]
FS =0018 00000000 ffffffff 00cf9300 DPL=0 DS   [-WA]
GS =0018 00000000 ffffffff 00cf9300 DPL=0 DS   [-WA]
LDT=0000 00000000 0000ffff 00008200 DPL=0 LDT
TR =0000 00000000 0000ffff 00008b00 DPL=0 TSS32-busy
GDT=     000010b0 00000020
IDT=     00107020 000007ff
CR0=00000011 CR2=00000000 CR3=00000000 CR4=00000000
DR0=00000000 DR1=00000000 DR2=00000000 DR3=00000000 
DR6=ffff0ff0 DR7=00000400
CCS=00104437 CCD=f100f4e8 CCO=SUBL
EFER=0000000000000000
check_exception old: 0xffffffff new 0x6
   386: v=06 e=0000 i=0 cpl=0 IP=0010:0000001b pc=0000001b SP=0018:001044d0 env->regs[R_EAX]=e9d43463
EAX=e9d43463 EBX=001044d4 ECX=00000018 EDX=001044d4
ESI=0000001b EDI=001044c4 EBP=00000010 ESP=001044d0
EIP=0000001b EFL=00000082 [--S----] CPL=0 II=0 A20=1 SMM=0 HLT=0
ES =0018 00000000 ffffffff 00cf9300 DPL=0 DS   [-WA]
CS =0010 00000000 ffffffff 00cf9a00 DPL=0 CS32 [-R-]
SS =0018 00000000 ffffffff 00cf9300 DPL=0 DS   [-WA]
DS =0018 00000000 ffffffff 00cf9300 DPL=0 DS   [-WA]
FS =0018 00000000 ffffffff 00cf9300 DPL=0 DS   [-WA]
GS =0018 00000000 ffffffff 00cf9300 DPL=0 DS   [-WA]
LDT=0000 00000000 0000ffff 00008200 DPL=0 LDT
TR =0000 00000000 0000ffff 00008b00 DPL=0 TSS32-busy
GDT=     000010b0 00000020
IDT=     00107020 000007ff
CR0=00000011 CR2=00000000 CR3=00000000 CR4=00000000
DR0=00000000 DR1=00000000 DR2=00000000 DR3=00000000 
DR6=ffff0ff0 DR7=00000400
CCS=001044d4 CCD=f100f44a CCO=SUBL
EFER=0000000000000000
check_exception old: 0xffffffff new 0x6
   387: v=06 e=0000 i=0 cpl=0 IP=0010:0000001b pc=0000001b SP=0018:001044d0 env->regs[R_EAX]=e9d43463
EAX=e9d43463 EBX=001044d4 ECX=00000018 EDX=00104437
ESI=0000001b EDI=001044c4 EBP=00000010 ESP=001044d0
EIP=0000001b EFL=00000082 [--S----] CPL=0 II=0 A20=1 SMM=0 HLT=0
ES =0018 00000000 ffffffff 00cf9300 DPL=0 DS   [-WA]
CS =0010 00000000 ffffffff 00cf9a00 DPL=0 CS32 [-R-]
SS =0018 00000000 ffffffff 00cf9300 DPL=0 DS   [-WA]
DS =0018 00000000 ffffffff 00cf9300 DPL=0 DS   [-WA]
FS =0018 00000000 ffffffff 00cf9300 DPL=0 DS   [-WA]
GS =0018 00000000 ffffffff 00cf9300 DPL=0 DS   [-WA]
LDT=0000 00000000 0000ffff 00008200 DPL=0 LDT
TR =0000 00000000 0000ffff 00008b00 DPL=0 TSS32-busy
GDT=     000010b0 00000020
IDT=     00107020 000007ff
CR0=00000011 CR2=00000000 CR3=00000000 CR4=00000000
DR0=00000000 DR1=00000000 DR2=00000000 DR3=00000000 
DR6=ffff0ff0 DR7=00000400
CCS=00104437 CCD=f100f4e6 CCO=SUBL
EFER=0000000000000000
check_exception old: 0xffffffff new 0x6
   388: v=06 e=0000 i=0 cpl=0 IP=0010:0000001b pc=0000001b SP=0018:001044d0 env->regs[R_EAX]=e9d43463
EAX=e9d43463 EBX=001044d4 ECX=00000018 EDX=001044d4
ESI=0000001b EDI=001044c4 EBP=00000010 ESP=001044d0
EIP=0000001b EFL=00000086 [--S--P-] CPL=0 II=0 A20=1 SMM=0 HLT=0
ES =0018 00000000 ffffffff 00cf9300 DPL=0 DS   [-WA]
CS =0010 00000000 ffffffff 00cf9a00 DPL=0 CS32 [-R-]
SS =0018 00000000 ffffffff 00cf9300 DPL=0 DS   [-WA]
DS =0018 00000000 ffffffff 00cf9300 DPL=0 DS   [-WA]
FS =0018 00000000 ffffffff 00cf9300 DPL=0 DS   [-WA]
GS =0018 00000000 ffffffff 00cf9300 DPL=0 DS   [-WA]
LDT=0000 00000000 0000ffff 00008200 DPL=0 LDT
TR =0000 00000000 0000ffff 00008b00 DPL=0 TSS32-busy
GDT=     000010b0 00000020
IDT=     00107020 000007ff
CR0=00000011 CR2=00000000 CR3=00000000 CR4=00000000
DR0=00000000 DR1=00000000 DR2=00000000 DR3=00000000 
DR6=ffff0ff0 DR7=00000400
CCS=001044d4 CCD=f100f448 CCO=SUBL
EFER=0000000000000000
check_exception old: 0xffffffff new 0x6
   389: v=06 e=0000 i=0 cpl=0 IP=0010:0000001b pc=0000001b SP=0018:001044d0 env->regs[R_EAX]=e9d43463
EAX=e9d43463 EBX=001044d4 ECX=00000018 EDX=00104437
ESI=0000001b EDI=001044c4 EBP=00000010 ESP=001044d0
EIP=0000001b EFL=00000086 [--S--P-] CPL=0 II=0 A20=1 SMM=0 HLT=0
ES =0018 00000000 ffffffff 00cf9300 DPL=0 DS   [-WA]
CS =0010 00000000 ffffffff 00cf9a00 DPL=0 CS32 [-R-]
SS =0018 00000000 ffffffff 00cf9300 DPL=0 DS   [-WA]
DS =0018 00000000 ffffffff 00cf9300 DPL=0 DS   [-WA]
FS =0018 00000000 ffffffff 00cf9300 DPL=0 DS   [-WA]
GS =0018 00000000 ffffffff 00cf9300 DPL=0 DS   [-WA]
LDT=0000 00000000 0000ffff 00008200 DPL=0 LDT
TR =0000 00000000 0000ffff 00008b00 DPL=0 TSS32-busy
GDT=     000010b0 00000020
IDT=     00107020 000007ff
CR0=00000011 CR2=00000000 CR3=00000000 CR4=00000000
DR0=00000000 DR1=00000000 DR2=00000000 DR3=00000000 
DR6=ffff0ff0 DR7=00000400
CCS=00104437 CCD=f100f4e4 CCO=SUBL
EFER=0000000000000000
check_exception old: 0xffffffff new 0x6
   390: v=06 e=0000 i=0 cpl=0 IP=0010:0000001b pc=0000001b SP=0018:001044d0 env->regs[R_EAX]=e9d43463
EAX=e9d43463 EBX=001044d4 ECX=00000018 EDX=001044d4
ESI=0000001b EDI=001044c4 EBP=00000010 ESP=001044d0
EIP=0000001b EFL=00000082 [--S----] CPL=0 II=0 A20=1 SMM=0 HLT=0
ES =0018 00000000 ffffffff 00cf9300 DPL=0 DS   [-WA]
CS =0010 00000000 ffffffff 00cf9a00 DPL=0 CS32 [-R-]
SS =0018 00000000 ffffffff 00cf9300 DPL=0 DS   [-WA]
DS =0018 00000000 ffffffff 00cf9300 DPL=0 DS   [-WA]
FS =0018 00000000 ffffffff 00cf9300 DPL=0 DS   [-WA]
GS =0018 00000000 ffffffff 00cf9300 DPL=0 DS   [-WA]
LDT=0000 00000000 0000ffff 00008200 DPL=0 LDT
TR =0000 00000000 0000ffff 00008b00 DPL=0 TSS32-busy
GDT=     000010b0 00000020
IDT=     00107020 000007ff
CR0=00000011 CR2=00000000 CR3=00000000 CR4=00000000
DR0=00000000 DR1=00000000 DR2=00000000 DR3=00000000 
DR6=ffff0ff0 DR7=00000400
CCS=001044d4 CCD=f100f446 CCO=SUBL
EFER=0000000000000000
check_exception old: 0xffffffff new 0x6
   391: v=06 e=0000 i=0 cpl=0 IP=0010:0000001b pc=0000001b SP=0018:001044d0 env->regs[R_EAX]=e9d43463
EAX=e9d43463 EBX=001044d4 ECX=00000018 EDX=00104437
ESI=0000001b EDI=001044c4 EBP=00000010 ESP=001044d0
EIP=0000001b EFL=00000086 [--S--P-] CPL=0 II=0 A20=1 SMM=0 HLT=0
ES =0018 00000000 ffffffff 00cf9300 DPL=0 DS   [-WA]
CS =0010 00000000 ffffffff 00cf9a00 DPL=0 CS32 [-R-]
SS =0018 00000000 ffffffff 00cf9300 DPL=0 DS   [-WA]
DS =0018 00000000 ffffffff 00cf9300 DPL=0 DS   [-WA]
FS =0018 00000000 ffffffff 00cf9300 DPL=0 DS   [-WA]
GS =0018 00000000 ffffffff 00cf9300 DPL=0 DS   [-WA]
LDT=0000 00000000 0000ffff 00008200 DPL=0 LDT
TR =0000 00000000 0000ffff 00008b00 DPL=0 TSS32-busy
GDT=     000010b0 00000020
IDT=     00107020 000007ff
CR0=00000011 CR2=00000000 CR3=00000000 CR4=00000000
DR0=00000000 DR1=00000000 DR2=00000000 DR3=00000000 
DR6=ffff0ff0 DR7=00000400
CCS=00104437 CCD=f100f4e2 CCO=SUBL
EFER=0000000000000000
check_exception old: 0xffffffff new 0x6
   392: v=06 e=0000 i=0 cpl=0 IP=0010:0000001b pc=0000001b SP=0018:001044d0 env->regs[R_EAX]=e9d43463
EAX=e9d43463 EBX=001044d4 ECX=00000018 EDX=001044d4
ESI=0000001b EDI=001044c4 EBP=00000010 ESP=001044d0
EIP=0000001b EFL=00000086 [--S--P-] CPL=0 II=0 A20=1 SMM=0 HLT=0
ES =0018 00000000 ffffffff 00cf9300 DPL=0 DS   [-WA]
CS =0010 00000000 ffffffff 00cf9a00 DPL=0 CS32 [-R-]
SS =0018 00000000 ffffffff 00cf9300 DPL=0 DS   [-WA]
DS =0018 00000000 ffffffff 00cf9300 DPL=0 DS   [-WA]
FS =0018 00000000 ffffffff 00cf9300 DPL=0 DS   [-WA]
GS =0018 00000000 ffffffff 00cf9300 DPL=0 DS   [-WA]
LDT=0000 00000000 0000ffff 00008200 DPL=0 LDT
TR =0000 00000000 0000ffff 00008b00 DPL=0 TSS32-busy
GDT=     000010b0 00000020
IDT=     00107020 000007ff
CR0=00000011 CR2=00000000 CR3=00000000 CR4=00000000
DR0=00000000 DR1=00000000 DR2=00000000 DR3=00000000 
DR6=ffff0ff0 DR7=00000400
CCS=001044d4 CCD=f100f444 CCO=SUBL
EFER=0000000000000000
check_exception old: 0xffffffff new 0x6
   393: v=06 e=0000 i=0 cpl=0 IP=0010:0000001b pc=0000001b SP=0018:001044d0 env->regs[R_EAX]=e9d43463
EAX=e9d43463 EBX=001044d4 ECX=00000018 EDX=00104437
ESI=0000001b EDI=001044c4 EBP=00000010 ESP=001044d0
EIP=0000001b EFL=00000082 [--S----] CPL=0 II=0 A20=1 SMM=0 HLT=0
ES =0018 00000000 ffffffff 00cf9300 DPL=0 DS   [-WA]
CS =0010 00000000 ffffffff 00cf9a00 DPL=0 CS32 [-R-]
SS =0018 00000000 ffffffff 00cf9300 DPL=0 DS   [-WA]
DS =0018 00000000 ffffffff 00cf9300 DPL=0 DS   [-WA]
FS =0018 00000000 ffffffff 00cf9300 DPL=0 DS   [-WA]
GS =0018 00000000 ffffffff 00cf9300 DPL=0 DS   [-WA]
LDT=0000 00000000 0000ffff 00008200 DPL=0 LDT
TR =0000 00000000 0000ffff 00008b00 DPL=0 TSS32-busy
GDT=     000010b0 00000020
IDT=     00107020 000007ff
CR0=00000011 CR2=00000000 CR3=00000000 CR4=00000000
DR0=00000000 DR1=00000000 DR2=00000000 DR3=00000000 
DR6=ffff0ff0 DR7=00000400
CCS=00104437 CCD=f100f4e0 CCO=SUBL
EFER=0000000000000000
check_exception old: 0xffffffff new 0x6
   394: v=06 e=0000 i=0 cpl=0 IP=0010:0000001b pc=0000001b SP=0018:001044d0 env->regs[R_EAX]=e9d43463
EAX=e9d43463 EBX=001044d4 ECX=00000018 EDX=001044d4
ESI=0000001b EDI=001044c4 EBP=00000010 ESP=001044d0
EIP=0000001b EFL=00000086 [--S--P-] CPL=0 II=0 A20=1 SMM=0 HLT=0
ES =0018 00000000 ffffffff 00cf9300 DPL=0 DS   [-WA]
CS =0010 00000000 ffffffff 00cf9a00 DPL=0 CS32 [-R-]
SS =0018 00000000 ffffffff 00cf9300 DPL=0 DS   [-WA]
DS =0018 00000000 ffffffff 00cf9300 DPL=0 DS   [-WA]
FS =0018 00000000 ffffffff 00cf9300 DPL=0 DS   [-WA]
GS =0018 00000000 ffffffff 00cf9300 DPL=0 DS   [-WA]
LDT=0000 00000000 0000ffff 00008200 DPL=0 LDT
TR =0000 00000000 0000ffff 00008b00 DPL=0 TSS32-busy
GDT=     000010b0 00000020
IDT=     00107020 000007ff
CR0=00000011 CR2=00000000 CR3=00000000 CR4=00000000
DR0=00000000 DR1=00000000 DR2=00000000 DR3=00000000 
DR6=ffff0ff0 DR7=00000400
CCS=001044d4 CCD=f100f442 CCO=SUBL
EFER=0000000000000000
check_exception old: 0xffffffff new 0x6
   395: v=06 e=0000 i=0 cpl=0 IP=0010:0000001b pc=0000001b SP=0018:001044d0 env->regs[R_EAX]=e9d43463
EAX=e9d43463 EBX=001044d4 ECX=00000018 EDX=00104437
ESI=0000001b EDI=001044c4 EBP=00000010 ESP=001044d0
EIP=0000001b EFL=00000096 [--S-AP-] CPL=0 II=0 A20=1 SMM=0 HLT=0
ES =0018 00000000 ffffffff 00cf9300 DPL=0 DS   [-WA]
CS =0010 00000000 ffffffff 00cf9a00 DPL=0 CS32 [-R-]
SS =0018 00000000 ffffffff 00cf9300 DPL=0 DS   [-WA]
DS =0018 00000000 ffffffff 00cf9300 DPL=0 DS   [-WA]
FS =0018 00000000 ffffffff 00cf9300 DPL=0 DS   [-WA]
GS =0018 00000000 ffffffff 00cf9300 DPL=0 DS   [-WA]
LDT=0000 00000000 0000ffff 00008200 DPL=0 LDT
TR =0000 00000000 0000ffff 00008b00 DPL=0 TSS32-busy
GDT=     000010b0 00000020
IDT=     00107020 000007ff
CR0=00000011 CR2=00000000 CR3=00000000 CR4=00000000
DR0=00000000 DR1=00000000 DR2=00000000 DR3=00000000 
DR6=ffff0ff0 DR7=00000400
CCS=00104437 CCD=f100f4de CCO=SUBL
EFER=0000000000000000
check_exception old: 0xffffffff new 0x6
   396: v=06 e=0000 i=0 cpl=0 IP=0010:0000001b pc=0000001b SP=0018:001044d0 env->regs[R_EAX]=e9d43463
EAX=e9d43463 EBX=001044d4 ECX=00000018 EDX=001044d4
ESI=0000001b EDI=001044c4 EBP=00000010 ESP=001044d0
EIP=0000001b EFL=00000082 [--S----] CPL=0 II=0 A20=1 SMM=0 HLT=0
ES =0018 00000000 ffffffff 00cf9300 DPL=0 DS   [-WA]
CS =0010 00000000 ffffffff 00cf9a00 DPL=0 CS32 [-R-]
SS =0018 00000000 ffffffff 00cf9300 DPL=0 DS   [-WA]
DS =0018 00000000 ffffffff 00cf9300 DPL=0 DS   [-WA]
FS =0018 00000000 ffffffff 00cf9300 DPL=0 DS   [-WA]
GS =0018 00000000 ffffffff 00cf9300 DPL=0 DS   [-WA]
LDT=0000 00000000 0000ffff 00008200 DPL=0 LDT
TR =0000 00000000 0000ffff 00008b00 DPL=0 TSS32-busy
GDT=     000010b0 00000020
IDT=     00107020 000007ff
CR0=00000011 CR2=00000000 CR3=00000000 CR4=00000000
DR0=00000000 DR1=00000000 DR2=00000000 DR3=00000000 
DR6=ffff0ff0 DR7=00000400
CCS=001044d4 CCD=f100f440 CCO=SUBL
EFER=0000000000000000
check_exception old: 0xffffffff new 0x6
   397: v=06 e=0000 i=0 cpl=0 IP=0010:0000001b pc=0000001b SP=0018:001044d0 env->regs[R_EAX]=e9d43463
EAX=e9d43463 EBX=001044d4 ECX=00000018 EDX=00104437
ESI=0000001b EDI=001044c4 EBP=00000010 ESP=001044d0
EIP=0000001b EFL=00000092 [--S-A--] CPL=0 II=0 A20=1 SMM=0 HLT=0
ES =0018 00000000 ffffffff 00cf9300 DPL=0 DS   [-WA]
CS =0010 00000000 ffffffff 00cf9a00 DPL=0 CS32 [-R-]
SS =0018 00000000 ffffffff 00cf9300 DPL=0 DS   [-WA]
DS =0018 00000000 ffffffff 00cf9300 DPL=0 DS   [-WA]
FS =0018 00000000 ffffffff 00cf9300 DPL=0 DS   [-WA]
GS =0018 00000000 ffffffff 00cf9300 DPL=0 DS   [-WA]
LDT=0000 00000000 0000ffff 00008200 DPL=0 LDT
TR =0000 00000000 0000ffff 00008b00 DPL=0 TSS32-busy
GDT=     000010b0 00000020
IDT=     00107020 000007ff
CR0=00000011 CR2=00000000 CR3=00000000 CR4=00000000
DR0=00000000 DR1=00000000 DR2=00000000 DR3=00000000 
DR6=ffff0ff0 DR7=00000400
CCS=00104437 CCD=f100f4dc CCO=SUBL
EFER=0000000000000000
check_exception old: 0xffffffff new 0x6
   398: v=06 e=0000 i=0 cpl=0 IP=0010:0000001b pc=0000001b SP=0018:001044d0 env->regs[R_EAX]=e9d43463
EAX=e9d43463 EBX=001044d4 ECX=00000018 EDX=001044d4
ESI=0000001b EDI=001044c4 EBP=00000010 ESP=001044d0
EIP=0000001b EFL=00000092 [--S-A--] CPL=0 II=0 A20=1 SMM=0 HLT=0
ES =0018 00000000 ffffffff 00cf9300 DPL=0 DS   [-WA]
CS =0010 00000000 ffffffff 00cf9a00 DPL=0 CS32 [-R-]
SS =0018 00000000 ffffffff 00cf9300 DPL=0 DS   [-WA]
DS =0018 00000000 ffffffff 00cf9300 DPL=0 DS   [-WA]
FS =0018 00000000 ffffffff 00cf9300 DPL=0 DS   [-WA]
GS =0018 00000000 ffffffff 00cf9300 DPL=0 DS   [-WA]
LDT=0000 00000000 0000ffff 00008200 DPL=0 LDT
TR =0000 00000000 0000ffff 00008b00 DPL=0 TSS32-busy
GDT=     000010b0 00000020
IDT=     00107020 000007ff
CR0=00000011 CR2=00000000 CR3=00000000 CR4=00000000
DR0=00000000 DR1=00000000 DR2=00000000 DR3=00000000 
DR6=ffff0ff0 DR7=00000400
CCS=001044d4 CCD=f100f43e CCO=SUBL
EFER=0000000000000000
check_exception old: 0xffffffff new 0x6
   399: v=06 e=0000 i=0 cpl=0 IP=0010:0000001b pc=0000001b SP=0018:001044d0 env->regs[R_EAX]=e9d43463
EAX=e9d43463 EBX=001044d4 ECX=00000018 EDX=00104437
ESI=0000001b EDI=001044c4 EBP=00000010 ESP=001044d0
EIP=0000001b EFL=00000092 [--S-A--] CPL=0 II=0 A20=1 SMM=0 HLT=0
ES =0018 00000000 ffffffff 00cf9300 DPL=0 DS   [-WA]
CS =0010 00000000 ffffffff 00cf9a00 DPL=0 CS32 [-R-]
SS =0018 00000000 ffffffff 00cf9300 DPL=0 DS   [-WA]
DS =0018 00000000 ffffffff 00cf9300 DPL=0 DS   [-WA]
FS =0018 00000000 ffffffff 00cf9300 DPL=0 DS   [-WA]
GS =0018 00000000 ffffffff 00cf9300 DPL=0 DS   [-WA]
LDT=0000 00000000 0000ffff 00008200 DPL=0 LDT
TR =0000 00000000 0000ffff 00008b00 DPL=0 TSS32-busy
GDT=     000010b0 00000020
IDT=     00107020 000007ff
CR0=00000011 CR2=00000000 CR3=00000000 CR4=00000000
DR0=00000000 DR1=00000000 DR2=00000000 DR3=00000000 
DR6=ffff0ff0 DR7=00000400
CCS=00104437 CCD=f100f4da CCO=SUBL
EFER=0000000000000000
check_exception old: 0xffffffff new 0x6
   400: v=06 e=0000 i=0 cpl=0 IP=0010:0000001b pc=0000001b SP=0018:001044d0 env->regs[R_EAX]=e9d43463
EAX=e9d43463 EBX=001044d4 ECX=00000018 EDX=001044d4
ESI=0000001b EDI=001044c4 EBP=00000010 ESP=001044d0
EIP=0000001b EFL=00000096 [--S-AP-] CPL=0 II=0 A20=1 SMM=0 HLT=0
ES =0018 00000000 ffffffff 00cf9300 DPL=0 DS   [-WA]
CS =0010 00000000 ffffffff 00cf9a00 DPL=0 CS32 [-R-]
SS =0018 00000000 ffffffff 00cf9300 DPL=0 DS   [-WA]
DS =0018 00000000 ffffffff 00cf9300 DPL=0 DS   [-WA]
FS =0018 00000000 ffffffff 00cf9300 DPL=0 DS   [-WA]
GS =0018 00000000 ffffffff 00cf9300 DPL=0 DS   [-WA]
LDT=0000 00000000 0000ffff 00008200 DPL=0 LDT
TR =0000 00000000 0000ffff 00008b00 DPL=0 TSS32-busy
GDT=     000010b0 00000020
IDT=     00107020 000007ff
CR0=00000011 CR2=00000000 CR3=00000000 CR4=00000000
DR0=00000000 DR1=00000000 DR2=00000000 DR3=00000000 
DR6=ffff0ff0 DR7=00000400
CCS=001044d4 CCD=f100f43c CCO=SUBL
EFER=0000000000000000
check_exception old: 0xffffffff new 0x6
   401: v=06 e=0000 i=0 cpl=0 IP=0010:0000001b pc=0000001b SP=0018:001044d0 env->regs[R_EAX]=e9d43463
EAX=e9d43463 EBX=001044d4 ECX=00000018 EDX=00104437
ESI=0000001b EDI=001044c4 EBP=00000010 ESP=001044d0
EIP=0000001b EFL=00000086 [--S--P-] CPL=0 II=0 A20=1 SMM=0 HLT=0
ES =0018 00000000 ffffffff 00cf9300 DPL=0 DS   [-WA]
CS =0010 00000000 ffffffff 00cf9a00 DPL=0 CS32 [-R-]
SS =0018 00000000 ffffffff 00cf9300 DPL=0 DS   [-WA]
DS =0018 00000000 ffffffff 00cf9300 DPL=0 DS   [-WA]
FS =0018 00000000 ffffffff 00cf9300 DPL=0 DS   [-WA]
GS =0018 00000000 ffffffff 00cf9300 DPL=0 DS   [-WA]
LDT=0000 00000000 0000ffff 00008200 DPL=0 LDT
TR =0000 00000000 0000ffff 00008b00 DPL=0 TSS32-busy
GDT=     000010b0 00000020
IDT=     00107020 000007ff
CR0=00000011 CR2=00000000 CR3=00000000 CR4=00000000
DR0=00000000 DR1=00000000 DR2=00000000 DR3=00000000 
DR6=ffff0ff0 DR7=00000400
CCS=00104437 CCD=f100f4d8 CCO=SUBL
EFER=0000000000000000
check_exception old: 0xffffffff new 0x6
   402: v=06 e=0000 i=0 cpl=0 IP=0010:0000001b pc=0000001b SP=0018:001044d0 env->regs[R_EAX]=e9d43463
EAX=e9d43463 EBX=001044d4 ECX=00000018 EDX=001044d4
ESI=0000001b EDI=001044c4 EBP=00000010 ESP=001044d0
EIP=0000001b EFL=00000086 [--S--P-] CPL=0 II=0 A20=1 SMM=0 HLT=0
ES =0018 00000000 ffffffff 00cf9300 DPL=0 DS   [-WA]
CS =0010 00000000 ffffffff 00cf9a00 DPL=0 CS32 [-R-]
SS =0018 00000000 ffffffff 00cf9300 DPL=0 DS   [-WA]
DS =0018 00000000 ffffffff 00cf9300 DPL=0 DS   [-WA]
FS =0018 00000000 ffffffff 00cf9300 DPL=0 DS   [-WA]
GS =0018 00000000 ffffffff 00cf9300 DPL=0 DS   [-WA]
LDT=0000 00000000 0000ffff 00008200 DPL=0 LDT
TR =0000 00000000 0000ffff 00008b00 DPL=0 TSS32-busy
GDT=     000010b0 00000020
IDT=     00107020 000007ff
CR0=00000011 CR2=00000000 CR3=00000000 CR4=00000000
DR0=00000000 DR1=00000000 DR2=00000000 DR3=00000000 
DR6=ffff0ff0 DR7=00000400
CCS=001044d4 CCD=f100f43a CCO=SUBL
EFER=0000000000000000
check_exception old: 0xffffffff new 0x6
   403: v=06 e=0000 i=0 cpl=0 IP=0010:0000001b pc=0000001b SP=0018:001044d0 env->regs[R_EAX]=e9d43463
EAX=e9d43463 EBX=001044d4 ECX=00000018 EDX=00104437
ESI=0000001b EDI=001044c4 EBP=00000010 ESP=001044d0
EIP=0000001b EFL=00000082 [--S----] CPL=0 II=0 A20=1 SMM=0 HLT=0
ES =0018 00000000 ffffffff 00cf9300 DPL=0 DS   [-WA]
CS =0010 00000000 ffffffff 00cf9a00 DPL=0 CS32 [-R-]
SS =0018 00000000 ffffffff 00cf9300 DPL=0 DS   [-WA]
DS =0018 00000000 ffffffff 00cf9300 DPL=0 DS   [-WA]
FS =0018 00000000 ffffffff 00cf9300 DPL=0 DS   [-WA]
GS =0018 00000000 ffffffff 00cf9300 DPL=0 DS   [-WA]
LDT=0000 00000000 0000ffff 00008200 DPL=0 LDT
TR =0000 00000000 0000ffff 00008b00 DPL=0 TSS32-busy
GDT=     000010b0 00000020
IDT=     00107020 000007ff
CR0=00000011 CR2=00000000 CR3=00000000 CR4=00000000
DR0=00000000 DR1=00000000 DR2=00000000 DR3=00000000 
DR6=ffff0ff0 DR7=00000400
CCS=00104437 CCD=f100f4d6 CCO=SUBL
EFER=0000000000000000
check_exception old: 0xffffffff new 0x6
   404: v=06 e=0000 i=0 cpl=0 IP=0010:0000001b pc=0000001b SP=0018:001044d0 env->regs[R_EAX]=e9d43463
EAX=e9d43463 EBX=001044d4 ECX=00000018 EDX=001044d4
ESI=0000001b EDI=001044c4 EBP=00000010 ESP=001044d0
EIP=0000001b EFL=00000082 [--S----] CPL=0 II=0 A20=1 SMM=0 HLT=0
ES =0018 00000000 ffffffff 00cf9300 DPL=0 DS   [-WA]
CS =0010 00000000 ffffffff 00cf9a00 DPL=0 CS32 [-R-]
SS =0018 00000000 ffffffff 00cf9300 DPL=0 DS   [-WA]
DS =0018 00000000 ffffffff 00cf9300 DPL=0 DS   [-WA]
FS =0018 00000000 ffffffff 00cf9300 DPL=0 DS   [-WA]
GS =0018 00000000 ffffffff 00cf9300 DPL=0 DS   [-WA]
LDT=0000 00000000 0000ffff 00008200 DPL=0 LDT
TR =0000 00000000 0000ffff 00008b00 DPL=0 TSS32-busy
GDT=     000010b0 00000020
IDT=     00107020 000007ff
CR0=00000011 CR2=00000000 CR3=00000000 CR4=00000000
DR0=00000000 DR1=00000000 DR2=00000000 DR3=00000000 
DR6=ffff0ff0 DR7=00000400
CCS=001044d4 CCD=f100f438 CCO=SUBL
EFER=0000000000000000
check_exception old: 0xffffffff new 0x6
   405: v=06 e=0000 i=0 cpl=0 IP=0010:0000001b pc=0000001b SP=0018:001044d0 env->regs[R_EAX]=e9d43463
EAX=e9d43463 EBX=001044d4 ECX=00000018 EDX=00104437
ESI=0000001b EDI=001044c4 EBP=00000010 ESP=001044d0
EIP=0000001b EFL=00000086 [--S--P-] CPL=0 II=0 A20=1 SMM=0 HLT=0
ES =0018 00000000 ffffffff 00cf9300 DPL=0 DS   [-WA]
CS =0010 00000000 ffffffff 00cf9a00 DPL=0 CS32 [-R-]
SS =0018 00000000 ffffffff 00cf9300 DPL=0 DS   [-WA]
DS =0018 00000000 ffffffff 00cf9300 DPL=0 DS   [-WA]
FS =0018 00000000 ffffffff 00cf9300 DPL=0 DS   [-WA]
GS =0018 00000000 ffffffff 00cf9300 DPL=0 DS   [-WA]
LDT=0000 00000000 0000ffff 00008200 DPL=0 LDT
TR =0000 00000000 0000ffff 00008b00 DPL=0 TSS32-busy
GDT=     000010b0 00000020
IDT=     00107020 000007ff
CR0=00000011 CR2=00000000 CR3=00000000 CR4=00000000
DR0=00000000 DR1=00000000 DR2=00000000 DR3=00000000 
DR6=ffff0ff0 DR7=00000400
CCS=00104437 CCD=f100f4d4 CCO=SUBL
EFER=0000000000000000
check_exception old: 0xffffffff new 0x6
   406: v=06 e=0000 i=0 cpl=0 IP=0010:0000001b pc=0000001b SP=0018:001044d0 env->regs[R_EAX]=e9d43463
EAX=e9d43463 EBX=001044d4 ECX=00000018 EDX=001044d4
ESI=0000001b EDI=001044c4 EBP=00000010 ESP=001044d0
EIP=0000001b EFL=00000086 [--S--P-] CPL=0 II=0 A20=1 SMM=0 HLT=0
ES =0018 00000000 ffffffff 00cf9300 DPL=0 DS   [-WA]
CS =0010 00000000 ffffffff 00cf9a00 DPL=0 CS32 [-R-]
SS =0018 00000000 ffffffff 00cf9300 DPL=0 DS   [-WA]
DS =0018 00000000 ffffffff 00cf9300 DPL=0 DS   [-WA]
FS =0018 00000000 ffffffff 00cf9300 DPL=0 DS   [-WA]
GS =0018 00000000 ffffffff 00cf9300 DPL=0 DS   [-WA]
LDT=0000 00000000 0000ffff 00008200 DPL=0 LDT
TR =0000 00000000 0000ffff 00008b00 DPL=0 TSS32-busy
GDT=     000010b0 00000020
IDT=     00107020 000007ff
CR0=00000011 CR2=00000000 CR3=00000000 CR4=00000000
DR0=00000000 DR1=00000000 DR2=00000000 DR3=00000000 
DR6=ffff0ff0 DR7=00000400
CCS=001044d4 CCD=f100f436 CCO=SUBL
EFER=0000000000000000
check_exception old: 0xffffffff new 0x6
   407: v=06 e=0000 i=0 cpl=0 IP=0010:0000001b pc=0000001b SP=0018:001044d0 env->regs[R_EAX]=e9d43463
EAX=e9d43463 EBX=001044d4 ECX=00000018 EDX=00104437
ESI=0000001b EDI=001044c4 EBP=00000010 ESP=001044d0
EIP=0000001b EFL=00000086 [--S--P-] CPL=0 II=0 A20=1 SMM=0 HLT=0
ES =0018 00000000 ffffffff 00cf9300 DPL=0 DS   [-WA]
CS =0010 00000000 ffffffff 00cf9a00 DPL=0 CS32 [-R-]
SS =0018 00000000 ffffffff 00cf9300 DPL=0 DS   [-WA]
DS =0018 00000000 ffffffff 00cf9300 DPL=0 DS   [-WA]
FS =0018 00000000 ffffffff 00cf9300 DPL=0 DS   [-WA]
GS =0018 00000000 ffffffff 00cf9300 DPL=0 DS   [-WA]
LDT=0000 00000000 0000ffff 00008200 DPL=0 LDT
TR =0000 00000000 0000ffff 00008b00 DPL=0 TSS32-busy
GDT=     000010b0 00000020
IDT=     00107020 000007ff
CR0=00000011 CR2=00000000 CR3=00000000 CR4=00000000
DR0=00000000 DR1=00000000 DR2=00000000 DR3=00000000 
DR6=ffff0ff0 DR7=00000400
CCS=00104437 CCD=f100f4d2 CCO=SUBL
EFER=0000000000000000
check_exception old: 0xffffffff new 0x6
   408: v=06 e=0000 i=0 cpl=0 IP=0010:0000001b pc=0000001b SP=0018:001044d0 env->regs[R_EAX]=e9d43463
EAX=e9d43463 EBX=001044d4 ECX=00000018 EDX=001044d4
ESI=0000001b EDI=001044c4 EBP=00000010 ESP=001044d0
EIP=0000001b EFL=00000082 [--S----] CPL=0 II=0 A20=1 SMM=0 HLT=0
ES =0018 00000000 ffffffff 00cf9300 DPL=0 DS   [-WA]
CS =0010 00000000 ffffffff 00cf9a00 DPL=0 CS32 [-R-]
SS =0018 00000000 ffffffff 00cf9300 DPL=0 DS   [-WA]
DS =0018 00000000 ffffffff 00cf9300 DPL=0 DS   [-WA]
FS =0018 00000000 ffffffff 00cf9300 DPL=0 DS   [-WA]
GS =0018 00000000 ffffffff 00cf9300 DPL=0 DS   [-WA]
LDT=0000 00000000 0000ffff 00008200 DPL=0 LDT
TR =0000 00000000 0000ffff 00008b00 DPL=0 TSS32-busy
GDT=     000010b0 00000020
IDT=     00107020 000007ff
CR0=00000011 CR2=00000000 CR3=00000000 CR4=00000000
DR0=00000000 DR1=00000000 DR2=00000000 DR3=00000000 
DR6=ffff0ff0 DR7=00000400
CCS=001044d4 CCD=f100f434 CCO=SUBL
EFER=0000000000000000
check_exception old: 0xffffffff new 0x6
   409: v=06 e=0000 i=0 cpl=0 IP=0010:0000001b pc=0000001b SP=0018:001044d0 env->regs[R_EAX]=e9d43463
EAX=e9d43463 EBX=001044d4 ECX=00000018 EDX=00104437
ESI=0000001b EDI=001044c4 EBP=00000010 ESP=001044d0
EIP=0000001b EFL=00000082 [--S----] CPL=0 II=0 A20=1 SMM=0 HLT=0
ES =0018 00000000 ffffffff 00cf9300 DPL=0 DS   [-WA]
CS =0010 00000000 ffffffff 00cf9a00 DPL=0 CS32 [-R-]
SS =0018 00000000 ffffffff 00cf9300 DPL=0 DS   [-WA]
DS =0018 00000000 ffffffff 00cf9300 DPL=0 DS   [-WA]
FS =0018 00000000 ffffffff 00cf9300 DPL=0 DS   [-WA]
GS =0018 00000000 ffffffff 00cf9300 DPL=0 DS   [-WA]
LDT=0000 00000000 0000ffff 00008200 DPL=0 LDT
TR =0000 00000000 0000ffff 00008b00 DPL=0 TSS32-busy
GDT=     000010b0 00000020
IDT=     00107020 000007ff
CR0=00000011 CR2=00000000 CR3=00000000 CR4=00000000
DR0=00000000 DR1=00000000 DR2=00000000 DR3=00000000 
DR6=ffff0ff0 DR7=00000400
CCS=00104437 CCD=f100f4d0 CCO=SUBL
EFER=0000000000000000
check_exception old: 0xffffffff new 0x6
   410: v=06 e=0000 i=0 cpl=0 IP=0010:0000001b pc=0000001b SP=0018:001044d0 env->regs[R_EAX]=e9d43463
EAX=e9d43463 EBX=001044d4 ECX=00000018 EDX=001044d4
ESI=0000001b EDI=001044c4 EBP=00000010 ESP=001044d0
EIP=0000001b EFL=00000082 [--S----] CPL=0 II=0 A20=1 SMM=0 HLT=0
ES =0018 00000000 ffffffff 00cf9300 DPL=0 DS   [-WA]
CS =0010 00000000 ffffffff 00cf9a00 DPL=0 CS32 [-R-]
SS =0018 00000000 ffffffff 00cf9300 DPL=0 DS   [-WA]
DS =0018 00000000 ffffffff 00cf9300 DPL=0 DS   [-WA]
FS =0018 00000000 ffffffff 00cf9300 DPL=0 DS   [-WA]
GS =0018 00000000 ffffffff 00cf9300 DPL=0 DS   [-WA]
LDT=0000 00000000 0000ffff 00008200 DPL=0 LDT
TR =0000 00000000 0000ffff 00008b00 DPL=0 TSS32-busy
GDT=     000010b0 00000020
IDT=     00107020 000007ff
CR0=00000011 CR2=00000000 CR3=00000000 CR4=00000000
DR0=00000000 DR1=00000000 DR2=00000000 DR3=00000000 
DR6=ffff0ff0 DR7=00000400
CCS=001044d4 CCD=f100f432 CCO=SUBL
EFER=0000000000000000
check_exception old: 0xffffffff new 0x6
   411: v=06 e=0000 i=0 cpl=0 IP=0010:0000001b pc=0000001b SP=0018:001044d0 env->regs[R_EAX]=e9d43463
EAX=e9d43463 EBX=001044d4 ECX=00000018 EDX=00104437
ESI=0000001b EDI=001044c4 EBP=00000010 ESP=001044d0
EIP=0000001b EFL=00000092 [--S-A--] CPL=0 II=0 A20=1 SMM=0 HLT=0
ES =0018 00000000 ffffffff 00cf9300 DPL=0 DS   [-WA]
CS =0010 00000000 ffffffff 00cf9a00 DPL=0 CS32 [-R-]
SS =0018 00000000 ffffffff 00cf9300 DPL=0 DS   [-WA]
DS =0018 00000000 ffffffff 00cf9300 DPL=0 DS   [-WA]
FS =0018 00000000 ffffffff 00cf9300 DPL=0 DS   [-WA]
GS =0018 00000000 ffffffff 00cf9300 DPL=0 DS   [-WA]
LDT=0000 00000000 0000ffff 00008200 DPL=0 LDT
TR =0000 00000000 0000ffff 00008b00 DPL=0 TSS32-busy
GDT=     000010b0 00000020
IDT=     00107020 000007ff
CR0=00000011 CR2=00000000 CR3=00000000 CR4=00000000
DR0=00000000 DR1=00000000 DR2=00000000 DR3=00000000 
DR6=ffff0ff0 DR7=00000400
CCS=00104437 CCD=f100f4ce CCO=SUBL
EFER=0000000000000000
check_exception old: 0xffffffff new 0x6
   412: v=06 e=0000 i=0 cpl=0 IP=0010:0000001b pc=0000001b SP=0018:001044d0 env->regs[R_EAX]=e9d43463
EAX=e9d43463 EBX=001044d4 ECX=00000018 EDX=001044d4
ESI=0000001b EDI=001044c4 EBP=00000010 ESP=001044d0
EIP=0000001b EFL=00000086 [--S--P-] CPL=0 II=0 A20=1 SMM=0 HLT=0
ES =0018 00000000 ffffffff 00cf9300 DPL=0 DS   [-WA]
CS =0010 00000000 ffffffff 00cf9a00 DPL=0 CS32 [-R-]
SS =0018 00000000 ffffffff 00cf9300 DPL=0 DS   [-WA]
DS =0018 00000000 ffffffff 00cf9300 DPL=0 DS   [-WA]
FS =0018 00000000 ffffffff 00cf9300 DPL=0 DS   [-WA]
GS =0018 00000000 ffffffff 00cf9300 DPL=0 DS   [-WA]
LDT=0000 00000000 0000ffff 00008200 DPL=0 LDT
TR =0000 00000000 0000ffff 00008b00 DPL=0 TSS32-busy
GDT=     000010b0 00000020
IDT=     00107020 000007ff
CR0=00000011 CR2=00000000 CR3=00000000 CR4=00000000
DR0=00000000 DR1=00000000 DR2=00000000 DR3=00000000 
DR6=ffff0ff0 DR7=00000400
CCS=001044d4 CCD=f100f430 CCO=SUBL
EFER=0000000000000000
check_exception old: 0xffffffff new 0x6
   413: v=06 e=0000 i=0 cpl=0 IP=0010:0000001b pc=0000001b SP=0018:001044d0 env->regs[R_EAX]=e9d43463
EAX=e9d43463 EBX=001044d4 ECX=00000018 EDX=00104437
ESI=0000001b EDI=001044c4 EBP=00000010 ESP=001044d0
EIP=0000001b EFL=00000096 [--S-AP-] CPL=0 II=0 A20=1 SMM=0 HLT=0
ES =0018 00000000 ffffffff 00cf9300 DPL=0 DS   [-WA]
CS =0010 00000000 ffffffff 00cf9a00 DPL=0 CS32 [-R-]
SS =0018 00000000 ffffffff 00cf9300 DPL=0 DS   [-WA]
DS =0018 00000000 ffffffff 00cf9300 DPL=0 DS   [-WA]
FS =0018 00000000 ffffffff 00cf9300 DPL=0 DS   [-WA]
GS =0018 00000000 ffffffff 00cf9300 DPL=0 DS   [-WA]
LDT=0000 00000000 0000ffff 00008200 DPL=0 LDT
TR =0000 00000000 0000ffff 00008b00 DPL=0 TSS32-busy
GDT=     000010b0 00000020
IDT=     00107020 000007ff
CR0=00000011 CR2=00000000 CR3=00000000 CR4=00000000
DR0=00000000 DR1=00000000 DR2=00000000 DR3=00000000 
DR6=ffff0ff0 DR7=00000400
CCS=00104437 CCD=f100f4cc CCO=SUBL
EFER=0000000000000000
check_exception old: 0xffffffff new 0x6
   414: v=06 e=0000 i=0 cpl=0 IP=0010:0000001b pc=0000001b SP=0018:001044d0 env->regs[R_EAX]=e9d43463
EAX=e9d43463 EBX=001044d4 ECX=00000018 EDX=001044d4
ESI=0000001b EDI=001044c4 EBP=00000010 ESP=001044d0
EIP=0000001b EFL=00000096 [--S-AP-] CPL=0 II=0 A20=1 SMM=0 HLT=0
ES =0018 00000000 ffffffff 00cf9300 DPL=0 DS   [-WA]
CS =0010 00000000 ffffffff 00cf9a00 DPL=0 CS32 [-R-]
SS =0018 00000000 ffffffff 00cf9300 DPL=0 DS   [-WA]
DS =0018 00000000 ffffffff 00cf9300 DPL=0 DS   [-WA]
FS =0018 00000000 ffffffff 00cf9300 DPL=0 DS   [-WA]
GS =0018 00000000 ffffffff 00cf9300 DPL=0 DS   [-WA]
LDT=0000 00000000 0000ffff 00008200 DPL=0 LDT
TR =0000 00000000 0000ffff 00008b00 DPL=0 TSS32-busy
GDT=     000010b0 00000020
IDT=     00107020 000007ff
CR0=00000011 CR2=00000000 CR3=00000000 CR4=00000000
DR0=00000000 DR1=00000000 DR2=00000000 DR3=00000000 
DR6=ffff0ff0 DR7=00000400
CCS=001044d4 CCD=f100f42e CCO=SUBL
EFER=0000000000000000
check_exception old: 0xffffffff new 0x6
   415: v=06 e=0000 i=0 cpl=0 IP=0010:0000001b pc=0000001b SP=0018:001044d0 env->regs[R_EAX]=e9d43463
EAX=e9d43463 EBX=001044d4 ECX=00000018 EDX=00104437
ESI=0000001b EDI=001044c4 EBP=00000010 ESP=001044d0
EIP=0000001b EFL=00000096 [--S-AP-] CPL=0 II=0 A20=1 SMM=0 HLT=0
ES =0018 00000000 ffffffff 00cf9300 DPL=0 DS   [-WA]
CS =0010 00000000 ffffffff 00cf9a00 DPL=0 CS32 [-R-]
SS =0018 00000000 ffffffff 00cf9300 DPL=0 DS   [-WA]
DS =0018 00000000 ffffffff 00cf9300 DPL=0 DS   [-WA]
FS =0018 00000000 ffffffff 00cf9300 DPL=0 DS   [-WA]
GS =0018 00000000 ffffffff 00cf9300 DPL=0 DS   [-WA]
LDT=0000 00000000 0000ffff 00008200 DPL=0 LDT
TR =0000 00000000 0000ffff 00008b00 DPL=0 TSS32-busy
GDT=     000010b0 00000020
IDT=     00107020 000007ff
CR0=00000011 CR2=00000000 CR3=00000000 CR4=00000000
DR0=00000000 DR1=00000000 DR2=00000000 DR3=00000000 
DR6=ffff0ff0 DR7=00000400
CCS=00104437 CCD=f100f4ca CCO=SUBL
EFER=0000000000000000
check_exception old: 0xffffffff new 0x6
   416: v=06 e=0000 i=0 cpl=0 IP=0010:0000001b pc=0000001b SP=0018:001044d0 env->regs[R_EAX]=e9d43463
EAX=e9d43463 EBX=001044d4 ECX=00000018 EDX=001044d4
ESI=0000001b EDI=001044c4 EBP=00000010 ESP=001044d0
EIP=0000001b EFL=00000092 [--S-A--] CPL=0 II=0 A20=1 SMM=0 HLT=0
ES =0018 00000000 ffffffff 00cf9300 DPL=0 DS   [-WA]
CS =0010 00000000 ffffffff 00cf9a00 DPL=0 CS32 [-R-]
SS =0018 00000000 ffffffff 00cf9300 DPL=0 DS   [-WA]
DS =0018 00000000 ffffffff 00cf9300 DPL=0 DS   [-WA]
FS =0018 00000000 ffffffff 00cf9300 DPL=0 DS   [-WA]
GS =0018 00000000 ffffffff 00cf9300 DPL=0 DS   [-WA]
LDT=0000 00000000 0000ffff 00008200 DPL=0 LDT
TR =0000 00000000 0000ffff 00008b00 DPL=0 TSS32-busy
GDT=     000010b0 00000020
IDT=     00107020 000007ff
CR0=00000011 CR2=00000000 CR3=00000000 CR4=00000000
DR0=00000000 DR1=00000000 DR2=00000000 DR3=00000000 
DR6=ffff0ff0 DR7=00000400
CCS=001044d4 CCD=f100f42c CCO=SUBL
EFER=0000000000000000
check_exception old: 0xffffffff new 0x6
   417: v=06 e=0000 i=0 cpl=0 IP=0010:0000001b pc=0000001b SP=0018:001044d0 env->regs[R_EAX]=e9d43463
EAX=e9d43463 EBX=001044d4 ECX=00000018 EDX=00104437
ESI=0000001b EDI=001044c4 EBP=00000010 ESP=001044d0
EIP=0000001b EFL=00000082 [--S----] CPL=0 II=0 A20=1 SMM=0 HLT=0
ES =0018 00000000 ffffffff 00cf9300 DPL=0 DS   [-WA]
CS =0010 00000000 ffffffff 00cf9a00 DPL=0 CS32 [-R-]
SS =0018 00000000 ffffffff 00cf9300 DPL=0 DS   [-WA]
DS =0018 00000000 ffffffff 00cf9300 DPL=0 DS   [-WA]
FS =0018 00000000 ffffffff 00cf9300 DPL=0 DS   [-WA]
GS =0018 00000000 ffffffff 00cf9300 DPL=0 DS   [-WA]
LDT=0000 00000000 0000ffff 00008200 DPL=0 LDT
TR =0000 00000000 0000ffff 00008b00 DPL=0 TSS32-busy
GDT=     000010b0 00000020
IDT=     00107020 000007ff
CR0=00000011 CR2=00000000 CR3=00000000 CR4=00000000
DR0=00000000 DR1=00000000 DR2=00000000 DR3=00000000 
DR6=ffff0ff0 DR7=00000400
CCS=00104437 CCD=ffefbcc8 CCO=SUBB
EFER=0000000000000000
check_exception old: 0xffffffff new 0x6
   418: v=06 e=0000 i=0 cpl=0 IP=0010:0000001b pc=0000001b SP=0018:001044d0 env->regs[R_EAX]=e9d43463
EAX=e9d43463 EBX=001044d4 ECX=00000018 EDX=001044d4
ESI=0000001b EDI=001044c4 EBP=00000010 ESP=001044d0
EIP=0000001b EFL=00000002 [-------] CPL=0 II=0 A20=1 SMM=0 HLT=0
ES =0018 00000000 ffffffff 00cf9300 DPL=0 DS   [-WA]
CS =0010 00000000 ffffffff 00cf9a00 DPL=0 CS32 [-R-]
SS =0018 00000000 ffffffff 00cf9300 DPL=0 DS   [-WA]
DS =0018 00000000 ffffffff 00cf9300 DPL=0 DS   [-WA]
FS =0018 00000000 ffffffff 00cf9300 DPL=0 DS   [-WA]
GS =0018 00000000 ffffffff 00cf9300 DPL=0 DS   [-WA]
LDT=0000 00000000 0000ffff 00008200 DPL=0 LDT
TR =0000 00000000 0000ffff 00008b00 DPL=0 TSS32-busy
GDT=     000010b0 00000020
IDT=     00107020 000007ff
CR0=00000011 CR2=00000000 CR3=00000000 CR4=00000000
DR0=00000000 DR1=00000000 DR2=00000000 DR3=00000000 
DR6=ffff0ff0 DR7=00000400
CCS=001044d4 CCD=ffefbc2a CCO=SUBB
EFER=0000000000000000
check_exception old: 0xffffffff new 0x6
   419: v=06 e=0000 i=0 cpl=0 IP=0010:0000001b pc=0000001b SP=0018:001044d0 env->regs[R_EAX]=e9d43463
EAX=e9d43463 EBX=001044d4 ECX=00000018 EDX=00104437
ESI=0000001b EDI=001044c4 EBP=00000010 ESP=001044d0
EIP=0000001b EFL=00000086 [--S--P-] CPL=0 II=0 A20=1 SMM=0 HLT=0
ES =0018 00000000 ffffffff 00cf9300 DPL=0 DS   [-WA]
CS =0010 00000000 ffffffff 00cf9a00 DPL=0 CS32 [-R-]
SS =0018 00000000 ffffffff 00cf9300 DPL=0 DS   [-WA]
DS =0018 00000000 ffffffff 00cf9300 DPL=0 DS   [-WA]
FS =0018 00000000 ffffffff 00cf9300 DPL=0 DS   [-WA]
GS =0018 00000000 ffffffff 00cf9300 DPL=0 DS   [-WA]
LDT=0000 00000000 0000ffff 00008200 DPL=0 LDT
TR =0000 00000000 0000ffff 00008b00 DPL=0 TSS32-busy
GDT=     000010b0 00000020
IDT=     00107020 000007ff
CR0=00000011 CR2=00000000 CR3=00000000 CR4=00000000
DR0=00000000 DR1=00000000 DR2=00000000 DR3=00000000 
DR6=ffff0ff0 DR7=00000400
CCS=00104437 CCD=ffefbcc6 CCO=SUBB
EFER=0000000000000000
check_exception old: 0xffffffff new 0x6
   420: v=06 e=0000 i=0 cpl=0 IP=0010:0000001b pc=0000001b SP=0018:001044d0 env->regs[R_EAX]=e9d43463
EAX=e9d43463 EBX=001044d4 ECX=00000018 EDX=001044d4
ESI=0000001b EDI=001044c4 EBP=00000010 ESP=001044d0
EIP=0000001b EFL=00000006 [-----P-] CPL=0 II=0 A20=1 SMM=0 HLT=0
ES =0018 00000000 ffffffff 00cf9300 DPL=0 DS   [-WA]
CS =0010 00000000 ffffffff 00cf9a00 DPL=0 CS32 [-R-]
SS =0018 00000000 ffffffff 00cf9300 DPL=0 DS   [-WA]
DS =0018 00000000 ffffffff 00cf9300 DPL=0 DS   [-WA]
FS =0018 00000000 ffffffff 00cf9300 DPL=0 DS   [-WA]
GS =0018 00000000 ffffffff 00cf9300 DPL=0 DS   [-WA]
LDT=0000 00000000 0000ffff 00008200 DPL=0 LDT
TR =0000 00000000 0000ffff 00008b00 DPL=0 TSS32-busy
GDT=     000010b0 00000020
IDT=     00107020 000007ff
CR0=00000011 CR2=00000000 CR3=00000000 CR4=00000000
DR0=00000000 DR1=00000000 DR2=00000000 DR3=00000000 
DR6=ffff0ff0 DR7=00000400
CCS=001044d4 CCD=ffefbc28 CCO=SUBB
EFER=0000000000000000
check_exception old: 0xffffffff new 0x6
   421: v=06 e=0000 i=0 cpl=0 IP=0010:0000001b pc=0000001b SP=0018:001044d0 env->regs[R_EAX]=e9d43463
EAX=e9d43463 EBX=001044d4 ECX=00000018 EDX=00104437
ESI=0000001b EDI=001044c4 EBP=00000010 ESP=001044d0
EIP=0000001b EFL=00000082 [--S----] CPL=0 II=0 A20=1 SMM=0 HLT=0
ES =0018 00000000 ffffffff 00cf9300 DPL=0 DS   [-WA]
CS =0010 00000000 ffffffff 00cf9a00 DPL=0 CS32 [-R-]
SS =0018 00000000 ffffffff 00cf9300 DPL=0 DS   [-WA]
DS =0018 00000000 ffffffff 00cf9300 DPL=0 DS   [-WA]
FS =0018 00000000 ffffffff 00cf9300 DPL=0 DS   [-WA]
GS =0018 00000000 ffffffff 00cf9300 DPL=0 DS   [-WA]
LDT=0000 00000000 0000ffff 00008200 DPL=0 LDT
TR =0000 00000000 0000ffff 00008b00 DPL=0 TSS32-busy
GDT=     000010b0 00000020
IDT=     00107020 000007ff
CR0=00000011 CR2=00000000 CR3=00000000 CR4=00000000
DR0=00000000 DR1=00000000 DR2=00000000 DR3=00000000 
DR6=ffff0ff0 DR7=00000400
CCS=00104437 CCD=ffefbcc4 CCO=SUBB
EFER=0000000000000000
check_exception old: 0xffffffff new 0x6
   422: v=06 e=0000 i=0 cpl=0 IP=0010:0000001b pc=0000001b SP=0018:001044d0 env->regs[R_EAX]=e9d43463
EAX=e9d43463 EBX=001044d4 ECX=00000018 EDX=001044d4
ESI=0000001b EDI=001044c4 EBP=00000010 ESP=001044d0
EIP=0000001b EFL=00000002 [-------] CPL=0 II=0 A20=1 SMM=0 HLT=0
ES =0018 00000000 ffffffff 00cf9300 DPL=0 DS   [-WA]
CS =0010 00000000 ffffffff 00cf9a00 DPL=0 CS32 [-R-]
SS =0018 00000000 ffffffff 00cf9300 DPL=0 DS   [-WA]
DS =0018 00000000 ffffffff 00cf9300 DPL=0 DS   [-WA]
FS =0018 00000000 ffffffff 00cf9300 DPL=0 DS   [-WA]
GS =0018 00000000 ffffffff 00cf9300 DPL=0 DS   [-WA]
LDT=0000 00000000 0000ffff 00008200 DPL=0 LDT
TR =0000 00000000 0000ffff 00008b00 DPL=0 TSS32-busy
GDT=     000010b0 00000020
IDT=     00107020 000007ff
CR0=00000011 CR2=00000000 CR3=00000000 CR4=00000000
DR0=00000000 DR1=00000000 DR2=00000000 DR3=00000000 
DR6=ffff0ff0 DR7=00000400
CCS=001044d4 CCD=ffefbc26 CCO=SUBB
EFER=0000000000000000
check_exception old: 0xffffffff new 0x6
   423: v=06 e=0000 i=0 cpl=0 IP=0010:0000001b pc=0000001b SP=0018:001044d0 env->regs[R_EAX]=e9d43463
EAX=e9d43463 EBX=001044d4 ECX=00000018 EDX=00104437
ESI=0000001b EDI=001044c4 EBP=00000010 ESP=001044d0
EIP=0000001b EFL=00000082 [--S----] CPL=0 II=0 A20=1 SMM=0 HLT=0
ES =0018 00000000 ffffffff 00cf9300 DPL=0 DS   [-WA]
CS =0010 00000000 ffffffff 00cf9a00 DPL=0 CS32 [-R-]
SS =0018 00000000 ffffffff 00cf9300 DPL=0 DS   [-WA]
DS =0018 00000000 ffffffff 00cf9300 DPL=0 DS   [-WA]
FS =0018 00000000 ffffffff 00cf9300 DPL=0 DS   [-WA]
GS =0018 00000000 ffffffff 00cf9300 DPL=0 DS   [-WA]
LDT=0000 00000000 0000ffff 00008200 DPL=0 LDT
TR =0000 00000000 0000ffff 00008b00 DPL=0 TSS32-busy
GDT=     000010b0 00000020
IDT=     00107020 000007ff
CR0=00000011 CR2=00000000 CR3=00000000 CR4=00000000
DR0=00000000 DR1=00000000 DR2=00000000 DR3=00000000 
DR6=ffff0ff0 DR7=00000400
CCS=00104437 CCD=ffefbcc2 CCO=SUBB
EFER=0000000000000000
check_exception old: 0xffffffff new 0x6
   424: v=06 e=0000 i=0 cpl=0 IP=0010:0000001b pc=0000001b SP=0018:001044d0 env->regs[R_EAX]=e9d43463
EAX=e9d43463 EBX=001044d4 ECX=00000018 EDX=001044d4
ESI=0000001b EDI=001044c4 EBP=00000010 ESP=001044d0
EIP=0000001b EFL=00000006 [-----P-] CPL=0 II=0 A20=1 SMM=0 HLT=0
ES =0018 00000000 ffffffff 00cf9300 DPL=0 DS   [-WA]
CS =0010 00000000 ffffffff 00cf9a00 DPL=0 CS32 [-R-]
SS =0018 00000000 ffffffff 00cf9300 DPL=0 DS   [-WA]
DS =0018 00000000 ffffffff 00cf9300 DPL=0 DS   [-WA]
FS =0018 00000000 ffffffff 00cf9300 DPL=0 DS   [-WA]
GS =0018 00000000 ffffffff 00cf9300 DPL=0 DS   [-WA]
LDT=0000 00000000 0000ffff 00008200 DPL=0 LDT
TR =0000 00000000 0000ffff 00008b00 DPL=0 TSS32-busy
GDT=     000010b0 00000020
IDT=     00107020 000007ff
CR0=00000011 CR2=00000000 CR3=00000000 CR4=00000000
DR0=00000000 DR1=00000000 DR2=00000000 DR3=00000000 
DR6=ffff0ff0 DR7=00000400
CCS=001044d4 CCD=ffefbc24 CCO=SUBB
EFER=0000000000000000
check_exception old: 0xffffffff new 0x6
   425: v=06 e=0000 i=0 cpl=0 IP=0010:0000001b pc=0000001b SP=0018:001044d0 env->regs[R_EAX]=e9d43463
EAX=e9d43463 EBX=001044d4 ECX=00000018 EDX=00104437
ESI=0000001b EDI=001044c4 EBP=00000010 ESP=001044d0
EIP=0000001b EFL=00000086 [--S--P-] CPL=0 II=0 A20=1 SMM=0 HLT=0
ES =0018 00000000 ffffffff 00cf9300 DPL=0 DS   [-WA]
CS =0010 00000000 ffffffff 00cf9a00 DPL=0 CS32 [-R-]
SS =0018 00000000 ffffffff 00cf9300 DPL=0 DS   [-WA]
DS =0018 00000000 ffffffff 00cf9300 DPL=0 DS   [-WA]
FS =0018 00000000 ffffffff 00cf9300 DPL=0 DS   [-WA]
GS =0018 00000000 ffffffff 00cf9300 DPL=0 DS   [-WA]
LDT=0000 00000000 0000ffff 00008200 DPL=0 LDT
TR =0000 00000000 0000ffff 00008b00 DPL=0 TSS32-busy
GDT=     000010b0 00000020
IDT=     00107020 000007ff
CR0=00000011 CR2=00000000 CR3=00000000 CR4=00000000
DR0=00000000 DR1=00000000 DR2=00000000 DR3=00000000 
DR6=ffff0ff0 DR7=00000400
CCS=00104437 CCD=ffefbcc0 CCO=SUBB
EFER=0000000000000000
check_exception old: 0xffffffff new 0x6
   426: v=06 e=0000 i=0 cpl=0 IP=0010:0000001b pc=0000001b SP=0018:001044d0 env->regs[R_EAX]=e9d43463
EAX=e9d43463 EBX=001044d4 ECX=00000018 EDX=001044d4
ESI=0000001b EDI=001044c4 EBP=00000010 ESP=001044d0
EIP=0000001b EFL=00000006 [-----P-] CPL=0 II=0 A20=1 SMM=0 HLT=0
ES =0018 00000000 ffffffff 00cf9300 DPL=0 DS   [-WA]
CS =0010 00000000 ffffffff 00cf9a00 DPL=0 CS32 [-R-]
SS =0018 00000000 ffffffff 00cf9300 DPL=0 DS   [-WA]
DS =0018 00000000 ffffffff 00cf9300 DPL=0 DS   [-WA]
FS =0018 00000000 ffffffff 00cf9300 DPL=0 DS   [-WA]
GS =0018 00000000 ffffffff 00cf9300 DPL=0 DS   [-WA]
LDT=0000 00000000 0000ffff 00008200 DPL=0 LDT
TR =0000 00000000 0000ffff 00008b00 DPL=0 TSS32-busy
GDT=     000010b0 00000020
IDT=     00107020 000007ff
CR0=00000011 CR2=00000000 CR3=00000000 CR4=00000000
DR0=00000000 DR1=00000000 DR2=00000000 DR3=00000000 
DR6=ffff0ff0 DR7=00000400
CCS=001044d4 CCD=ffefbc22 CCO=SUBB
EFER=0000000000000000
check_exception old: 0xffffffff new 0x6
   427: v=06 e=0000 i=0 cpl=0 IP=0010:0000001b pc=0000001b SP=0018:001044d0 env->regs[R_EAX]=e9d43463
EAX=e9d43463 EBX=001044d4 ECX=00000018 EDX=00104437
ESI=0000001b EDI=001044c4 EBP=00000010 ESP=001044d0
EIP=0000001b EFL=00000096 [--S-AP-] CPL=0 II=0 A20=1 SMM=0 HLT=0
ES =0018 00000000 ffffffff 00cf9300 DPL=0 DS   [-WA]
CS =0010 00000000 ffffffff 00cf9a00 DPL=0 CS32 [-R-]
SS =0018 00000000 ffffffff 00cf9300 DPL=0 DS   [-WA]
DS =0018 00000000 ffffffff 00cf9300 DPL=0 DS   [-WA]
FS =0018 00000000 ffffffff 00cf9300 DPL=0 DS   [-WA]
GS =0018 00000000 ffffffff 00cf9300 DPL=0 DS   [-WA]
LDT=0000 00000000 0000ffff 00008200 DPL=0 LDT
TR =0000 00000000 0000ffff 00008b00 DPL=0 TSS32-busy
GDT=     000010b0 00000020
IDT=     00107020 000007ff
CR0=00000011 CR2=00000000 CR3=00000000 CR4=00000000
DR0=00000000 DR1=00000000 DR2=00000000 DR3=00000000 
DR6=ffff0ff0 DR7=00000400
CCS=00104437 CCD=ffefbcbe CCO=SUBB
EFER=0000000000000000
check_exception old: 0xffffffff new 0x6
   428: v=06 e=0000 i=0 cpl=0 IP=0010:0000001b pc=0000001b SP=0018:001044d0 env->regs[R_EAX]=e9d43463
EAX=e9d43463 EBX=001044d4 ECX=00000018 EDX=001044d4
ESI=0000001b EDI=001044c4 EBP=00000010 ESP=001044d0
EIP=0000001b EFL=00000002 [-------] CPL=0 II=0 A20=1 SMM=0 HLT=0
ES =0018 00000000 ffffffff 00cf9300 DPL=0 DS   [-WA]
CS =0010 00000000 ffffffff 00cf9a00 DPL=0 CS32 [-R-]
SS =0018 00000000 ffffffff 00cf9300 DPL=0 DS   [-WA]
DS =0018 00000000 ffffffff 00cf9300 DPL=0 DS   [-WA]
FS =0018 00000000 ffffffff 00cf9300 DPL=0 DS   [-WA]
GS =0018 00000000 ffffffff 00cf9300 DPL=0 DS   [-WA]
LDT=0000 00000000 0000ffff 00008200 DPL=0 LDT
TR =0000 00000000 0000ffff 00008b00 DPL=0 TSS32-busy
GDT=     000010b0 00000020
IDT=     00107020 000007ff
CR0=00000011 CR2=00000000 CR3=00000000 CR4=00000000
DR0=00000000 DR1=00000000 DR2=00000000 DR3=00000000 
DR6=ffff0ff0 DR7=00000400
CCS=001044d4 CCD=ffefbc20 CCO=SUBB
EFER=0000000000000000
check_exception old: 0xffffffff new 0x6
   429: v=06 e=0000 i=0 cpl=0 IP=0010:0000001b pc=0000001b SP=0018:001044d0 env->regs[R_EAX]=e9d43463
EAX=e9d43463 EBX=001044d4 ECX=00000018 EDX=00104437
ESI=0000001b EDI=001044c4 EBP=00000010 ESP=001044d0
EIP=0000001b EFL=00000092 [--S-A--] CPL=0 II=0 A20=1 SMM=0 HLT=0
ES =0018 00000000 ffffffff 00cf9300 DPL=0 DS   [-WA]
CS =0010 00000000 ffffffff 00cf9a00 DPL=0 CS32 [-R-]
SS =0018 00000000 ffffffff 00cf9300 DPL=0 DS   [-WA]
DS =0018 00000000 ffffffff 00cf9300 DPL=0 DS   [-WA]
FS =0018 00000000 ffffffff 00cf9300 DPL=0 DS   [-WA]
GS =0018 00000000 ffffffff 00cf9300 DPL=0 DS   [-WA]
LDT=0000 00000000 0000ffff 00008200 DPL=0 LDT
TR =0000 00000000 0000ffff 00008b00 DPL=0 TSS32-busy
GDT=     000010b0 00000020
IDT=     00107020 000007ff
CR0=00000011 CR2=00000000 CR3=00000000 CR4=00000000
DR0=00000000 DR1=00000000 DR2=00000000 DR3=00000000 
DR6=ffff0ff0 DR7=00000400
CCS=00104437 CCD=ffefbcbc CCO=SUBB
EFER=0000000000000000
check_exception old: 0xffffffff new 0x6
   430: v=06 e=0000 i=0 cpl=0 IP=0010:0000001b pc=0000001b SP=0018:001044d0 env->regs[R_EAX]=e9d43463
EAX=e9d43463 EBX=001044d4 ECX=00000018 EDX=001044d4
ESI=0000001b EDI=001044c4 EBP=00000010 ESP=001044d0
EIP=0000001b EFL=00000016 [----AP-] CPL=0 II=0 A20=1 SMM=0 HLT=0
ES =0018 00000000 ffffffff 00cf9300 DPL=0 DS   [-WA]
CS =0010 00000000 ffffffff 00cf9a00 DPL=0 CS32 [-R-]
SS =0018 00000000 ffffffff 00cf9300 DPL=0 DS   [-WA]
DS =0018 00000000 ffffffff 00cf9300 DPL=0 DS   [-WA]
FS =0018 00000000 ffffffff 00cf9300 DPL=0 DS   [-WA]
GS =0018 00000000 ffffffff 00cf9300 DPL=0 DS   [-WA]
LDT=0000 00000000 0000ffff 00008200 DPL=0 LDT
TR =0000 00000000 0000ffff 00008b00 DPL=0 TSS32-busy
GDT=     000010b0 00000020
IDT=     00107020 000007ff
CR0=00000011 CR2=00000000 CR3=00000000 CR4=00000000
DR0=00000000 DR1=00000000 DR2=00000000 DR3=00000000 
DR6=ffff0ff0 DR7=00000400
CCS=001044d4 CCD=ffefbc1e CCO=SUBB
EFER=0000000000000000
check_exception old: 0xffffffff new 0x6
   431: v=06 e=0000 i=0 cpl=0 IP=0010:0000001b pc=0000001b SP=0018:001044d0 env->regs[R_EAX]=e9d43463
EAX=e9d43463 EBX=001044d4 ECX=00000018 EDX=00104437
ESI=0000001b EDI=001044c4 EBP=00000010 ESP=001044d0
EIP=0000001b EFL=00000092 [--S-A--] CPL=0 II=0 A20=1 SMM=0 HLT=0
ES =0018 00000000 ffffffff 00cf9300 DPL=0 DS   [-WA]
CS =0010 00000000 ffffffff 00cf9a00 DPL=0 CS32 [-R-]
SS =0018 00000000 ffffffff 00cf9300 DPL=0 DS   [-WA]
DS =0018 00000000 ffffffff 00cf9300 DPL=0 DS   [-WA]
FS =0018 00000000 ffffffff 00cf9300 DPL=0 DS   [-WA]
GS =0018 00000000 ffffffff 00cf9300 DPL=0 DS   [-WA]
LDT=0000 00000000 0000ffff 00008200 DPL=0 LDT
TR =0000 00000000 0000ffff 00008b00 DPL=0 TSS32-busy
GDT=     000010b0 00000020
IDT=     00107020 000007ff
CR0=00000011 CR2=00000000 CR3=00000000 CR4=00000000
DR0=00000000 DR1=00000000 DR2=00000000 DR3=00000000 
DR6=ffff0ff0 DR7=00000400
CCS=00104437 CCD=ffefbcba CCO=SUBB
EFER=0000000000000000
check_exception old: 0xffffffff new 0x6
   432: v=06 e=0000 i=0 cpl=0 IP=0010:0000001b pc=0000001b SP=0018:001044d0 env->regs[R_EAX]=e9d43463
EAX=e9d43463 EBX=001044d4 ECX=00000018 EDX=001044d4
ESI=0000001b EDI=001044c4 EBP=00000010 ESP=001044d0
EIP=0000001b EFL=00000012 [----A--] CPL=0 II=0 A20=1 SMM=0 HLT=0
ES =0018 00000000 ffffffff 00cf9300 DPL=0 DS   [-WA]
CS =0010 00000000 ffffffff 00cf9a00 DPL=0 CS32 [-R-]
SS =0018 00000000 ffffffff 00cf9300 DPL=0 DS   [-WA]
DS =0018 00000000 ffffffff 00cf9300 DPL=0 DS   [-WA]
FS =0018 00000000 ffffffff 00cf9300 DPL=0 DS   [-WA]
GS =0018 00000000 ffffffff 00cf9300 DPL=0 DS   [-WA]
LDT=0000 00000000 0000ffff 00008200 DPL=0 LDT
TR =0000 00000000 0000ffff 00008b00 DPL=0 TSS32-busy
GDT=     000010b0 00000020
IDT=     00107020 000007ff
CR0=00000011 CR2=00000000 CR3=00000000 CR4=00000000
DR0=00000000 DR1=00000000 DR2=00000000 DR3=00000000 
DR6=ffff0ff0 DR7=00000400
CCS=001044d4 CCD=ffefbc1c CCO=SUBB
EFER=0000000000000000
check_exception old: 0xffffffff new 0x6
   433: v=06 e=0000 i=0 cpl=0 IP=0010:0000001b pc=0000001b SP=0018:001044d0 env->regs[R_EAX]=e9d43463
EAX=e9d43463 EBX=001044d4 ECX=00000018 EDX=00104437
ESI=0000001b EDI=001044c4 EBP=00000010 ESP=001044d0
EIP=0000001b EFL=00000086 [--S--P-] CPL=0 II=0 A20=1 SMM=0 HLT=0
ES =0018 00000000 ffffffff 00cf9300 DPL=0 DS   [-WA]
CS =0010 00000000 ffffffff 00cf9a00 DPL=0 CS32 [-R-]
SS =0018 00000000 ffffffff 00cf9300 DPL=0 DS   [-WA]
DS =0018 00000000 ffffffff 00cf9300 DPL=0 DS   [-WA]
FS =0018 00000000 ffffffff 00cf9300 DPL=0 DS   [-WA]
GS =0018 00000000 ffffffff 00cf9300 DPL=0 DS   [-WA]
LDT=0000 00000000 0000ffff 00008200 DPL=0 LDT
TR =0000 00000000 0000ffff 00008b00 DPL=0 TSS32-busy
GDT=     000010b0 00000020
IDT=     00107020 000007ff
CR0=00000011 CR2=00000000 CR3=00000000 CR4=00000000
DR0=00000000 DR1=00000000 DR2=00000000 DR3=00000000 
DR6=ffff0ff0 DR7=00000400
CCS=00104437 CCD=ffefbcb8 CCO=SUBB
EFER=0000000000000000
check_exception old: 0xffffffff new 0x6
   434: v=06 e=0000 i=0 cpl=0 IP=0010:0000001b pc=0000001b SP=0018:001044d0 env->regs[R_EAX]=e9d43463
EAX=e9d43463 EBX=001044d4 ECX=00000018 EDX=001044d4
ESI=0000001b EDI=001044c4 EBP=00000010 ESP=001044d0
EIP=0000001b EFL=00000002 [-------] CPL=0 II=0 A20=1 SMM=0 HLT=0
ES =0018 00000000 ffffffff 00cf9300 DPL=0 DS   [-WA]
CS =0010 00000000 ffffffff 00cf9a00 DPL=0 CS32 [-R-]
SS =0018 00000000 ffffffff 00cf9300 DPL=0 DS   [-WA]
DS =0018 00000000 ffffffff 00cf9300 DPL=0 DS   [-WA]
FS =0018 00000000 ffffffff 00cf9300 DPL=0 DS   [-WA]
GS =0018 00000000 ffffffff 00cf9300 DPL=0 DS   [-WA]
LDT=0000 00000000 0000ffff 00008200 DPL=0 LDT
TR =0000 00000000 0000ffff 00008b00 DPL=0 TSS32-busy
GDT=     000010b0 00000020
IDT=     00107020 000007ff
CR0=00000011 CR2=00000000 CR3=00000000 CR4=00000000
DR0=00000000 DR1=00000000 DR2=00000000 DR3=00000000 
DR6=ffff0ff0 DR7=00000400
CCS=001044d4 CCD=ffefbc1a CCO=SUBB
EFER=0000000000000000
check_exception old: 0xffffffff new 0x6
   435: v=06 e=0000 i=0 cpl=0 IP=0010:0000001b pc=0000001b SP=0018:001044d0 env->regs[R_EAX]=e9d43463
EAX=e9d43463 EBX=001044d4 ECX=00000018 EDX=00104437
ESI=0000001b EDI=001044c4 EBP=00000010 ESP=001044d0
EIP=0000001b EFL=00000082 [--S----] CPL=0 II=0 A20=1 SMM=0 HLT=0
ES =0018 00000000 ffffffff 00cf9300 DPL=0 DS   [-WA]
CS =0010 00000000 ffffffff 00cf9a00 DPL=0 CS32 [-R-]
SS =0018 00000000 ffffffff 00cf9300 DPL=0 DS   [-WA]
DS =0018 00000000 ffffffff 00cf9300 DPL=0 DS   [-WA]
FS =0018 00000000 ffffffff 00cf9300 DPL=0 DS   [-WA]
GS =0018 00000000 ffffffff 00cf9300 DPL=0 DS   [-WA]
LDT=0000 00000000 0000ffff 00008200 DPL=0 LDT
TR =0000 00000000 0000ffff 00008b00 DPL=0 TSS32-busy
GDT=     000010b0 00000020
IDT=     00107020 000007ff
CR0=00000011 CR2=00000000 CR3=00000000 CR4=00000000
DR0=00000000 DR1=00000000 DR2=00000000 DR3=00000000 
DR6=ffff0ff0 DR7=00000400
CCS=00104437 CCD=ffefbcb6 CCO=SUBB
EFER=0000000000000000
check_exception old: 0xffffffff new 0x6
   436: v=06 e=0000 i=0 cpl=0 IP=0010:0000001b pc=0000001b SP=0018:001044d0 env->regs[R_EAX]=e9d43463
EAX=e9d43463 EBX=001044d4 ECX=00000018 EDX=001044d4
ESI=0000001b EDI=001044c4 EBP=00000010 ESP=001044d0
EIP=0000001b EFL=00000006 [-----P-] CPL=0 II=0 A20=1 SMM=0 HLT=0
ES =0018 00000000 ffffffff 00cf9300 DPL=0 DS   [-WA]
CS =0010 00000000 ffffffff 00cf9a00 DPL=0 CS32 [-R-]
SS =0018 00000000 ffffffff 00cf9300 DPL=0 DS   [-WA]
DS =0018 00000000 ffffffff 00cf9300 DPL=0 DS   [-WA]
FS =0018 00000000 ffffffff 00cf9300 DPL=0 DS   [-WA]
GS =0018 00000000 ffffffff 00cf9300 DPL=0 DS   [-WA]
LDT=0000 00000000 0000ffff 00008200 DPL=0 LDT
TR =0000 00000000 0000ffff 00008b00 DPL=0 TSS32-busy
GDT=     000010b0 00000020
IDT=     00107020 000007ff
CR0=00000011 CR2=00000000 CR3=00000000 CR4=00000000
DR0=00000000 DR1=00000000 DR2=00000000 DR3=00000000 
DR6=ffff0ff0 DR7=00000400
CCS=001044d4 CCD=ffefbc18 CCO=SUBB
EFER=0000000000000000
check_exception old: 0xffffffff new 0x6
   437: v=06 e=0000 i=0 cpl=0 IP=0010:0000001b pc=0000001b SP=0018:001044d0 env->regs[R_EAX]=e9d43463
EAX=e9d43463 EBX=001044d4 ECX=00000018 EDX=00104437
ESI=0000001b EDI=001044c4 EBP=00000010 ESP=001044d0
EIP=0000001b EFL=00000086 [--S--P-] CPL=0 II=0 A20=1 SMM=0 HLT=0
ES =0018 00000000 ffffffff 00cf9300 DPL=0 DS   [-WA]
CS =0010 00000000 ffffffff 00cf9a00 DPL=0 CS32 [-R-]
SS =0018 00000000 ffffffff 00cf9300 DPL=0 DS   [-WA]
DS =0018 00000000 ffffffff 00cf9300 DPL=0 DS   [-WA]
FS =0018 00000000 ffffffff 00cf9300 DPL=0 DS   [-WA]
GS =0018 00000000 ffffffff 00cf9300 DPL=0 DS   [-WA]
LDT=0000 00000000 0000ffff 00008200 DPL=0 LDT
TR =0000 00000000 0000ffff 00008b00 DPL=0 TSS32-busy
GDT=     000010b0 00000020
IDT=     00107020 000007ff
CR0=00000011 CR2=00000000 CR3=00000000 CR4=00000000
DR0=00000000 DR1=00000000 DR2=00000000 DR3=00000000 
DR6=ffff0ff0 DR7=00000400
CCS=00104437 CCD=ffefbcb4 CCO=SUBB
EFER=0000000000000000
check_exception old: 0xffffffff new 0x6
   438: v=06 e=0000 i=0 cpl=0 IP=0010:0000001b pc=0000001b SP=0018:001044d0 env->regs[R_EAX]=e9d43463
EAX=e9d43463 EBX=001044d4 ECX=00000018 EDX=001044d4
ESI=0000001b EDI=001044c4 EBP=00000010 ESP=001044d0
EIP=0000001b EFL=00000002 [-------] CPL=0 II=0 A20=1 SMM=0 HLT=0
ES =0018 00000000 ffffffff 00cf9300 DPL=0 DS   [-WA]
CS =0010 00000000 ffffffff 00cf9a00 DPL=0 CS32 [-R-]
SS =0018 00000000 ffffffff 00cf9300 DPL=0 DS   [-WA]
DS =0018 00000000 ffffffff 00cf9300 DPL=0 DS   [-WA]
FS =0018 00000000 ffffffff 00cf9300 DPL=0 DS   [-WA]
GS =0018 00000000 ffffffff 00cf9300 DPL=0 DS   [-WA]
LDT=0000 00000000 0000ffff 00008200 DPL=0 LDT
TR =0000 00000000 0000ffff 00008b00 DPL=0 TSS32-busy
GDT=     000010b0 00000020
IDT=     00107020 000007ff
CR0=00000011 CR2=00000000 CR3=00000000 CR4=00000000
DR0=00000000 DR1=00000000 DR2=00000000 DR3=00000000 
DR6=ffff0ff0 DR7=00000400
CCS=001044d4 CCD=ffefbc16 CCO=SUBB
EFER=0000000000000000
check_exception old: 0xffffffff new 0x6
   439: v=06 e=0000 i=0 cpl=0 IP=0010:0000001b pc=0000001b SP=0018:001044d0 env->regs[R_EAX]=e9d43463
EAX=e9d43463 EBX=001044d4 ECX=00000018 EDX=00104437
ESI=0000001b EDI=001044c4 EBP=00000010 ESP=001044d0
EIP=0000001b EFL=00000086 [--S--P-] CPL=0 II=0 A20=1 SMM=0 HLT=0
ES =0018 00000000 ffffffff 00cf9300 DPL=0 DS   [-WA]
CS =0010 00000000 ffffffff 00cf9a00 DPL=0 CS32 [-R-]
SS =0018 00000000 ffffffff 00cf9300 DPL=0 DS   [-WA]
DS =0018 00000000 ffffffff 00cf9300 DPL=0 DS   [-WA]
FS =0018 00000000 ffffffff 00cf9300 DPL=0 DS   [-WA]
GS =0018 00000000 ffffffff 00cf9300 DPL=0 DS   [-WA]
LDT=0000 00000000 0000ffff 00008200 DPL=0 LDT
TR =0000 00000000 0000ffff 00008b00 DPL=0 TSS32-busy
GDT=     000010b0 00000020
IDT=     00107020 000007ff
CR0=00000011 CR2=00000000 CR3=00000000 CR4=00000000
DR0=00000000 DR1=00000000 DR2=00000000 DR3=00000000 
DR6=ffff0ff0 DR7=00000400
CCS=00104437 CCD=ffefbcb2 CCO=SUBB
EFER=0000000000000000
check_exception old: 0xffffffff new 0x6
   440: v=06 e=0000 i=0 cpl=0 IP=0010:0000001b pc=0000001b SP=0018:001044d0 env->regs[R_EAX]=e9d43463
EAX=e9d43463 EBX=001044d4 ECX=00000018 EDX=001044d4
ESI=0000001b EDI=001044c4 EBP=00000010 ESP=001044d0
EIP=0000001b EFL=00000006 [-----P-] CPL=0 II=0 A20=1 SMM=0 HLT=0
ES =0018 00000000 ffffffff 00cf9300 DPL=0 DS   [-WA]
CS =0010 00000000 ffffffff 00cf9a00 DPL=0 CS32 [-R-]
SS =0018 00000000 ffffffff 00cf9300 DPL=0 DS   [-WA]
DS =0018 00000000 ffffffff 00cf9300 DPL=0 DS   [-WA]
FS =0018 00000000 ffffffff 00cf9300 DPL=0 DS   [-WA]
GS =0018 00000000 ffffffff 00cf9300 DPL=0 DS   [-WA]
LDT=0000 00000000 0000ffff 00008200 DPL=0 LDT
TR =0000 00000000 0000ffff 00008b00 DPL=0 TSS32-busy
GDT=     000010b0 00000020
IDT=     00107020 000007ff
CR0=00000011 CR2=00000000 CR3=00000000 CR4=00000000
DR0=00000000 DR1=00000000 DR2=00000000 DR3=00000000 
DR6=ffff0ff0 DR7=00000400
CCS=001044d4 CCD=ffefbc14 CCO=SUBB
EFER=0000000000000000
check_exception old: 0xffffffff new 0x6
   441: v=06 e=0000 i=0 cpl=0 IP=0010:0000001b pc=0000001b SP=0018:001044d0 env->regs[R_EAX]=e9d43463
EAX=e9d43463 EBX=001044d4 ECX=00000018 EDX=00104437
ESI=0000001b EDI=001044c4 EBP=00000010 ESP=001044d0
EIP=0000001b EFL=00000082 [--S----] CPL=0 II=0 A20=1 SMM=0 HLT=0
ES =0018 00000000 ffffffff 00cf9300 DPL=0 DS   [-WA]
CS =0010 00000000 ffffffff 00cf9a00 DPL=0 CS32 [-R-]
SS =0018 00000000 ffffffff 00cf9300 DPL=0 DS   [-WA]
DS =0018 00000000 ffffffff 00cf9300 DPL=0 DS   [-WA]
FS =0018 00000000 ffffffff 00cf9300 DPL=0 DS   [-WA]
GS =0018 00000000 ffffffff 00cf9300 DPL=0 DS   [-WA]
LDT=0000 00000000 0000ffff 00008200 DPL=0 LDT
TR =0000 00000000 0000ffff 00008b00 DPL=0 TSS32-busy
GDT=     000010b0 00000020
IDT=     00107020 000007ff
CR0=00000011 CR2=00000000 CR3=00000000 CR4=00000000
DR0=00000000 DR1=00000000 DR2=00000000 DR3=00000000 
DR6=ffff0ff0 DR7=00000400
CCS=00104437 CCD=ffefbcb0 CCO=SUBB
EFER=0000000000000000
check_exception old: 0xffffffff new 0x6
   442: v=06 e=0000 i=0 cpl=0 IP=0010:0000001b pc=0000001b SP=0018:001044d0 env->regs[R_EAX]=e9d43463
EAX=e9d43463 EBX=001044d4 ECX=00000018 EDX=001044d4
ESI=0000001b EDI=001044c4 EBP=00000010 ESP=001044d0
EIP=0000001b EFL=00000006 [-----P-] CPL=0 II=0 A20=1 SMM=0 HLT=0
ES =0018 00000000 ffffffff 00cf9300 DPL=0 DS   [-WA]
CS =0010 00000000 ffffffff 00cf9a00 DPL=0 CS32 [-R-]
SS =0018 00000000 ffffffff 00cf9300 DPL=0 DS   [-WA]
DS =0018 00000000 ffffffff 00cf9300 DPL=0 DS   [-WA]
FS =0018 00000000 ffffffff 00cf9300 DPL=0 DS   [-WA]
GS =0018 00000000 ffffffff 00cf9300 DPL=0 DS   [-WA]
LDT=0000 00000000 0000ffff 00008200 DPL=0 LDT
TR =0000 00000000 0000ffff 00008b00 DPL=0 TSS32-busy
GDT=     000010b0 00000020
IDT=     00107020 000007ff
CR0=00000011 CR2=00000000 CR3=00000000 CR4=00000000
DR0=00000000 DR1=00000000 DR2=00000000 DR3=00000000 
DR6=ffff0ff0 DR7=00000400
CCS=001044d4 CCD=ffefbc12 CCO=SUBB
EFER=0000000000000000
check_exception old: 0xffffffff new 0x6
   443: v=06 e=0000 i=0 cpl=0 IP=0010:0000001b pc=0000001b SP=0018:001044d0 env->regs[R_EAX]=e9d43463
EAX=e9d43463 EBX=001044d4 ECX=00000018 EDX=00104437
ESI=0000001b EDI=001044c4 EBP=00000010 ESP=001044d0
EIP=0000001b EFL=00000092 [--S-A--] CPL=0 II=0 A20=1 SMM=0 HLT=0
ES =0018 00000000 ffffffff 00cf9300 DPL=0 DS   [-WA]
CS =0010 00000000 ffffffff 00cf9a00 DPL=0 CS32 [-R-]
SS =0018 00000000 ffffffff 00cf9300 DPL=0 DS   [-WA]
DS =0018 00000000 ffffffff 00cf9300 DPL=0 DS   [-WA]
FS =0018 00000000 ffffffff 00cf9300 DPL=0 DS   [-WA]
GS =0018 00000000 ffffffff 00cf9300 DPL=0 DS   [-WA]
LDT=0000 00000000 0000ffff 00008200 DPL=0 LDT
TR =0000 00000000 0000ffff 00008b00 DPL=0 TSS32-busy
GDT=     000010b0 00000020
IDT=     00107020 000007ff
CR0=00000011 CR2=00000000 CR3=00000000 CR4=00000000
DR0=00000000 DR1=00000000 DR2=00000000 DR3=00000000 
DR6=ffff0ff0 DR7=00000400
CCS=00104437 CCD=ffefbcae CCO=SUBB
EFER=0000000000000000
check_exception old: 0xffffffff new 0x6
   444: v=06 e=0000 i=0 cpl=0 IP=0010:0000001b pc=0000001b SP=0018:001044d0 env->regs[R_EAX]=e9d43463
EAX=e9d43463 EBX=001044d4 ECX=00000018 EDX=001044d4
ESI=0000001b EDI=001044c4 EBP=00000010 ESP=001044d0
EIP=0000001b EFL=00000002 [-------] CPL=0 II=0 A20=1 SMM=0 HLT=0
ES =0018 00000000 ffffffff 00cf9300 DPL=0 DS   [-WA]
CS =0010 00000000 ffffffff 00cf9a00 DPL=0 CS32 [-R-]
SS =0018 00000000 ffffffff 00cf9300 DPL=0 DS   [-WA]
DS =0018 00000000 ffffffff 00cf9300 DPL=0 DS   [-WA]
FS =0018 00000000 ffffffff 00cf9300 DPL=0 DS   [-WA]
GS =0018 00000000 ffffffff 00cf9300 DPL=0 DS   [-WA]
LDT=0000 00000000 0000ffff 00008200 DPL=0 LDT
TR =0000 00000000 0000ffff 00008b00 DPL=0 TSS32-busy
GDT=     000010b0 00000020
IDT=     00107020 000007ff
CR0=00000011 CR2=00000000 CR3=00000000 CR4=00000000
DR0=00000000 DR1=00000000 DR2=00000000 DR3=00000000 
DR6=ffff0ff0 DR7=00000400
CCS=001044d4 CCD=ffefbc10 CCO=SUBB
EFER=0000000000000000
check_exception old: 0xffffffff new 0x6
   445: v=06 e=0000 i=0 cpl=0 IP=0010:0000001b pc=0000001b SP=0018:001044d0 env->regs[R_EAX]=e9d43463
EAX=e9d43463 EBX=001044d4 ECX=00000018 EDX=00104437
ESI=0000001b EDI=001044c4 EBP=00000010 ESP=001044d0
EIP=0000001b EFL=00000096 [--S-AP-] CPL=0 II=0 A20=1 SMM=0 HLT=0
ES =0018 00000000 ffffffff 00cf9300 DPL=0 DS   [-WA]
CS =0010 00000000 ffffffff 00cf9a00 DPL=0 CS32 [-R-]
SS =0018 00000000 ffffffff 00cf9300 DPL=0 DS   [-WA]
DS =0018 00000000 ffffffff 00cf9300 DPL=0 DS   [-WA]
FS =0018 00000000 ffffffff 00cf9300 DPL=0 DS   [-WA]
GS =0018 00000000 ffffffff 00cf9300 DPL=0 DS   [-WA]
LDT=0000 00000000 0000ffff 00008200 DPL=0 LDT
TR =0000 00000000 0000ffff 00008b00 DPL=0 TSS32-busy
GDT=     000010b0 00000020
IDT=     00107020 000007ff
CR0=00000011 CR2=00000000 CR3=00000000 CR4=00000000
DR0=00000000 DR1=00000000 DR2=00000000 DR3=00000000 
DR6=ffff0ff0 DR7=00000400
CCS=00104437 CCD=ffefbcac CCO=SUBB
EFER=0000000000000000
check_exception old: 0xffffffff new 0x6
   446: v=06 e=0000 i=0 cpl=0 IP=0010:0000001b pc=0000001b SP=0018:001044d0 env->regs[R_EAX]=e9d43463
EAX=e9d43463 EBX=001044d4 ECX=00000018 EDX=001044d4
ESI=0000001b EDI=001044c4 EBP=00000010 ESP=001044d0
EIP=0000001b EFL=00000012 [----A--] CPL=0 II=0 A20=1 SMM=0 HLT=0
ES =0018 00000000 ffffffff 00cf9300 DPL=0 DS   [-WA]
CS =0010 00000000 ffffffff 00cf9a00 DPL=0 CS32 [-R-]
SS =0018 00000000 ffffffff 00cf9300 DPL=0 DS   [-WA]
DS =0018 00000000 ffffffff 00cf9300 DPL=0 DS   [-WA]
FS =0018 00000000 ffffffff 00cf9300 DPL=0 DS   [-WA]
GS =0018 00000000 ffffffff 00cf9300 DPL=0 DS   [-WA]
LDT=0000 00000000 0000ffff 00008200 DPL=0 LDT
TR =0000 00000000 0000ffff 00008b00 DPL=0 TSS32-busy
GDT=     000010b0 00000020
IDT=     00107020 000007ff
CR0=00000011 CR2=00000000 CR3=00000000 CR4=00000000
DR0=00000000 DR1=00000000 DR2=00000000 DR3=00000000 
DR6=ffff0ff0 DR7=00000400
CCS=001044d4 CCD=ffefbc0e CCO=SUBB
EFER=0000000000000000
check_exception old: 0xffffffff new 0x6
   447: v=06 e=0000 i=0 cpl=0 IP=0010:0000001b pc=0000001b SP=0018:001044d0 env->regs[R_EAX]=e9d43463
EAX=e9d43463 EBX=001044d4 ECX=00000018 EDX=00104437
ESI=0000001b EDI=001044c4 EBP=00000010 ESP=001044d0
EIP=0000001b EFL=00000096 [--S-AP-] CPL=0 II=0 A20=1 SMM=0 HLT=0
ES =0018 00000000 ffffffff 00cf9300 DPL=0 DS   [-WA]
CS =0010 00000000 ffffffff 00cf9a00 DPL=0 CS32 [-R-]
SS =0018 00000000 ffffffff 00cf9300 DPL=0 DS   [-WA]
DS =0018 00000000 ffffffff 00cf9300 DPL=0 DS   [-WA]
FS =0018 00000000 ffffffff 00cf9300 DPL=0 DS   [-WA]
GS =0018 00000000 ffffffff 00cf9300 DPL=0 DS   [-WA]
LDT=0000 00000000 0000ffff 00008200 DPL=0 LDT
TR =0000 00000000 0000ffff 00008b00 DPL=0 TSS32-busy
GDT=     000010b0 00000020
IDT=     00107020 000007ff
CR0=00000011 CR2=00000000 CR3=00000000 CR4=00000000
DR0=00000000 DR1=00000000 DR2=00000000 DR3=00000000 
DR6=ffff0ff0 DR7=00000400
CCS=00104437 CCD=ffefbcaa CCO=SUBB
EFER=0000000000000000
check_exception old: 0xffffffff new 0x6
   448: v=06 e=0000 i=0 cpl=0 IP=0010:0000001b pc=0000001b SP=0018:001044d0 env->regs[R_EAX]=e9d43463
EAX=e9d43463 EBX=001044d4 ECX=00000018 EDX=001044d4
ESI=0000001b EDI=001044c4 EBP=00000010 ESP=001044d0
EIP=0000001b EFL=00000016 [----AP-] CPL=0 II=0 A20=1 SMM=0 HLT=0
ES =0018 00000000 ffffffff 00cf9300 DPL=0 DS   [-WA]
CS =0010 00000000 ffffffff 00cf9a00 DPL=0 CS32 [-R-]
SS =0018 00000000 ffffffff 00cf9300 DPL=0 DS   [-WA]
DS =0018 00000000 ffffffff 00cf9300 DPL=0 DS   [-WA]
FS =0018 00000000 ffffffff 00cf9300 DPL=0 DS   [-WA]
GS =0018 00000000 ffffffff 00cf9300 DPL=0 DS   [-WA]
LDT=0000 00000000 0000ffff 00008200 DPL=0 LDT
TR =0000 00000000 0000ffff 00008b00 DPL=0 TSS32-busy
GDT=     000010b0 00000020
IDT=     00107020 000007ff
CR0=00000011 CR2=00000000 CR3=00000000 CR4=00000000
DR0=00000000 DR1=00000000 DR2=00000000 DR3=00000000 
DR6=ffff0ff0 DR7=00000400
CCS=001044d4 CCD=ffefbc0c CCO=SUBB
EFER=0000000000000000
check_exception old: 0xffffffff new 0x6
   449: v=06 e=0000 i=0 cpl=0 IP=0010:0000001b pc=0000001b SP=0018:001044d0 env->regs[R_EAX]=e9d43463
EAX=e9d43463 EBX=001044d4 ECX=00000018 EDX=00104437
ESI=0000001b EDI=001044c4 EBP=00000010 ESP=001044d0
EIP=0000001b EFL=00000082 [--S----] CPL=0 II=0 A20=1 SMM=0 HLT=0
ES =0018 00000000 ffffffff 00cf9300 DPL=0 DS   [-WA]
CS =0010 00000000 ffffffff 00cf9a00 DPL=0 CS32 [-R-]
SS =0018 00000000 ffffffff 00cf9300 DPL=0 DS   [-WA]
DS =0018 00000000 ffffffff 00cf9300 DPL=0 DS   [-WA]
FS =0018 00000000 ffffffff 00cf9300 DPL=0 DS   [-WA]
GS =0018 00000000 ffffffff 00cf9300 DPL=0 DS   [-WA]
LDT=0000 00000000 0000ffff 00008200 DPL=0 LDT
TR =0000 00000000 0000ffff 00008b00 DPL=0 TSS32-busy
GDT=     000010b0 00000020
IDT=     00107020 000007ff
CR0=00000011 CR2=00000000 CR3=00000000 CR4=00000000
DR0=00000000 DR1=00000000 DR2=00000000 DR3=00000000 
DR6=ffff0ff0 DR7=00000400
CCS=00104437 CCD=ffefbca8 CCO=SUBB
EFER=0000000000000000
check_exception old: 0xffffffff new 0x6
   450: v=06 e=0000 i=0 cpl=0 IP=0010:0000001b pc=0000001b SP=0018:001044d0 env->regs[R_EAX]=e9d43463
EAX=e9d43463 EBX=001044d4 ECX=00000018 EDX=001044d4
ESI=0000001b EDI=001044c4 EBP=00000010 ESP=001044d0
EIP=0000001b EFL=00000006 [-----P-] CPL=0 II=0 A20=1 SMM=0 HLT=0
ES =0018 00000000 ffffffff 00cf9300 DPL=0 DS   [-WA]
CS =0010 00000000 ffffffff 00cf9a00 DPL=0 CS32 [-R-]
SS =0018 00000000 ffffffff 00cf9300 DPL=0 DS   [-WA]
DS =0018 00000000 ffffffff 00cf9300 DPL=0 DS   [-WA]
FS =0018 00000000 ffffffff 00cf9300 DPL=0 DS   [-WA]
GS =0018 00000000 ffffffff 00cf9300 DPL=0 DS   [-WA]
LDT=0000 00000000 0000ffff 00008200 DPL=0 LDT
TR =0000 00000000 0000ffff 00008b00 DPL=0 TSS32-busy
GDT=     000010b0 00000020
IDT=     00107020 000007ff
CR0=00000011 CR2=00000000 CR3=00000000 CR4=00000000
DR0=00000000 DR1=00000000 DR2=00000000 DR3=00000000 
DR6=ffff0ff0 DR7=00000400
CCS=001044d4 CCD=ffefbc0a CCO=SUBB
EFER=0000000000000000
check_exception old: 0xffffffff new 0x6
   451: v=06 e=0000 i=0 cpl=0 IP=0010:0000001b pc=0000001b SP=0018:001044d0 env->regs[R_EAX]=e9d43463
EAX=e9d43463 EBX=001044d4 ECX=00000018 EDX=00104437
ESI=0000001b EDI=001044c4 EBP=00000010 ESP=001044d0
EIP=0000001b EFL=00000086 [--S--P-] CPL=0 II=0 A20=1 SMM=0 HLT=0
ES =0018 00000000 ffffffff 00cf9300 DPL=0 DS   [-WA]
CS =0010 00000000 ffffffff 00cf9a00 DPL=0 CS32 [-R-]
SS =0018 00000000 ffffffff 00cf9300 DPL=0 DS   [-WA]
DS =0018 00000000 ffffffff 00cf9300 DPL=0 DS   [-WA]
FS =0018 00000000 ffffffff 00cf9300 DPL=0 DS   [-WA]
GS =0018 00000000 ffffffff 00cf9300 DPL=0 DS   [-WA]
LDT=0000 00000000 0000ffff 00008200 DPL=0 LDT
TR =0000 00000000 0000ffff 00008b00 DPL=0 TSS32-busy
GDT=     000010b0 00000020
IDT=     00107020 000007ff
CR0=00000011 CR2=00000000 CR3=00000000 CR4=00000000
DR0=00000000 DR1=00000000 DR2=00000000 DR3=00000000 
DR6=ffff0ff0 DR7=00000400
CCS=00104437 CCD=ffefbca6 CCO=SUBB
EFER=0000000000000000
check_exception old: 0xffffffff new 0x6
   452: v=06 e=0000 i=0 cpl=0 IP=0010:0000001b pc=0000001b SP=0018:001044d0 env->regs[R_EAX]=e9d43463
EAX=e9d43463 EBX=001044d4 ECX=00000018 EDX=001044d4
ESI=0000001b EDI=001044c4 EBP=00000010 ESP=001044d0
EIP=0000001b EFL=00000002 [-------] CPL=0 II=0 A20=1 SMM=0 HLT=0
ES =0018 00000000 ffffffff 00cf9300 DPL=0 DS   [-WA]
CS =0010 00000000 ffffffff 00cf9a00 DPL=0 CS32 [-R-]
SS =0018 00000000 ffffffff 00cf9300 DPL=0 DS   [-WA]
DS =0018 00000000 ffffffff 00cf9300 DPL=0 DS   [-WA]
FS =0018 00000000 ffffffff 00cf9300 DPL=0 DS   [-WA]
GS =0018 00000000 ffffffff 00cf9300 DPL=0 DS   [-WA]
LDT=0000 00000000 0000ffff 00008200 DPL=0 LDT
TR =0000 00000000 0000ffff 00008b00 DPL=0 TSS32-busy
GDT=     000010b0 00000020
IDT=     00107020 000007ff
CR0=00000011 CR2=00000000 CR3=00000000 CR4=00000000
DR0=00000000 DR1=00000000 DR2=00000000 DR3=00000000 
DR6=ffff0ff0 DR7=00000400
CCS=001044d4 CCD=ffefbc08 CCO=SUBB
EFER=0000000000000000
check_exception old: 0xffffffff new 0x6
   453: v=06 e=0000 i=0 cpl=0 IP=0010:0000001b pc=0000001b SP=0018:001044d0 env->regs[R_EAX]=e9d43463
EAX=e9d43463 EBX=001044d4 ECX=00000018 EDX=00104437
ESI=0000001b EDI=001044c4 EBP=00000010 ESP=001044d0
EIP=0000001b EFL=00000082 [--S----] CPL=0 II=0 A20=1 SMM=0 HLT=0
ES =0018 00000000 ffffffff 00cf9300 DPL=0 DS   [-WA]
CS =0010 00000000 ffffffff 00cf9a00 DPL=0 CS32 [-R-]
SS =0018 00000000 ffffffff 00cf9300 DPL=0 DS   [-WA]
DS =0018 00000000 ffffffff 00cf9300 DPL=0 DS   [-WA]
FS =0018 00000000 ffffffff 00cf9300 DPL=0 DS   [-WA]
GS =0018 00000000 ffffffff 00cf9300 DPL=0 DS   [-WA]
LDT=0000 00000000 0000ffff 00008200 DPL=0 LDT
TR =0000 00000000 0000ffff 00008b00 DPL=0 TSS32-busy
GDT=     000010b0 00000020
IDT=     00107020 000007ff
CR0=00000011 CR2=00000000 CR3=00000000 CR4=00000000
DR0=00000000 DR1=00000000 DR2=00000000 DR3=00000000 
DR6=ffff0ff0 DR7=00000400
CCS=00104437 CCD=ffefbca4 CCO=SUBB
EFER=0000000000000000
check_exception old: 0xffffffff new 0x6
   454: v=06 e=0000 i=0 cpl=0 IP=0010:0000001b pc=0000001b SP=0018:001044d0 env->regs[R_EAX]=e9d43463
EAX=e9d43463 EBX=001044d4 ECX=00000018 EDX=001044d4
ESI=0000001b EDI=001044c4 EBP=00000010 ESP=001044d0
EIP=0000001b EFL=00000006 [-----P-] CPL=0 II=0 A20=1 SMM=0 HLT=0
ES =0018 00000000 ffffffff 00cf9300 DPL=0 DS   [-WA]
CS =0010 00000000 ffffffff 00cf9a00 DPL=0 CS32 [-R-]
SS =0018 00000000 ffffffff 00cf9300 DPL=0 DS   [-WA]
DS =0018 00000000 ffffffff 00cf9300 DPL=0 DS   [-WA]
FS =0018 00000000 ffffffff 00cf9300 DPL=0 DS   [-WA]
GS =0018 00000000 ffffffff 00cf9300 DPL=0 DS   [-WA]
LDT=0000 00000000 0000ffff 00008200 DPL=0 LDT
TR =0000 00000000 0000ffff 00008b00 DPL=0 TSS32-busy
GDT=     000010b0 00000020
IDT=     00107020 000007ff
CR0=00000011 CR2=00000000 CR3=00000000 CR4=00000000
DR0=00000000 DR1=00000000 DR2=00000000 DR3=00000000 
DR6=ffff0ff0 DR7=00000400
CCS=001044d4 CCD=ffefbc06 CCO=SUBB
EFER=0000000000000000
check_exception old: 0xffffffff new 0x6
   455: v=06 e=0000 i=0 cpl=0 IP=0010:0000001b pc=0000001b SP=0018:001044d0 env->regs[R_EAX]=e9d43463
EAX=e9d43463 EBX=001044d4 ECX=00000018 EDX=00104437
ESI=0000001b EDI=001044c4 EBP=00000010 ESP=001044d0
EIP=0000001b EFL=00000082 [--S----] CPL=0 II=0 A20=1 SMM=0 HLT=0
ES =0018 00000000 ffffffff 00cf9300 DPL=0 DS   [-WA]
CS =0010 00000000 ffffffff 00cf9a00 DPL=0 CS32 [-R-]
SS =0018 00000000 ffffffff 00cf9300 DPL=0 DS   [-WA]
DS =0018 00000000 ffffffff 00cf9300 DPL=0 DS   [-WA]
FS =0018 00000000 ffffffff 00cf9300 DPL=0 DS   [-WA]
GS =0018 00000000 ffffffff 00cf9300 DPL=0 DS   [-WA]
LDT=0000 00000000 0000ffff 00008200 DPL=0 LDT
TR =0000 00000000 0000ffff 00008b00 DPL=0 TSS32-busy
GDT=     000010b0 00000020
IDT=     00107020 000007ff
CR0=00000011 CR2=00000000 CR3=00000000 CR4=00000000
DR0=00000000 DR1=00000000 DR2=00000000 DR3=00000000 
DR6=ffff0ff0 DR7=00000400
CCS=00104437 CCD=ffefbca2 CCO=SUBB
EFER=0000000000000000
check_exception old: 0xffffffff new 0x6
   456: v=06 e=0000 i=0 cpl=0 IP=0010:0000001b pc=0000001b SP=0018:001044d0 env->regs[R_EAX]=e9d43463
EAX=e9d43463 EBX=001044d4 ECX=00000018 EDX=001044d4
ESI=0000001b EDI=001044c4 EBP=00000010 ESP=001044d0
EIP=0000001b EFL=00000002 [-------] CPL=0 II=0 A20=1 SMM=0 HLT=0
ES =0018 00000000 ffffffff 00cf9300 DPL=0 DS   [-WA]
CS =0010 00000000 ffffffff 00cf9a00 DPL=0 CS32 [-R-]
SS =0018 00000000 ffffffff 00cf9300 DPL=0 DS   [-WA]
DS =0018 00000000 ffffffff 00cf9300 DPL=0 DS   [-WA]
FS =0018 00000000 ffffffff 00cf9300 DPL=0 DS   [-WA]
GS =0018 00000000 ffffffff 00cf9300 DPL=0 DS   [-WA]
LDT=0000 00000000 0000ffff 00008200 DPL=0 LDT
TR =0000 00000000 0000ffff 00008b00 DPL=0 TSS32-busy
GDT=     000010b0 00000020
IDT=     00107020 000007ff
CR0=00000011 CR2=00000000 CR3=00000000 CR4=00000000
DR0=00000000 DR1=00000000 DR2=00000000 DR3=00000000 
DR6=ffff0ff0 DR7=00000400
CCS=001044d4 CCD=ffefbc04 CCO=SUBB
EFER=0000000000000000
check_exception old: 0xffffffff new 0x6
   457: v=06 e=0000 i=0 cpl=0 IP=0010:0000001b pc=0000001b SP=0018:001044d0 env->regs[R_EAX]=e9d43463
EAX=e9d43463 EBX=001044d4 ECX=00000018 EDX=00104437
ESI=0000001b EDI=001044c4 EBP=00000010 ESP=001044d0
EIP=0000001b EFL=00000086 [--S--P-] CPL=0 II=0 A20=1 SMM=0 HLT=0
ES =0018 00000000 ffffffff 00cf9300 DPL=0 DS   [-WA]
CS =0010 00000000 ffffffff 00cf9a00 DPL=0 CS32 [-R-]
SS =0018 00000000 ffffffff 00cf9300 DPL=0 DS   [-WA]
DS =0018 00000000 ffffffff 00cf9300 DPL=0 DS   [-WA]
FS =0018 00000000 ffffffff 00cf9300 DPL=0 DS   [-WA]
GS =0018 00000000 ffffffff 00cf9300 DPL=0 DS   [-WA]
LDT=0000 00000000 0000ffff 00008200 DPL=0 LDT
TR =0000 00000000 0000ffff 00008b00 DPL=0 TSS32-busy
GDT=     000010b0 00000020
IDT=     00107020 000007ff
CR0=00000011 CR2=00000000 CR3=00000000 CR4=00000000
DR0=00000000 DR1=00000000 DR2=00000000 DR3=00000000 
DR6=ffff0ff0 DR7=00000400
CCS=00104437 CCD=ffefbca0 CCO=SUBB
EFER=0000000000000000
check_exception old: 0xffffffff new 0x6
   458: v=06 e=0000 i=0 cpl=0 IP=0010:0000001b pc=0000001b SP=0018:001044d0 env->regs[R_EAX]=e9d43463
EAX=e9d43463 EBX=001044d4 ECX=00000018 EDX=001044d4
ESI=0000001b EDI=001044c4 EBP=00000010 ESP=001044d0
EIP=0000001b EFL=00000002 [-------] CPL=0 II=0 A20=1 SMM=0 HLT=0
ES =0018 00000000 ffffffff 00cf9300 DPL=0 DS   [-WA]
CS =0010 00000000 ffffffff 00cf9a00 DPL=0 CS32 [-R-]
SS =0018 00000000 ffffffff 00cf9300 DPL=0 DS   [-WA]
DS =0018 00000000 ffffffff 00cf9300 DPL=0 DS   [-WA]
FS =0018 00000000 ffffffff 00cf9300 DPL=0 DS   [-WA]
GS =0018 00000000 ffffffff 00cf9300 DPL=0 DS   [-WA]
LDT=0000 00000000 0000ffff 00008200 DPL=0 LDT
TR =0000 00000000 0000ffff 00008b00 DPL=0 TSS32-busy
GDT=     000010b0 00000020
IDT=     00107020 000007ff
CR0=00000011 CR2=00000000 CR3=00000000 CR4=00000000
DR0=00000000 DR1=00000000 DR2=00000000 DR3=00000000 
DR6=ffff0ff0 DR7=00000400
CCS=001044d4 CCD=ffefbc02 CCO=SUBB
EFER=0000000000000000
check_exception old: 0xffffffff new 0x6
   459: v=06 e=0000 i=0 cpl=0 IP=0010:0000001b pc=0000001b SP=0018:001044d0 env->regs[R_EAX]=e9d43463
EAX=e9d43463 EBX=001044d4 ECX=00000018 EDX=00104437
ESI=0000001b EDI=001044c4 EBP=00000010 ESP=001044d0
EIP=0000001b EFL=00000092 [--S-A--] CPL=0 II=0 A20=1 SMM=0 HLT=0
ES =0018 00000000 ffffffff 00cf9300 DPL=0 DS   [-WA]
CS =0010 00000000 ffffffff 00cf9a00 DPL=0 CS32 [-R-]
SS =0018 00000000 ffffffff 00cf9300 DPL=0 DS   [-WA]
DS =0018 00000000 ffffffff 00cf9300 DPL=0 DS   [-WA]
FS =0018 00000000 ffffffff 00cf9300 DPL=0 DS   [-WA]
GS =0018 00000000 ffffffff 00cf9300 DPL=0 DS   [-WA]
LDT=0000 00000000 0000ffff 00008200 DPL=0 LDT
TR =0000 00000000 0000ffff 00008b00 DPL=0 TSS32-busy
GDT=     000010b0 00000020
IDT=     00107020 000007ff
CR0=00000011 CR2=00000000 CR3=00000000 CR4=00000000
DR0=00000000 DR1=00000000 DR2=00000000 DR3=00000000 
DR6=ffff0ff0 DR7=00000400
CCS=00104437 CCD=ffefbc9e CCO=SUBB
EFER=0000000000000000
check_exception old: 0xffffffff new 0x6
   460: v=06 e=0000 i=0 cpl=0 IP=0010:0000001b pc=0000001b SP=0018:001044d0 env->regs[R_EAX]=e9d43463
EAX=e9d43463 EBX=001044d4 ECX=00000018 EDX=001044d4
ESI=0000001b EDI=001044c4 EBP=00000010 ESP=001044d0
EIP=0000001b EFL=00000046 [---Z-P-] CPL=0 II=0 A20=1 SMM=0 HLT=0
ES =0018 00000000 ffffffff 00cf9300 DPL=0 DS   [-WA]
CS =0010 00000000 ffffffff 00cf9a00 DPL=0 CS32 [-R-]
SS =0018 00000000 ffffffff 00cf9300 DPL=0 DS   [-WA]
DS =0018 00000000 ffffffff 00cf9300 DPL=0 DS   [-WA]
FS =0018 00000000 ffffffff 00cf9300 DPL=0 DS   [-WA]
GS =0018 00000000 ffffffff 00cf9300 DPL=0 DS   [-WA]
LDT=0000 00000000 0000ffff 00008200 DPL=0 LDT
TR =0000 00000000 0000ffff 00008b00 DPL=0 TSS32-busy
GDT=     000010b0 00000020
IDT=     00107020 000007ff
CR0=00000011 CR2=00000000 CR3=00000000 CR4=00000000
DR0=00000000 DR1=00000000 DR2=00000000 DR3=00000000 
DR6=ffff0ff0 DR7=00000400
CCS=001044d4 CCD=ffefbc00 CCO=SUBB
EFER=0000000000000000
check_exception old: 0xffffffff new 0x6
   461: v=06 e=0000 i=0 cpl=0 IP=0010:0000001b pc=0000001b SP=0018:001044d0 env->regs[R_EAX]=e9d43463
EAX=e9d43463 EBX=001044d4 ECX=00000018 EDX=00104437
ESI=0000001b EDI=001044c4 EBP=00000010 ESP=001044d0
EIP=0000001b EFL=00000096 [--S-AP-] CPL=0 II=0 A20=1 SMM=0 HLT=0
ES =0018 00000000 ffffffff 00cf9300 DPL=0 DS   [-WA]
CS =0010 00000000 ffffffff 00cf9a00 DPL=0 CS32 [-R-]
SS =0018 00000000 ffffffff 00cf9300 DPL=0 DS   [-WA]
DS =0018 00000000 ffffffff 00cf9300 DPL=0 DS   [-WA]
FS =0018 00000000 ffffffff 00cf9300 DPL=0 DS   [-WA]
GS =0018 00000000 ffffffff 00cf9300 DPL=0 DS   [-WA]
LDT=0000 00000000 0000ffff 00008200 DPL=0 LDT
TR =0000 00000000 0000ffff 00008b00 DPL=0 TSS32-busy
GDT=     000010b0 00000020
IDT=     00107020 000007ff
CR0=00000011 CR2=00000000 CR3=00000000 CR4=00000000
DR0=00000000 DR1=00000000 DR2=00000000 DR3=00000000 
DR6=ffff0ff0 DR7=00000400
CCS=00104437 CCD=ffefbc9c CCO=SUBB
EFER=0000000000000000
check_exception old: 0xffffffff new 0x6
   462: v=06 e=0000 i=0 cpl=0 IP=0010:0000001b pc=0000001b SP=0018:001044d0 env->regs[R_EAX]=e9d43463
EAX=e9d43463 EBX=001044d4 ECX=00000018 EDX=001044d4
ESI=0000001b EDI=001044c4 EBP=00000010 ESP=001044d0
EIP=0000001b EFL=00000093 [--S-A-C] CPL=0 II=0 A20=1 SMM=0 HLT=0
ES =0018 00000000 ffffffff 00cf9300 DPL=0 DS   [-WA]
CS =0010 00000000 ffffffff 00cf9a00 DPL=0 CS32 [-R-]
SS =0018 00000000 ffffffff 00cf9300 DPL=0 DS   [-WA]
DS =0018 00000000 ffffffff 00cf9300 DPL=0 DS   [-WA]
FS =0018 00000000 ffffffff 00cf9300 DPL=0 DS   [-WA]
GS =0018 00000000 ffffffff 00cf9300 DPL=0 DS   [-WA]
LDT=0000 00000000 0000ffff 00008200 DPL=0 LDT
TR =0000 00000000 0000ffff 00008b00 DPL=0 TSS32-busy
GDT=     000010b0 00000020
IDT=     00107020 000007ff
CR0=00000011 CR2=00000000 CR3=00000000 CR4=00000000
DR0=00000000 DR1=00000000 DR2=00000000 DR3=00000000 
DR6=ffff0ff0 DR7=00000400
CCS=001044d4 CCD=ffefbbfe CCO=SUBB
EFER=0000000000000000
check_exception old: 0xffffffff new 0x6
   463: v=06 e=0000 i=0 cpl=0 IP=0010:0000001b pc=0000001b SP=0018:001044d0 env->regs[R_EAX]=e9d43463
EAX=e9d43463 EBX=001044d4 ECX=00000018 EDX=00104437
ESI=0000001b EDI=001044c4 EBP=00000010 ESP=001044d0
EIP=0000001b EFL=00000096 [--S-AP-] CPL=0 II=0 A20=1 SMM=0 HLT=0
ES =0018 00000000 ffffffff 00cf9300 DPL=0 DS   [-WA]
CS =0010 00000000 ffffffff 00cf9a00 DPL=0 CS32 [-R-]
SS =0018 00000000 ffffffff 00cf9300 DPL=0 DS   [-WA]
DS =0018 00000000 ffffffff 00cf9300 DPL=0 DS   [-WA]
FS =0018 00000000 ffffffff 00cf9300 DPL=0 DS   [-WA]
GS =0018 00000000 ffffffff 00cf9300 DPL=0 DS   [-WA]
LDT=0000 00000000 0000ffff 00008200 DPL=0 LDT
TR =0000 00000000 0000ffff 00008b00 DPL=0 TSS32-busy
GDT=     000010b0 00000020
IDT=     00107020 000007ff
CR0=00000011 CR2=00000000 CR3=00000000 CR4=00000000
DR0=00000000 DR1=00000000 DR2=00000000 DR3=00000000 
DR6=ffff0ff0 DR7=00000400
CCS=00104437 CCD=ffefbc9a CCO=SUBB
EFER=0000000000000000
check_exception old: 0xffffffff new 0x6
   464: v=06 e=0000 i=0 cpl=0 IP=0010:0000001b pc=0000001b SP=0018:001044d0 env->regs[R_EAX]=e9d43463
EAX=e9d43463 EBX=001044d4 ECX=00000018 EDX=001044d4
ESI=0000001b EDI=001044c4 EBP=00000010 ESP=001044d0
EIP=0000001b EFL=00000097 [--S-APC] CPL=0 II=0 A20=1 SMM=0 HLT=0
ES =0018 00000000 ffffffff 00cf9300 DPL=0 DS   [-WA]
CS =0010 00000000 ffffffff 00cf9a00 DPL=0 CS32 [-R-]
SS =0018 00000000 ffffffff 00cf9300 DPL=0 DS   [-WA]
DS =0018 00000000 ffffffff 00cf9300 DPL=0 DS   [-WA]
FS =0018 00000000 ffffffff 00cf9300 DPL=0 DS   [-WA]
GS =0018 00000000 ffffffff 00cf9300 DPL=0 DS   [-WA]
LDT=0000 00000000 0000ffff 00008200 DPL=0 LDT
TR =0000 00000000 0000ffff 00008b00 DPL=0 TSS32-busy
GDT=     000010b0 00000020
IDT=     00107020 000007ff
CR0=00000011 CR2=00000000 CR3=00000000 CR4=00000000
DR0=00000000 DR1=00000000 DR2=00000000 DR3=00000000 
DR6=ffff0ff0 DR7=00000400
CCS=001044d4 CCD=ffefbbfc CCO=SUBB
EFER=0000000000000000
check_exception old: 0xffffffff new 0x6
   465: v=06 e=0000 i=0 cpl=0 IP=0010:0000001b pc=0000001b SP=0018:001044d0 env->regs[R_EAX]=e9d43463
EAX=e9d43463 EBX=001044d4 ECX=00000018 EDX=00104437
ESI=0000001b EDI=001044c4 EBP=00000010 ESP=001044d0
EIP=0000001b EFL=00000082 [--S----] CPL=0 II=0 A20=1 SMM=0 HLT=0
ES =0018 00000000 ffffffff 00cf9300 DPL=0 DS   [-WA]
CS =0010 00000000 ffffffff 00cf9a00 DPL=0 CS32 [-R-]
SS =0018 00000000 ffffffff 00cf9300 DPL=0 DS   [-WA]
DS =0018 00000000 ffffffff 00cf9300 DPL=0 DS   [-WA]
FS =0018 00000000 ffffffff 00cf9300 DPL=0 DS   [-WA]
GS =0018 00000000 ffffffff 00cf9300 DPL=0 DS   [-WA]
LDT=0000 00000000 0000ffff 00008200 DPL=0 LDT
TR =0000 00000000 0000ffff 00008b00 DPL=0 TSS32-busy
GDT=     000010b0 00000020
IDT=     00107020 000007ff
CR0=00000011 CR2=00000000 CR3=00000000 CR4=00000000
DR0=00000000 DR1=00000000 DR2=00000000 DR3=00000000 
DR6=ffff0ff0 DR7=00000400
CCS=00104437 CCD=ffefbc98 CCO=SUBB
EFER=0000000000000000
check_exception old: 0xffffffff new 0x6
   466: v=06 e=0000 i=0 cpl=0 IP=0010:0000001b pc=0000001b SP=0018:001044d0 env->regs[R_EAX]=e9d43463
EAX=e9d43463 EBX=001044d4 ECX=00000018 EDX=001044d4
ESI=0000001b EDI=001044c4 EBP=00000010 ESP=001044d0
EIP=0000001b EFL=00000087 [--S--PC] CPL=0 II=0 A20=1 SMM=0 HLT=0
ES =0018 00000000 ffffffff 00cf9300 DPL=0 DS   [-WA]
CS =0010 00000000 ffffffff 00cf9a00 DPL=0 CS32 [-R-]
SS =0018 00000000 ffffffff 00cf9300 DPL=0 DS   [-WA]
DS =0018 00000000 ffffffff 00cf9300 DPL=0 DS   [-WA]
FS =0018 00000000 ffffffff 00cf9300 DPL=0 DS   [-WA]
GS =0018 00000000 ffffffff 00cf9300 DPL=0 DS   [-WA]
LDT=0000 00000000 0000ffff 00008200 DPL=0 LDT
TR =0000 00000000 0000ffff 00008b00 DPL=0 TSS32-busy
GDT=     000010b0 00000020
IDT=     00107020 000007ff
CR0=00000011 CR2=00000000 CR3=00000000 CR4=00000000
DR0=00000000 DR1=00000000 DR2=00000000 DR3=00000000 
DR6=ffff0ff0 DR7=00000400
CCS=001044d4 CCD=ffefbbfa CCO=SUBB
EFER=0000000000000000
check_exception old: 0xffffffff new 0x6
   467: v=06 e=0000 i=0 cpl=0 IP=0010:0000001b pc=0000001b SP=0018:001044d0 env->regs[R_EAX]=e9d43463
EAX=e9d43463 EBX=001044d4 ECX=00000018 EDX=00104437
ESI=0000001b EDI=001044c4 EBP=00000010 ESP=001044d0
EIP=0000001b EFL=00000086 [--S--P-] CPL=0 II=0 A20=1 SMM=0 HLT=0
ES =0018 00000000 ffffffff 00cf9300 DPL=0 DS   [-WA]
CS =0010 00000000 ffffffff 00cf9a00 DPL=0 CS32 [-R-]
SS =0018 00000000 ffffffff 00cf9300 DPL=0 DS   [-WA]
DS =0018 00000000 ffffffff 00cf9300 DPL=0 DS   [-WA]
FS =0018 00000000 ffffffff 00cf9300 DPL=0 DS   [-WA]
GS =0018 00000000 ffffffff 00cf9300 DPL=0 DS   [-WA]
LDT=0000 00000000 0000ffff 00008200 DPL=0 LDT
TR =0000 00000000 0000ffff 00008b00 DPL=0 TSS32-busy
GDT=     000010b0 00000020
IDT=     00107020 000007ff
CR0=00000011 CR2=00000000 CR3=00000000 CR4=00000000
DR0=00000000 DR1=00000000 DR2=00000000 DR3=00000000 
DR6=ffff0ff0 DR7=00000400
CCS=00104437 CCD=ffefbc96 CCO=SUBB
EFER=0000000000000000
check_exception old: 0xffffffff new 0x6
   468: v=06 e=0000 i=0 cpl=0 IP=0010:0000001b pc=0000001b SP=0018:001044d0 env->regs[R_EAX]=e9d43463
EAX=e9d43463 EBX=001044d4 ECX=00000018 EDX=001044d4
ESI=0000001b EDI=001044c4 EBP=00000010 ESP=001044d0
EIP=0000001b EFL=00000083 [--S---C] CPL=0 II=0 A20=1 SMM=0 HLT=0
ES =0018 00000000 ffffffff 00cf9300 DPL=0 DS   [-WA]
CS =0010 00000000 ffffffff 00cf9a00 DPL=0 CS32 [-R-]
SS =0018 00000000 ffffffff 00cf9300 DPL=0 DS   [-WA]
DS =0018 00000000 ffffffff 00cf9300 DPL=0 DS   [-WA]
FS =0018 00000000 ffffffff 00cf9300 DPL=0 DS   [-WA]
GS =0018 00000000 ffffffff 00cf9300 DPL=0 DS   [-WA]
LDT=0000 00000000 0000ffff 00008200 DPL=0 LDT
TR =0000 00000000 0000ffff 00008b00 DPL=0 TSS32-busy
GDT=     000010b0 00000020
IDT=     00107020 000007ff
CR0=00000011 CR2=00000000 CR3=00000000 CR4=00000000
DR0=00000000 DR1=00000000 DR2=00000000 DR3=00000000 
DR6=ffff0ff0 DR7=00000400
CCS=001044d4 CCD=ffefbbf8 CCO=SUBB
EFER=0000000000000000
check_exception old: 0xffffffff new 0x6
   469: v=06 e=0000 i=0 cpl=0 IP=0010:0000001b pc=0000001b SP=0018:001044d0 env->regs[R_EAX]=e9d43463
EAX=e9d43463 EBX=001044d4 ECX=00000018 EDX=00104437
ESI=0000001b EDI=001044c4 EBP=00000010 ESP=001044d0
EIP=0000001b EFL=00000082 [--S----] CPL=0 II=0 A20=1 SMM=0 HLT=0
ES =0018 00000000 ffffffff 00cf9300 DPL=0 DS   [-WA]
CS =0010 00000000 ffffffff 00cf9a00 DPL=0 CS32 [-R-]
SS =0018 00000000 ffffffff 00cf9300 DPL=0 DS   [-WA]
DS =0018 00000000 ffffffff 00cf9300 DPL=0 DS   [-WA]
FS =0018 00000000 ffffffff 00cf9300 DPL=0 DS   [-WA]
GS =0018 00000000 ffffffff 00cf9300 DPL=0 DS   [-WA]
LDT=0000 00000000 0000ffff 00008200 DPL=0 LDT
TR =0000 00000000 0000ffff 00008b00 DPL=0 TSS32-busy
GDT=     000010b0 00000020
IDT=     00107020 000007ff
CR0=00000011 CR2=00000000 CR3=00000000 CR4=00000000
DR0=00000000 DR1=00000000 DR2=00000000 DR3=00000000 
DR6=ffff0ff0 DR7=00000400
CCS=00104437 CCD=ffefbc94 CCO=SUBB
EFER=0000000000000000
check_exception old: 0xffffffff new 0x6
   470: v=06 e=0000 i=0 cpl=0 IP=0010:0000001b pc=0000001b SP=0018:001044d0 env->regs[R_EAX]=e9d43463
EAX=e9d43463 EBX=001044d4 ECX=00000018 EDX=001044d4
ESI=0000001b EDI=001044c4 EBP=00000010 ESP=001044d0
EIP=0000001b EFL=00000087 [--S--PC] CPL=0 II=0 A20=1 SMM=0 HLT=0
ES =0018 00000000 ffffffff 00cf9300 DPL=0 DS   [-WA]
CS =0010 00000000 ffffffff 00cf9a00 DPL=0 CS32 [-R-]
SS =0018 00000000 ffffffff 00cf9300 DPL=0 DS   [-WA]
DS =0018 00000000 ffffffff 00cf9300 DPL=0 DS   [-WA]
FS =0018 00000000 ffffffff 00cf9300 DPL=0 DS   [-WA]
GS =0018 00000000 ffffffff 00cf9300 DPL=0 DS   [-WA]
LDT=0000 00000000 0000ffff 00008200 DPL=0 LDT
TR =0000 00000000 0000ffff 00008b00 DPL=0 TSS32-busy
GDT=     000010b0 00000020
IDT=     00107020 000007ff
CR0=00000011 CR2=00000000 CR3=00000000 CR4=00000000
DR0=00000000 DR1=00000000 DR2=00000000 DR3=00000000 
DR6=ffff0ff0 DR7=00000400
CCS=001044d4 CCD=ffefbbf6 CCO=SUBB
EFER=0000000000000000
check_exception old: 0xffffffff new 0x6
   471: v=06 e=0000 i=0 cpl=0 IP=0010:0000001b pc=0000001b SP=0018:001044d0 env->regs[R_EAX]=e9d43463
EAX=e9d43463 EBX=001044d4 ECX=00000018 EDX=00104437
ESI=0000001b EDI=001044c4 EBP=00000010 ESP=001044d0
EIP=0000001b EFL=00000082 [--S----] CPL=0 II=0 A20=1 SMM=0 HLT=0
ES =0018 00000000 ffffffff 00cf9300 DPL=0 DS   [-WA]
CS =0010 00000000 ffffffff 00cf9a00 DPL=0 CS32 [-R-]
SS =0018 00000000 ffffffff 00cf9300 DPL=0 DS   [-WA]
DS =0018 00000000 ffffffff 00cf9300 DPL=0 DS   [-WA]
FS =0018 00000000 ffffffff 00cf9300 DPL=0 DS   [-WA]
GS =0018 00000000 ffffffff 00cf9300 DPL=0 DS   [-WA]
LDT=0000 00000000 0000ffff 00008200 DPL=0 LDT
TR =0000 00000000 0000ffff 00008b00 DPL=0 TSS32-busy
GDT=     000010b0 00000020
IDT=     00107020 000007ff
CR0=00000011 CR2=00000000 CR3=00000000 CR4=00000000
DR0=00000000 DR1=00000000 DR2=00000000 DR3=00000000 
DR6=ffff0ff0 DR7=00000400
CCS=00104437 CCD=ffefbc92 CCO=SUBB
EFER=0000000000000000
check_exception old: 0xffffffff new 0x6
   472: v=06 e=0000 i=0 cpl=0 IP=0010:0000001b pc=0000001b SP=0018:001044d0 env->regs[R_EAX]=e9d43463
EAX=e9d43463 EBX=001044d4 ECX=00000018 EDX=001044d4
ESI=0000001b EDI=001044c4 EBP=00000010 ESP=001044d0
EIP=0000001b EFL=00000083 [--S---C] CPL=0 II=0 A20=1 SMM=0 HLT=0
ES =0018 00000000 ffffffff 00cf9300 DPL=0 DS   [-WA]
CS =0010 00000000 ffffffff 00cf9a00 DPL=0 CS32 [-R-]
SS =0018 00000000 ffffffff 00cf9300 DPL=0 DS   [-WA]
DS =0018 00000000 ffffffff 00cf9300 DPL=0 DS   [-WA]
FS =0018 00000000 ffffffff 00cf9300 DPL=0 DS   [-WA]
GS =0018 00000000 ffffffff 00cf9300 DPL=0 DS   [-WA]
LDT=0000 00000000 0000ffff 00008200 DPL=0 LDT
TR =0000 00000000 0000ffff 00008b00 DPL=0 TSS32-busy
GDT=     000010b0 00000020
IDT=     00107020 000007ff
CR0=00000011 CR2=00000000 CR3=00000000 CR4=00000000
DR0=00000000 DR1=00000000 DR2=00000000 DR3=00000000 
DR6=ffff0ff0 DR7=00000400
CCS=001044d4 CCD=ffefbbf4 CCO=SUBB
EFER=0000000000000000
check_exception old: 0xffffffff new 0x6
   473: v=06 e=0000 i=0 cpl=0 IP=0010:0000001b pc=0000001b SP=0018:001044d0 env->regs[R_EAX]=e9d43463
EAX=e9d43463 EBX=001044d4 ECX=00000018 EDX=00104437
ESI=0000001b EDI=001044c4 EBP=00000010 ESP=001044d0
EIP=0000001b EFL=00000086 [--S--P-] CPL=0 II=0 A20=1 SMM=0 HLT=0
ES =0018 00000000 ffffffff 00cf9300 DPL=0 DS   [-WA]
CS =0010 00000000 ffffffff 00cf9a00 DPL=0 CS32 [-R-]
SS =0018 00000000 ffffffff 00cf9300 DPL=0 DS   [-WA]
DS =0018 00000000 ffffffff 00cf9300 DPL=0 DS   [-WA]
FS =0018 00000000 ffffffff 00cf9300 DPL=0 DS   [-WA]
GS =0018 00000000 ffffffff 00cf9300 DPL=0 DS   [-WA]
LDT=0000 00000000 0000ffff 00008200 DPL=0 LDT
TR =0000 00000000 0000ffff 00008b00 DPL=0 TSS32-busy
GDT=     000010b0 00000020
IDT=     00107020 000007ff
CR0=00000011 CR2=00000000 CR3=00000000 CR4=00000000
DR0=00000000 DR1=00000000 DR2=00000000 DR3=00000000 
DR6=ffff0ff0 DR7=00000400
CCS=00104437 CCD=ffefbc90 CCO=SUBB
EFER=0000000000000000
check_exception old: 0xffffffff new 0x6
   474: v=06 e=0000 i=0 cpl=0 IP=0010:0000001b pc=0000001b SP=0018:001044d0 env->regs[R_EAX]=e9d43463
EAX=e9d43463 EBX=001044d4 ECX=00000018 EDX=001044d4
ESI=0000001b EDI=001044c4 EBP=00000010 ESP=001044d0
EIP=0000001b EFL=00000083 [--S---C] CPL=0 II=0 A20=1 SMM=0 HLT=0
ES =0018 00000000 ffffffff 00cf9300 DPL=0 DS   [-WA]
CS =0010 00000000 ffffffff 00cf9a00 DPL=0 CS32 [-R-]
SS =0018 00000000 ffffffff 00cf9300 DPL=0 DS   [-WA]
DS =0018 00000000 ffffffff 00cf9300 DPL=0 DS   [-WA]
FS =0018 00000000 ffffffff 00cf9300 DPL=0 DS   [-WA]
GS =0018 00000000 ffffffff 00cf9300 DPL=0 DS   [-WA]
LDT=0000 00000000 0000ffff 00008200 DPL=0 LDT
TR =0000 00000000 0000ffff 00008b00 DPL=0 TSS32-busy
GDT=     000010b0 00000020
IDT=     00107020 000007ff
CR0=00000011 CR2=00000000 CR3=00000000 CR4=00000000
DR0=00000000 DR1=00000000 DR2=00000000 DR3=00000000 
DR6=ffff0ff0 DR7=00000400
CCS=001044d4 CCD=ffefbbf2 CCO=SUBB
EFER=0000000000000000
check_exception old: 0xffffffff new 0x6
   475: v=06 e=0000 i=0 cpl=0 IP=0010:0000001b pc=0000001b SP=0018:001044d0 env->regs[R_EAX]=e9d43463
EAX=e9d43463 EBX=001044d4 ECX=00000018 EDX=00104437
ESI=0000001b EDI=001044c4 EBP=00000010 ESP=001044d0
EIP=0000001b EFL=00000096 [--S-AP-] CPL=0 II=0 A20=1 SMM=0 HLT=0
ES =0018 00000000 ffffffff 00cf9300 DPL=0 DS   [-WA]
CS =0010 00000000 ffffffff 00cf9a00 DPL=0 CS32 [-R-]
SS =0018 00000000 ffffffff 00cf9300 DPL=0 DS   [-WA]
DS =0018 00000000 ffffffff 00cf9300 DPL=0 DS   [-WA]
FS =0018 00000000 ffffffff 00cf9300 DPL=0 DS   [-WA]
GS =0018 00000000 ffffffff 00cf9300 DPL=0 DS   [-WA]
LDT=0000 00000000 0000ffff 00008200 DPL=0 LDT
TR =0000 00000000 0000ffff 00008b00 DPL=0 TSS32-busy
GDT=     000010b0 00000020
IDT=     00107020 000007ff
CR0=00000011 CR2=00000000 CR3=00000000 CR4=00000000
DR0=00000000 DR1=00000000 DR2=00000000 DR3=00000000 
DR6=ffff0ff0 DR7=00000400
CCS=00104437 CCD=ffefbc8e CCO=SUBB
EFER=0000000000000000
check_exception old: 0xffffffff new 0x6
   476: v=06 e=0000 i=0 cpl=0 IP=0010:0000001b pc=0000001b SP=0018:001044d0 env->regs[R_EAX]=e9d43463
EAX=e9d43463 EBX=001044d4 ECX=00000018 EDX=001044d4
ESI=0000001b EDI=001044c4 EBP=00000010 ESP=001044d0
EIP=0000001b EFL=00000087 [--S--PC] CPL=0 II=0 A20=1 SMM=0 HLT=0
ES =0018 00000000 ffffffff 00cf9300 DPL=0 DS   [-WA]
CS =0010 00000000 ffffffff 00cf9a00 DPL=0 CS32 [-R-]
SS =0018 00000000 ffffffff 00cf9300 DPL=0 DS   [-WA]
DS =0018 00000000 ffffffff 00cf9300 DPL=0 DS   [-WA]
FS =0018 00000000 ffffffff 00cf9300 DPL=0 DS   [-WA]
GS =0018 00000000 ffffffff 00cf9300 DPL=0 DS   [-WA]
LDT=0000 00000000 0000ffff 00008200 DPL=0 LDT
TR =0000 00000000 0000ffff 00008b00 DPL=0 TSS32-busy
GDT=     000010b0 00000020
IDT=     00107020 000007ff
CR0=00000011 CR2=00000000 CR3=00000000 CR4=00000000
DR0=00000000 DR1=00000000 DR2=00000000 DR3=00000000 
DR6=ffff0ff0 DR7=00000400
CCS=001044d4 CCD=ffefbbf0 CCO=SUBB
EFER=0000000000000000
check_exception old: 0xffffffff new 0x6
   477: v=06 e=0000 i=0 cpl=0 IP=0010:0000001b pc=0000001b SP=0018:001044d0 env->regs[R_EAX]=e9d43463
EAX=e9d43463 EBX=001044d4 ECX=00000018 EDX=00104437
ESI=0000001b EDI=001044c4 EBP=00000010 ESP=001044d0
EIP=0000001b EFL=00000092 [--S-A--] CPL=0 II=0 A20=1 SMM=0 HLT=0
ES =0018 00000000 ffffffff 00cf9300 DPL=0 DS   [-WA]
CS =0010 00000000 ffffffff 00cf9a00 DPL=0 CS32 [-R-]
SS =0018 00000000 ffffffff 00cf9300 DPL=0 DS   [-WA]
DS =0018 00000000 ffffffff 00cf9300 DPL=0 DS   [-WA]
FS =0018 00000000 ffffffff 00cf9300 DPL=0 DS   [-WA]
GS =0018 00000000 ffffffff 00cf9300 DPL=0 DS   [-WA]
LDT=0000 00000000 0000ffff 00008200 DPL=0 LDT
TR =0000 00000000 0000ffff 00008b00 DPL=0 TSS32-busy
GDT=     000010b0 00000020
IDT=     00107020 000007ff
CR0=00000011 CR2=00000000 CR3=00000000 CR4=00000000
DR0=00000000 DR1=00000000 DR2=00000000 DR3=00000000 
DR6=ffff0ff0 DR7=00000400
CCS=00104437 CCD=ffefbc8c CCO=SUBB
EFER=0000000000000000
check_exception old: 0xffffffff new 0x6
   478: v=06 e=0000 i=0 cpl=0 IP=0010:0000001b pc=0000001b SP=0018:001044d0 env->regs[R_EAX]=e9d43463
EAX=e9d43463 EBX=001044d4 ECX=00000018 EDX=001044d4
ESI=0000001b EDI=001044c4 EBP=00000010 ESP=001044d0
EIP=0000001b EFL=00000097 [--S-APC] CPL=0 II=0 A20=1 SMM=0 HLT=0
ES =0018 00000000 ffffffff 00cf9300 DPL=0 DS   [-WA]
CS =0010 00000000 ffffffff 00cf9a00 DPL=0 CS32 [-R-]
SS =0018 00000000 ffffffff 00cf9300 DPL=0 DS   [-WA]
DS =0018 00000000 ffffffff 00cf9300 DPL=0 DS   [-WA]
FS =0018 00000000 ffffffff 00cf9300 DPL=0 DS   [-WA]
GS =0018 00000000 ffffffff 00cf9300 DPL=0 DS   [-WA]
LDT=0000 00000000 0000ffff 00008200 DPL=0 LDT
TR =0000 00000000 0000ffff 00008b00 DPL=0 TSS32-busy
GDT=     000010b0 00000020
IDT=     00107020 000007ff
CR0=00000011 CR2=00000000 CR3=00000000 CR4=00000000
DR0=00000000 DR1=00000000 DR2=00000000 DR3=00000000 
DR6=ffff0ff0 DR7=00000400
CCS=001044d4 CCD=ffefbbee CCO=SUBB
EFER=0000000000000000
check_exception old: 0xffffffff new 0x6
   479: v=06 e=0000 i=0 cpl=0 IP=0010:0000001b pc=0000001b SP=0018:001044d0 env->regs[R_EAX]=e9d43463
EAX=e9d43463 EBX=001044d4 ECX=00000018 EDX=00104437
ESI=0000001b EDI=001044c4 EBP=00000010 ESP=001044d0
EIP=0000001b EFL=00000092 [--S-A--] CPL=0 II=0 A20=1 SMM=0 HLT=0
ES =0018 00000000 ffffffff 00cf9300 DPL=0 DS   [-WA]
CS =0010 00000000 ffffffff 00cf9a00 DPL=0 CS32 [-R-]
SS =0018 00000000 ffffffff 00cf9300 DPL=0 DS   [-WA]
DS =0018 00000000 ffffffff 00cf9300 DPL=0 DS   [-WA]
FS =0018 00000000 ffffffff 00cf9300 DPL=0 DS   [-WA]
GS =0018 00000000 ffffffff 00cf9300 DPL=0 DS   [-WA]
LDT=0000 00000000 0000ffff 00008200 DPL=0 LDT
TR =0000 00000000 0000ffff 00008b00 DPL=0 TSS32-busy
GDT=     000010b0 00000020
IDT=     00107020 000007ff
CR0=00000011 CR2=00000000 CR3=00000000 CR4=00000000
DR0=00000000 DR1=00000000 DR2=00000000 DR3=00000000 
DR6=ffff0ff0 DR7=00000400
CCS=00104437 CCD=ffefbc8a CCO=SUBB
EFER=0000000000000000
check_exception old: 0xffffffff new 0x6
   480: v=06 e=0000 i=0 cpl=0 IP=0010:0000001b pc=0000001b SP=0018:001044d0 env->regs[R_EAX]=e9d43463
EAX=e9d43463 EBX=001044d4 ECX=00000018 EDX=001044d4
ESI=0000001b EDI=001044c4 EBP=00000010 ESP=001044d0
EIP=0000001b EFL=00000093 [--S-A-C] CPL=0 II=0 A20=1 SMM=0 HLT=0
ES =0018 00000000 ffffffff 00cf9300 DPL=0 DS   [-WA]
CS =0010 00000000 ffffffff 00cf9a00 DPL=0 CS32 [-R-]
SS =0018 00000000 ffffffff 00cf9300 DPL=0 DS   [-WA]
DS =0018 00000000 ffffffff 00cf9300 DPL=0 DS   [-WA]
FS =0018 00000000 ffffffff 00cf9300 DPL=0 DS   [-WA]
GS =0018 00000000 ffffffff 00cf9300 DPL=0 DS   [-WA]
LDT=0000 00000000 0000ffff 00008200 DPL=0 LDT
TR =0000 00000000 0000ffff 00008b00 DPL=0 TSS32-busy
GDT=     000010b0 00000020
IDT=     00107020 000007ff
CR0=00000011 CR2=00000000 CR3=00000000 CR4=00000000
DR0=00000000 DR1=00000000 DR2=00000000 DR3=00000000 
DR6=ffff0ff0 DR7=00000400
CCS=001044d4 CCD=ffefbbec CCO=SUBB
EFER=0000000000000000
check_exception old: 0xffffffff new 0x6
   481: v=06 e=0000 i=0 cpl=0 IP=0010:0000001b pc=0000001b SP=0018:001044d0 env->regs[R_EAX]=e9d43463
EAX=e9d43463 EBX=001044d4 ECX=00000018 EDX=00104437
ESI=0000001b EDI=001044c4 EBP=00000010 ESP=001044d0
EIP=0000001b EFL=00000086 [--S--P-] CPL=0 II=0 A20=1 SMM=0 HLT=0
ES =0018 00000000 ffffffff 00cf9300 DPL=0 DS   [-WA]
CS =0010 00000000 ffffffff 00cf9a00 DPL=0 CS32 [-R-]
SS =0018 00000000 ffffffff 00cf9300 DPL=0 DS   [-WA]
DS =0018 00000000 ffffffff 00cf9300 DPL=0 DS   [-WA]
FS =0018 00000000 ffffffff 00cf9300 DPL=0 DS   [-WA]
GS =0018 00000000 ffffffff 00cf9300 DPL=0 DS   [-WA]
LDT=0000 00000000 0000ffff 00008200 DPL=0 LDT
TR =0000 00000000 0000ffff 00008b00 DPL=0 TSS32-busy
GDT=     000010b0 00000020
IDT=     00107020 000007ff
CR0=00000011 CR2=00000000 CR3=00000000 CR4=00000000
DR0=00000000 DR1=00000000 DR2=00000000 DR3=00000000 
DR6=ffff0ff0 DR7=00000400
CCS=00104437 CCD=ffefbc88 CCO=SUBB
EFER=0000000000000000
check_exception old: 0xffffffff new 0x6
   482: v=06 e=0000 i=0 cpl=0 IP=0010:0000001b pc=0000001b SP=0018:001044d0 env->regs[R_EAX]=e9d43463
EAX=e9d43463 EBX=001044d4 ECX=00000018 EDX=001044d4
ESI=0000001b EDI=001044c4 EBP=00000010 ESP=001044d0
EIP=0000001b EFL=00000083 [--S---C] CPL=0 II=0 A20=1 SMM=0 HLT=0
ES =0018 00000000 ffffffff 00cf9300 DPL=0 DS   [-WA]
CS =0010 00000000 ffffffff 00cf9a00 DPL=0 CS32 [-R-]
SS =0018 00000000 ffffffff 00cf9300 DPL=0 DS   [-WA]
DS =0018 00000000 ffffffff 00cf9300 DPL=0 DS   [-WA]
FS =0018 00000000 ffffffff 00cf9300 DPL=0 DS   [-WA]
GS =0018 00000000 ffffffff 00cf9300 DPL=0 DS   [-WA]
LDT=0000 00000000 0000ffff 00008200 DPL=0 LDT
TR =0000 00000000 0000ffff 00008b00 DPL=0 TSS32-busy
GDT=     000010b0 00000020
IDT=     00107020 000007ff
CR0=00000011 CR2=00000000 CR3=00000000 CR4=00000000
DR0=00000000 DR1=00000000 DR2=00000000 DR3=00000000 
DR6=ffff0ff0 DR7=00000400
CCS=001044d4 CCD=ffefbbea CCO=SUBB
EFER=0000000000000000
check_exception old: 0xffffffff new 0x6
   483: v=06 e=0000 i=0 cpl=0 IP=0010:0000001b pc=0000001b SP=0018:001044d0 env->regs[R_EAX]=e9d43463
EAX=e9d43463 EBX=001044d4 ECX=00000018 EDX=00104437
ESI=0000001b EDI=001044c4 EBP=00000010 ESP=001044d0
EIP=0000001b EFL=00000082 [--S----] CPL=0 II=0 A20=1 SMM=0 HLT=0
ES =0018 00000000 ffffffff 00cf9300 DPL=0 DS   [-WA]
CS =0010 00000000 ffffffff 00cf9a00 DPL=0 CS32 [-R-]
SS =0018 00000000 ffffffff 00cf9300 DPL=0 DS   [-WA]
DS =0018 00000000 ffffffff 00cf9300 DPL=0 DS   [-WA]
FS =0018 00000000 ffffffff 00cf9300 DPL=0 DS   [-WA]
GS =0018 00000000 ffffffff 00cf9300 DPL=0 DS   [-WA]
LDT=0000 00000000 0000ffff 00008200 DPL=0 LDT
TR =0000 00000000 0000ffff 00008b00 DPL=0 TSS32-busy
GDT=     000010b0 00000020
IDT=     00107020 000007ff
CR0=00000011 CR2=00000000 CR3=00000000 CR4=00000000
DR0=00000000 DR1=00000000 DR2=00000000 DR3=00000000 
DR6=ffff0ff0 DR7=00000400
CCS=00104437 CCD=ffefbc86 CCO=SUBB
EFER=0000000000000000
check_exception old: 0xffffffff new 0x6
   484: v=06 e=0000 i=0 cpl=0 IP=0010:0000001b pc=0000001b SP=0018:001044d0 env->regs[R_EAX]=e9d43463
EAX=e9d43463 EBX=001044d4 ECX=00000018 EDX=001044d4
ESI=0000001b EDI=001044c4 EBP=00000010 ESP=001044d0
EIP=0000001b EFL=00000087 [--S--PC] CPL=0 II=0 A20=1 SMM=0 HLT=0
ES =0018 00000000 ffffffff 00cf9300 DPL=0 DS   [-WA]
CS =0010 00000000 ffffffff 00cf9a00 DPL=0 CS32 [-R-]
SS =0018 00000000 ffffffff 00cf9300 DPL=0 DS   [-WA]
DS =0018 00000000 ffffffff 00cf9300 DPL=0 DS   [-WA]
FS =0018 00000000 ffffffff 00cf9300 DPL=0 DS   [-WA]
GS =0018 00000000 ffffffff 00cf9300 DPL=0 DS   [-WA]
LDT=0000 00000000 0000ffff 00008200 DPL=0 LDT
TR =0000 00000000 0000ffff 00008b00 DPL=0 TSS32-busy
GDT=     000010b0 00000020
IDT=     00107020 000007ff
CR0=00000011 CR2=00000000 CR3=00000000 CR4=00000000
DR0=00000000 DR1=00000000 DR2=00000000 DR3=00000000 
DR6=ffff0ff0 DR7=00000400
CCS=001044d4 CCD=ffefbbe8 CCO=SUBB
EFER=0000000000000000
check_exception old: 0xffffffff new 0x6
   485: v=06 e=0000 i=0 cpl=0 IP=0010:0000001b pc=0000001b SP=0018:001044d0 env->regs[R_EAX]=e9d43463
EAX=e9d43463 EBX=001044d4 ECX=00000018 EDX=00104437
ESI=0000001b EDI=001044c4 EBP=00000010 ESP=001044d0
EIP=0000001b EFL=00000086 [--S--P-] CPL=0 II=0 A20=1 SMM=0 HLT=0
ES =0018 00000000 ffffffff 00cf9300 DPL=0 DS   [-WA]
CS =0010 00000000 ffffffff 00cf9a00 DPL=0 CS32 [-R-]
SS =0018 00000000 ffffffff 00cf9300 DPL=0 DS   [-WA]
DS =0018 00000000 ffffffff 00cf9300 DPL=0 DS   [-WA]
FS =0018 00000000 ffffffff 00cf9300 DPL=0 DS   [-WA]
GS =0018 00000000 ffffffff 00cf9300 DPL=0 DS   [-WA]
LDT=0000 00000000 0000ffff 00008200 DPL=0 LDT
TR =0000 00000000 0000ffff 00008b00 DPL=0 TSS32-busy
GDT=     000010b0 00000020
IDT=     00107020 000007ff
CR0=00000011 CR2=00000000 CR3=00000000 CR4=00000000
DR0=00000000 DR1=00000000 DR2=00000000 DR3=00000000 
DR6=ffff0ff0 DR7=00000400
CCS=00104437 CCD=ffefbc84 CCO=SUBB
EFER=0000000000000000
check_exception old: 0xffffffff new 0x6
   486: v=06 e=0000 i=0 cpl=0 IP=0010:0000001b pc=0000001b SP=0018:001044d0 env->regs[R_EAX]=e9d43463
EAX=e9d43463 EBX=001044d4 ECX=00000018 EDX=001044d4
ESI=0000001b EDI=001044c4 EBP=00000010 ESP=001044d0
EIP=0000001b EFL=00000083 [--S---C] CPL=0 II=0 A20=1 SMM=0 HLT=0
ES =0018 00000000 ffffffff 00cf9300 DPL=0 DS   [-WA]
CS =0010 00000000 ffffffff 00cf9a00 DPL=0 CS32 [-R-]
SS =0018 00000000 ffffffff 00cf9300 DPL=0 DS   [-WA]
DS =0018 00000000 ffffffff 00cf9300 DPL=0 DS   [-WA]
FS =0018 00000000 ffffffff 00cf9300 DPL=0 DS   [-WA]
GS =0018 00000000 ffffffff 00cf9300 DPL=0 DS   [-WA]
LDT=0000 00000000 0000ffff 00008200 DPL=0 LDT
TR =0000 00000000 0000ffff 00008b00 DPL=0 TSS32-busy
GDT=     000010b0 00000020
IDT=     00107020 000007ff
CR0=00000011 CR2=00000000 CR3=00000000 CR4=00000000
DR0=00000000 DR1=00000000 DR2=00000000 DR3=00000000 
DR6=ffff0ff0 DR7=00000400
CCS=001044d4 CCD=ffefbbe6 CCO=SUBB
EFER=0000000000000000
check_exception old: 0xffffffff new 0x6
   487: v=06 e=0000 i=0 cpl=0 IP=0010:0000001b pc=0000001b SP=0018:001044d0 env->regs[R_EAX]=e9d43463
EAX=e9d43463 EBX=001044d4 ECX=00000018 EDX=00104437
ESI=0000001b EDI=001044c4 EBP=00000010 ESP=001044d0
EIP=0000001b EFL=00000086 [--S--P-] CPL=0 II=0 A20=1 SMM=0 HLT=0
ES =0018 00000000 ffffffff 00cf9300 DPL=0 DS   [-WA]
CS =0010 00000000 ffffffff 00cf9a00 DPL=0 CS32 [-R-]
SS =0018 00000000 ffffffff 00cf9300 DPL=0 DS   [-WA]
DS =0018 00000000 ffffffff 00cf9300 DPL=0 DS   [-WA]
FS =0018 00000000 ffffffff 00cf9300 DPL=0 DS   [-WA]
GS =0018 00000000 ffffffff 00cf9300 DPL=0 DS   [-WA]
LDT=0000 00000000 0000ffff 00008200 DPL=0 LDT
TR =0000 00000000 0000ffff 00008b00 DPL=0 TSS32-busy
GDT=     000010b0 00000020
IDT=     00107020 000007ff
CR0=00000011 CR2=00000000 CR3=00000000 CR4=00000000
DR0=00000000 DR1=00000000 DR2=00000000 DR3=00000000 
DR6=ffff0ff0 DR7=00000400
CCS=00104437 CCD=ffefbc82 CCO=SUBB
EFER=0000000000000000
check_exception old: 0xffffffff new 0x6
   488: v=06 e=0000 i=0 cpl=0 IP=0010:0000001b pc=0000001b SP=0018:001044d0 env->regs[R_EAX]=e9d43463
EAX=e9d43463 EBX=001044d4 ECX=00000018 EDX=001044d4
ESI=0000001b EDI=001044c4 EBP=00000010 ESP=001044d0
EIP=0000001b EFL=00000087 [--S--PC] CPL=0 II=0 A20=1 SMM=0 HLT=0
ES =0018 00000000 ffffffff 00cf9300 DPL=0 DS   [-WA]
CS =0010 00000000 ffffffff 00cf9a00 DPL=0 CS32 [-R-]
SS =0018 00000000 ffffffff 00cf9300 DPL=0 DS   [-WA]
DS =0018 00000000 ffffffff 00cf9300 DPL=0 DS   [-WA]
FS =0018 00000000 ffffffff 00cf9300 DPL=0 DS   [-WA]
GS =0018 00000000 ffffffff 00cf9300 DPL=0 DS   [-WA]
LDT=0000 00000000 0000ffff 00008200 DPL=0 LDT
TR =0000 00000000 0000ffff 00008b00 DPL=0 TSS32-busy
GDT=     000010b0 00000020
IDT=     00107020 000007ff
CR0=00000011 CR2=00000000 CR3=00000000 CR4=00000000
DR0=00000000 DR1=00000000 DR2=00000000 DR3=00000000 
DR6=ffff0ff0 DR7=00000400
CCS=001044d4 CCD=ffefbbe4 CCO=SUBB
EFER=0000000000000000
check_exception old: 0xffffffff new 0x6
   489: v=06 e=0000 i=0 cpl=0 IP=0010:0000001b pc=0000001b SP=0018:001044d0 env->regs[R_EAX]=e9d43463
EAX=e9d43463 EBX=001044d4 ECX=00000018 EDX=00104437
ESI=0000001b EDI=001044c4 EBP=00000010 ESP=001044d0
EIP=0000001b EFL=00000082 [--S----] CPL=0 II=0 A20=1 SMM=0 HLT=0
ES =0018 00000000 ffffffff 00cf9300 DPL=0 DS   [-WA]
CS =0010 00000000 ffffffff 00cf9a00 DPL=0 CS32 [-R-]
SS =0018 00000000 ffffffff 00cf9300 DPL=0 DS   [-WA]
DS =0018 00000000 ffffffff 00cf9300 DPL=0 DS   [-WA]
FS =0018 00000000 ffffffff 00cf9300 DPL=0 DS   [-WA]
GS =0018 00000000 ffffffff 00cf9300 DPL=0 DS   [-WA]
LDT=0000 00000000 0000ffff 00008200 DPL=0 LDT
TR =0000 00000000 0000ffff 00008b00 DPL=0 TSS32-busy
GDT=     000010b0 00000020
IDT=     00107020 000007ff
CR0=00000011 CR2=00000000 CR3=00000000 CR4=00000000
DR0=00000000 DR1=00000000 DR2=00000000 DR3=00000000 
DR6=ffff0ff0 DR7=00000400
CCS=00104437 CCD=ffefbc80 CCO=SUBB
EFER=0000000000000000
check_exception old: 0xffffffff new 0x6
   490: v=06 e=0000 i=0 cpl=0 IP=0010:0000001b pc=0000001b SP=0018:001044d0 env->regs[R_EAX]=e9d43463
EAX=e9d43463 EBX=001044d4 ECX=00000018 EDX=001044d4
ESI=0000001b EDI=001044c4 EBP=00000010 ESP=001044d0
EIP=0000001b EFL=00000087 [--S--PC] CPL=0 II=0 A20=1 SMM=0 HLT=0
ES =0018 00000000 ffffffff 00cf9300 DPL=0 DS   [-WA]
CS =0010 00000000 ffffffff 00cf9a00 DPL=0 CS32 [-R-]
SS =0018 00000000 ffffffff 00cf9300 DPL=0 DS   [-WA]
DS =0018 00000000 ffffffff 00cf9300 DPL=0 DS   [-WA]
FS =0018 00000000 ffffffff 00cf9300 DPL=0 DS   [-WA]
GS =0018 00000000 ffffffff 00cf9300 DPL=0 DS   [-WA]
LDT=0000 00000000 0000ffff 00008200 DPL=0 LDT
TR =0000 00000000 0000ffff 00008b00 DPL=0 TSS32-busy
GDT=     000010b0 00000020
IDT=     00107020 000007ff
CR0=00000011 CR2=00000000 CR3=00000000 CR4=00000000
DR0=00000000 DR1=00000000 DR2=00000000 DR3=00000000 
DR6=ffff0ff0 DR7=00000400
CCS=001044d4 CCD=ffefbbe2 CCO=SUBB
EFER=0000000000000000
check_exception old: 0xffffffff new 0x6
   491: v=06 e=0000 i=0 cpl=0 IP=0010:0000001b pc=0000001b SP=0018:001044d0 env->regs[R_EAX]=e9d43463
EAX=e9d43463 EBX=001044d4 ECX=00000018 EDX=00104437
ESI=0000001b EDI=001044c4 EBP=00000010 ESP=001044d0
EIP=0000001b EFL=00000816 [-O--AP-] CPL=0 II=0 A20=1 SMM=0 HLT=0
ES =0018 00000000 ffffffff 00cf9300 DPL=0 DS   [-WA]
CS =0010 00000000 ffffffff 00cf9a00 DPL=0 CS32 [-R-]
SS =0018 00000000 ffffffff 00cf9300 DPL=0 DS   [-WA]
DS =0018 00000000 ffffffff 00cf9300 DPL=0 DS   [-WA]
FS =0018 00000000 ffffffff 00cf9300 DPL=0 DS   [-WA]
GS =0018 00000000 ffffffff 00cf9300 DPL=0 DS   [-WA]
LDT=0000 00000000 0000ffff 00008200 DPL=0 LDT
TR =0000 00000000 0000ffff 00008b00 DPL=0 TSS32-busy
GDT=     000010b0 00000020
IDT=     00107020 000007ff
CR0=00000011 CR2=00000000 CR3=00000000 CR4=00000000
DR0=00000000 DR1=00000000 DR2=00000000 DR3=00000000 
DR6=ffff0ff0 DR7=00000400
CCS=00104437 CCD=ffefbc7e CCO=SUBB
EFER=0000000000000000
check_exception old: 0xffffffff new 0x6
   492: v=06 e=0000 i=0 cpl=0 IP=0010:0000001b pc=0000001b SP=0018:001044d0 env->regs[R_EAX]=e9d43463
EAX=e9d43463 EBX=001044d4 ECX=00000018 EDX=001044d4
ESI=0000001b EDI=001044c4 EBP=00000010 ESP=001044d0
EIP=0000001b EFL=00000083 [--S---C] CPL=0 II=0 A20=1 SMM=0 HLT=0
ES =0018 00000000 ffffffff 00cf9300 DPL=0 DS   [-WA]
CS =0010 00000000 ffffffff 00cf9a00 DPL=0 CS32 [-R-]
SS =0018 00000000 ffffffff 00cf9300 DPL=0 DS   [-WA]
DS =0018 00000000 ffffffff 00cf9300 DPL=0 DS   [-WA]
FS =0018 00000000 ffffffff 00cf9300 DPL=0 DS   [-WA]
GS =0018 00000000 ffffffff 00cf9300 DPL=0 DS   [-WA]
LDT=0000 00000000 0000ffff 00008200 DPL=0 LDT
TR =0000 00000000 0000ffff 00008b00 DPL=0 TSS32-busy
GDT=     000010b0 00000020
IDT=     00107020 000007ff
CR0=00000011 CR2=00000000 CR3=00000000 CR4=00000000
DR0=00000000 DR1=00000000 DR2=00000000 DR3=00000000 
DR6=ffff0ff0 DR7=00000400
CCS=001044d4 CCD=ffefbbe0 CCO=SUBB
EFER=0000000000000000
check_exception old: 0xffffffff new 0x6
   493: v=06 e=0000 i=0 cpl=0 IP=0010:0000001b pc=0000001b SP=0018:001044d0 env->regs[R_EAX]=e9d43463
EAX=e9d43463 EBX=001044d4 ECX=00000018 EDX=00104437
ESI=0000001b EDI=001044c4 EBP=00000010 ESP=001044d0
EIP=0000001b EFL=00000812 [-O--A--] CPL=0 II=0 A20=1 SMM=0 HLT=0
ES =0018 00000000 ffffffff 00cf9300 DPL=0 DS   [-WA]
CS =0010 00000000 ffffffff 00cf9a00 DPL=0 CS32 [-R-]
SS =0018 00000000 ffffffff 00cf9300 DPL=0 DS   [-WA]
DS =0018 00000000 ffffffff 00cf9300 DPL=0 DS   [-WA]
FS =0018 00000000 ffffffff 00cf9300 DPL=0 DS   [-WA]
GS =0018 00000000 ffffffff 00cf9300 DPL=0 DS   [-WA]
LDT=0000 00000000 0000ffff 00008200 DPL=0 LDT
TR =0000 00000000 0000ffff 00008b00 DPL=0 TSS32-busy
GDT=     000010b0 00000020
IDT=     00107020 000007ff
CR0=00000011 CR2=00000000 CR3=00000000 CR4=00000000
DR0=00000000 DR1=00000000 DR2=00000000 DR3=00000000 
DR6=ffff0ff0 DR7=00000400
CCS=00104437 CCD=ffefbc7c CCO=SUBB
EFER=0000000000000000
check_exception old: 0xffffffff new 0x6
   494: v=06 e=0000 i=0 cpl=0 IP=0010:0000001b pc=0000001b SP=0018:001044d0 env->regs[R_EAX]=e9d43463
EAX=e9d43463 EBX=001044d4 ECX=00000018 EDX=001044d4
ESI=0000001b EDI=001044c4 EBP=00000010 ESP=001044d0
EIP=0000001b EFL=00000097 [--S-APC] CPL=0 II=0 A20=1 SMM=0 HLT=0
ES =0018 00000000 ffffffff 00cf9300 DPL=0 DS   [-WA]
CS =0010 00000000 ffffffff 00cf9a00 DPL=0 CS32 [-R-]
SS =0018 00000000 ffffffff 00cf9300 DPL=0 DS   [-WA]
DS =0018 00000000 ffffffff 00cf9300 DPL=0 DS   [-WA]
FS =0018 00000000 ffffffff 00cf9300 DPL=0 DS   [-WA]
GS =0018 00000000 ffffffff 00cf9300 DPL=0 DS   [-WA]
LDT=0000 00000000 0000ffff 00008200 DPL=0 LDT
TR =0000 00000000 0000ffff 00008b00 DPL=0 TSS32-busy
GDT=     000010b0 00000020
IDT=     00107020 000007ff
CR0=00000011 CR2=00000000 CR3=00000000 CR4=00000000
DR0=00000000 DR1=00000000 DR2=00000000 DR3=00000000 
DR6=ffff0ff0 DR7=00000400
CCS=001044d4 CCD=ffefbbde CCO=SUBB
EFER=0000000000000000
SMM: enter
EAX=e9d43463 EBX=001044d4 ECX=00000018 EDX=001044d4
ESI=0000001b EDI=001044c4 EBP=00000010 ESP=001044c4
EIP=00000000 EFL=00000097 [--S-APC] CPL=0 II=0 A20=1 SMM=0 HLT=0
ES =0018 00000000 ffffffff 00cf9300 DPL=0 DS   [-WA]
CS =0010 00000000 ffffffff 00cf9a00 DPL=0 CS32 [-R-]
SS =0018 00000000 ffffffff 00cf9300 DPL=0 DS   [-WA]
DS =0018 00000000 ffffffff 00cf9300 DPL=0 DS   [-WA]
FS =0018 00000000 ffffffff 00cf9300 DPL=0 DS   [-WA]
GS =0018 00000000 ffffffff 00cf9300 DPL=0 DS   [-WA]
LDT=0000 00000000 0000ffff 00008200 DPL=0 LDT
TR =0000 00000000 0000ffff 00008b00 DPL=0 TSS32-busy
GDT=     000010b0 00000020
IDT=     00107020 000007ff
CR0=00000011 CR2=00000000 CR3=00000000 CR4=00000000
DR0=00000000 DR1=00000000 DR2=00000000 DR3=00000000 
DR6=ffff0ff0 DR7=00000400
CCS=001044d4 CCD=ffefbbde CCO=SUBB
EFER=0000000000000000
SMM: after RSM
EAX=e9d43463 EBX=001044d4 ECX=00000018 EDX=001044d4
ESI=0000001b EDI=001044c4 EBP=00000010 ESP=001044c4
EIP=00000000 EFL=00000097 [--S-APC] CPL=0 II=0 A20=1 SMM=0 HLT=0
ES =0018 00000000 ffffffff 00c09300 DPL=0 DS   [-WA]
CS =0010 00000000 ffffffff 00c09a00 DPL=0 CS32 [-R-]
SS =0018 00000000 ffffffff 00c09300 DPL=0 DS   [-WA]
DS =0018 00000000 ffffffff 00c09300 DPL=0 DS   [-WA]
FS =0018 00000000 ffffffff 00c09300 DPL=0 DS   [-WA]
GS =0018 00000000 ffffffff 00c09300 DPL=0 DS   [-WA]
LDT=0000 00000000 0000ffff 00008200 DPL=0 LDT
TR =0000 00000000 0000ffff 00008b00 DPL=0 TSS32-busy
GDT=     000010b0 00000020
IDT=     00107020 000007ff
CR0=00000011 CR2=00000000 CR3=00000000 CR4=00000000
DR0=00000000 DR1=00000000 DR2=00000000 DR3=00000000 
DR6=ffff0ff0 DR7=00000400
CCS=00000095 CCD=e9d4a01f CCO=EFLAGS
EFER=0000000000000000
check_exception old: 0xffffffff new 0x6
   495: v=06 e=0000 i=0 cpl=0 IP=0010:0000001b pc=0000001b SP=0018:001044d0 env->regs[R_EAX]=e9d43463
EAX=e9d43463 EBX=001044d4 ECX=00000018 EDX=00104437
ESI=0000001b EDI=001044c4 EBP=00000010 ESP=001044d0
EIP=0000001b EFL=00000812 [-O--A--] CPL=0 II=0 A20=1 SMM=0 HLT=0
ES =0018 00000000 ffffffff 00c09300 DPL=0 DS   [-WA]
CS =0010 00000000 ffffffff 00c09a00 DPL=0 CS32 [-R-]
SS =0018 00000000 ffffffff 00c09300 DPL=0 DS   [-WA]
DS =0018 00000000 ffffffff 00c09300 DPL=0 DS   [-WA]
FS =0018 00000000 ffffffff 00c09300 DPL=0 DS   [-WA]
GS =0018 00000000 ffffffff 00c09300 DPL=0 DS   [-WA]
LDT=0000 00000000 0000ffff 00008200 DPL=0 LDT
TR =0000 00000000 0000ffff 00008b00 DPL=0 TSS32-busy
GDT=     000010b0 00000020
IDT=     00107020 000007ff
CR0=00000011 CR2=00000000 CR3=00000000 CR4=00000000
DR0=00000000 DR1=00000000 DR2=00000000 DR3=00000000 
DR6=ffff0ff0 DR7=00000400
CCS=00104437 CCD=ffefbc7a CCO=SUBB
EFER=0000000000000000
check_exception old: 0xffffffff new 0x6
   496: v=06 e=0000 i=0 cpl=0 IP=0010:0000001b pc=0000001b SP=0018:001044d0 env->regs[R_EAX]=e9d43463
EAX=e9d43463 EBX=001044d4 ECX=00000018 EDX=001044d4
ESI=0000001b EDI=001044c4 EBP=00000010 ESP=001044d0
EIP=0000001b EFL=00000093 [--S-A-C] CPL=0 II=0 A20=1 SMM=0 HLT=0
ES =0018 00000000 ffffffff 00c09300 DPL=0 DS   [-WA]
CS =0010 00000000 ffffffff 00cf9a00 DPL=0 CS32 [-R-]
SS =0018 00000000 ffffffff 00c09300 DPL=0 DS   [-WA]
DS =0018 00000000 ffffffff 00c09300 DPL=0 DS   [-WA]
FS =0018 00000000 ffffffff 00c09300 DPL=0 DS   [-WA]
GS =0018 00000000 ffffffff 00c09300 DPL=0 DS   [-WA]
LDT=0000 00000000 0000ffff 00008200 DPL=0 LDT
TR =0000 00000000 0000ffff 00008b00 DPL=0 TSS32-busy
GDT=     000010b0 00000020
IDT=     00107020 000007ff
CR0=00000011 CR2=00000000 CR3=00000000 CR4=00000000
DR0=00000000 DR1=00000000 DR2=00000000 DR3=00000000 
DR6=ffff0ff0 DR7=00000400
CCS=001044d4 CCD=ffefbbdc CCO=SUBB
EFER=0000000000000000
check_exception old: 0xffffffff new 0x6
   497: v=06 e=0000 i=0 cpl=0 IP=0010:0000001b pc=0000001b SP=0018:001044d0 env->regs[R_EAX]=e9d43463
EAX=e9d43463 EBX=001044d4 ECX=00000018 EDX=00104437
ESI=0000001b EDI=001044c4 EBP=00000010 ESP=001044d0
EIP=0000001b EFL=00000806 [-O---P-] CPL=0 II=0 A20=1 SMM=0 HLT=0
ES =0018 00000000 ffffffff 00c09300 DPL=0 DS   [-WA]
CS =0010 00000000 ffffffff 00cf9a00 DPL=0 CS32 [-R-]
SS =0018 00000000 ffffffff 00c09300 DPL=0 DS   [-WA]
DS =0018 00000000 ffffffff 00c09300 DPL=0 DS   [-WA]
FS =0018 00000000 ffffffff 00c09300 DPL=0 DS   [-WA]
GS =0018 00000000 ffffffff 00c09300 DPL=0 DS   [-WA]
LDT=0000 00000000 0000ffff 00008200 DPL=0 LDT
TR =0000 00000000 0000ffff 00008b00 DPL=0 TSS32-busy
GDT=     000010b0 00000020
IDT=     00107020 000007ff
CR0=00000011 CR2=00000000 CR3=00000000 CR4=00000000
DR0=00000000 DR1=00000000 DR2=00000000 DR3=00000000 
DR6=ffff0ff0 DR7=00000400
CCS=00104437 CCD=ffefbc78 CCO=SUBB
EFER=0000000000000000
check_exception old: 0xffffffff new 0x6
   498: v=06 e=0000 i=0 cpl=0 IP=0010:0000001b pc=0000001b SP=0018:001044d0 env->regs[R_EAX]=e9d43463
EAX=e9d43463 EBX=001044d4 ECX=00000018 EDX=001044d4
ESI=0000001b EDI=001044c4 EBP=00000010 ESP=001044d0
EIP=0000001b EFL=00000083 [--S---C] CPL=0 II=0 A20=1 SMM=0 HLT=0
ES =0018 00000000 ffffffff 00c09300 DPL=0 DS   [-WA]
CS =0010 00000000 ffffffff 00cf9a00 DPL=0 CS32 [-R-]
SS =0018 00000000 ffffffff 00c09300 DPL=0 DS   [-WA]
DS =0018 00000000 ffffffff 00c09300 DPL=0 DS   [-WA]
FS =0018 00000000 ffffffff 00c09300 DPL=0 DS   [-WA]
GS =0018 00000000 ffffffff 00c09300 DPL=0 DS   [-WA]
LDT=0000 00000000 0000ffff 00008200 DPL=0 LDT
TR =0000 00000000 0000ffff 00008b00 DPL=0 TSS32-busy
GDT=     000010b0 00000020
IDT=     00107020 000007ff
CR0=00000011 CR2=00000000 CR3=00000000 CR4=00000000
DR0=00000000 DR1=00000000 DR2=00000000 DR3=00000000 
DR6=ffff0ff0 DR7=00000400
CCS=001044d4 CCD=ffefbbda CCO=SUBB
EFER=0000000000000000
check_exception old: 0xffffffff new 0x6
   499: v=06 e=0000 i=0 cpl=0 IP=0010:0000001b pc=0000001b SP=0018:001044d0 env->regs[R_EAX]=e9d43463
EAX=e9d43463 EBX=001044d4 ECX=00000018 EDX=00104437
ESI=0000001b EDI=001044c4 EBP=00000010 ESP=001044d0
EIP=0000001b EFL=00000802 [-O-----] CPL=0 II=0 A20=1 SMM=0 HLT=0
ES =0018 00000000 ffffffff 00c09300 DPL=0 DS   [-WA]
CS =0010 00000000 ffffffff 00cf9a00 DPL=0 CS32 [-R-]
SS =0018 00000000 ffffffff 00c09300 DPL=0 DS   [-WA]
DS =0018 00000000 ffffffff 00c09300 DPL=0 DS   [-WA]
FS =0018 00000000 ffffffff 00c09300 DPL=0 DS   [-WA]
GS =0018 00000000 ffffffff 00c09300 DPL=0 DS   [-WA]
LDT=0000 00000000 0000ffff 00008200 DPL=0 LDT
TR =0000 00000000 0000ffff 00008b00 DPL=0 TSS32-busy
GDT=     000010b0 00000020
IDT=     00107020 000007ff
CR0=00000011 CR2=00000000 CR3=00000000 CR4=00000000
DR0=00000000 DR1=00000000 DR2=00000000 DR3=00000000 
DR6=ffff0ff0 DR7=00000400
CCS=00104437 CCD=ffefbc76 CCO=SUBB
EFER=0000000000000000
check_exception old: 0xffffffff new 0x6
   500: v=06 e=0000 i=0 cpl=0 IP=0010:0000001b pc=0000001b SP=0018:001044d0 env->regs[R_EAX]=e9d43463
EAX=e9d43463 EBX=001044d4 ECX=00000018 EDX=001044d4
ESI=0000001b EDI=001044c4 EBP=00000010 ESP=001044d0
EIP=0000001b EFL=00000087 [--S--PC] CPL=0 II=0 A20=1 SMM=0 HLT=0
ES =0018 00000000 ffffffff 00c09300 DPL=0 DS   [-WA]
CS =0010 00000000 ffffffff 00cf9a00 DPL=0 CS32 [-R-]
SS =0018 00000000 ffffffff 00c09300 DPL=0 DS   [-WA]
DS =0018 00000000 ffffffff 00c09300 DPL=0 DS   [-WA]
FS =0018 00000000 ffffffff 00c09300 DPL=0 DS   [-WA]
GS =0018 00000000 ffffffff 00c09300 DPL=0 DS   [-WA]
LDT=0000 00000000 0000ffff 00008200 DPL=0 LDT
TR =0000 00000000 0000ffff 00008b00 DPL=0 TSS32-busy
GDT=     000010b0 00000020
IDT=     00107020 000007ff
CR0=00000011 CR2=00000000 CR3=00000000 CR4=00000000
DR0=00000000 DR1=00000000 DR2=00000000 DR3=00000000 
DR6=ffff0ff0 DR7=00000400
CCS=001044d4 CCD=ffefbbd8 CCO=SUBB
EFER=0000000000000000
check_exception old: 0xffffffff new 0x6
   501: v=06 e=0000 i=0 cpl=0 IP=0010:0000001b pc=0000001b SP=0018:001044d0 env->regs[R_EAX]=e9d43463
EAX=e9d43463 EBX=001044d4 ECX=00000018 EDX=00104437
ESI=0000001b EDI=001044c4 EBP=00000010 ESP=001044d0
EIP=0000001b EFL=00000806 [-O---P-] CPL=0 II=0 A20=1 SMM=0 HLT=0
ES =0018 00000000 ffffffff 00c09300 DPL=0 DS   [-WA]
CS =0010 00000000 ffffffff 00cf9a00 DPL=0 CS32 [-R-]
SS =0018 00000000 ffffffff 00c09300 DPL=0 DS   [-WA]
DS =0018 00000000 ffffffff 00c09300 DPL=0 DS   [-WA]
FS =0018 00000000 ffffffff 00c09300 DPL=0 DS   [-WA]
GS =0018 00000000 ffffffff 00c09300 DPL=0 DS   [-WA]
LDT=0000 00000000 0000ffff 00008200 DPL=0 LDT
TR =0000 00000000 0000ffff 00008b00 DPL=0 TSS32-busy
GDT=     000010b0 00000020
IDT=     00107020 000007ff
CR0=00000011 CR2=00000000 CR3=00000000 CR4=00000000
DR0=00000000 DR1=00000000 DR2=00000000 DR3=00000000 
DR6=ffff0ff0 DR7=00000400
CCS=00104437 CCD=ffefbc74 CCO=SUBB
EFER=0000000000000000
check_exception old: 0xffffffff new 0x6
   502: v=06 e=0000 i=0 cpl=0 IP=0010:0000001b pc=0000001b SP=0018:001044d0 env->regs[R_EAX]=e9d43463
EAX=e9d43463 EBX=001044d4 ECX=00000018 EDX=001044d4
ESI=0000001b EDI=001044c4 EBP=00000010 ESP=001044d0
EIP=0000001b EFL=00000083 [--S---C] CPL=0 II=0 A20=1 SMM=0 HLT=0
ES =0018 00000000 ffffffff 00c09300 DPL=0 DS   [-WA]
CS =0010 00000000 ffffffff 00cf9a00 DPL=0 CS32 [-R-]
SS =0018 00000000 ffffffff 00c09300 DPL=0 DS   [-WA]
DS =0018 00000000 ffffffff 00c09300 DPL=0 DS   [-WA]
FS =0018 00000000 ffffffff 00c09300 DPL=0 DS   [-WA]
GS =0018 00000000 ffffffff 00c09300 DPL=0 DS   [-WA]
LDT=0000 00000000 0000ffff 00008200 DPL=0 LDT
TR =0000 00000000 0000ffff 00008b00 DPL=0 TSS32-busy
GDT=     000010b0 00000020
IDT=     00107020 000007ff
CR0=00000011 CR2=00000000 CR3=00000000 CR4=00000000
DR0=00000000 DR1=00000000 DR2=00000000 DR3=00000000 
DR6=ffff0ff0 DR7=00000400
CCS=001044d4 CCD=ffefbbd6 CCO=SUBB
EFER=0000000000000000
check_exception old: 0xffffffff new 0x6
   503: v=06 e=0000 i=0 cpl=0 IP=0010:0000001b pc=0000001b SP=0018:001044d0 env->regs[R_EAX]=e9d43463
EAX=e9d43463 EBX=001044d4 ECX=00000018 EDX=00104437
ESI=0000001b EDI=001044c4 EBP=00000010 ESP=001044d0
EIP=0000001b EFL=00000806 [-O---P-] CPL=0 II=0 A20=1 SMM=0 HLT=0
ES =0018 00000000 ffffffff 00c09300 DPL=0 DS   [-WA]
CS =0010 00000000 ffffffff 00cf9a00 DPL=0 CS32 [-R-]
SS =0018 00000000 ffffffff 00c09300 DPL=0 DS   [-WA]
DS =0018 00000000 ffffffff 00c09300 DPL=0 DS   [-WA]
FS =0018 00000000 ffffffff 00c09300 DPL=0 DS   [-WA]
GS =0018 00000000 ffffffff 00c09300 DPL=0 DS   [-WA]
LDT=0000 00000000 0000ffff 00008200 DPL=0 LDT
TR =0000 00000000 0000ffff 00008b00 DPL=0 TSS32-busy
GDT=     000010b0 00000020
IDT=     00107020 000007ff
CR0=00000011 CR2=00000000 CR3=00000000 CR4=00000000
DR0=00000000 DR1=00000000 DR2=00000000 DR3=00000000 
DR6=ffff0ff0 DR7=00000400
CCS=00104437 CCD=ffefbc72 CCO=SUBB
EFER=0000000000000000
check_exception old: 0xffffffff new 0x6
   504: v=06 e=0000 i=0 cpl=0 IP=0010:0000001b pc=0000001b SP=0018:001044d0 env->regs[R_EAX]=e9d43463
EAX=e9d43463 EBX=001044d4 ECX=00000018 EDX=001044d4
ESI=0000001b EDI=001044c4 EBP=00000010 ESP=001044d0
EIP=0000001b EFL=00000087 [--S--PC] CPL=0 II=0 A20=1 SMM=0 HLT=0
ES =0018 00000000 ffffffff 00c09300 DPL=0 DS   [-WA]
CS =0010 00000000 ffffffff 00cf9a00 DPL=0 CS32 [-R-]
SS =0018 00000000 ffffffff 00c09300 DPL=0 DS   [-WA]
DS =0018 00000000 ffffffff 00c09300 DPL=0 DS   [-WA]
FS =0018 00000000 ffffffff 00c09300 DPL=0 DS   [-WA]
GS =0018 00000000 ffffffff 00c09300 DPL=0 DS   [-WA]
LDT=0000 00000000 0000ffff 00008200 DPL=0 LDT
TR =0000 00000000 0000ffff 00008b00 DPL=0 TSS32-busy
GDT=     000010b0 00000020
IDT=     00107020 000007ff
CR0=00000011 CR2=00000000 CR3=00000000 CR4=00000000
DR0=00000000 DR1=00000000 DR2=00000000 DR3=00000000 
DR6=ffff0ff0 DR7=00000400
CCS=001044d4 CCD=ffefbbd4 CCO=SUBB
EFER=0000000000000000
check_exception old: 0xffffffff new 0x6
   505: v=06 e=0000 i=0 cpl=0 IP=0010:0000001b pc=0000001b SP=0018:001044d0 env->regs[R_EAX]=e9d43463
EAX=e9d43463 EBX=001044d4 ECX=00000018 EDX=00104437
ESI=0000001b EDI=001044c4 EBP=00000010 ESP=001044d0
EIP=0000001b EFL=00000802 [-O-----] CPL=0 II=0 A20=1 SMM=0 HLT=0
ES =0018 00000000 ffffffff 00c09300 DPL=0 DS   [-WA]
CS =0010 00000000 ffffffff 00cf9a00 DPL=0 CS32 [-R-]
SS =0018 00000000 ffffffff 00c09300 DPL=0 DS   [-WA]
DS =0018 00000000 ffffffff 00c09300 DPL=0 DS   [-WA]
FS =0018 00000000 ffffffff 00c09300 DPL=0 DS   [-WA]
GS =0018 00000000 ffffffff 00c09300 DPL=0 DS   [-WA]
LDT=0000 00000000 0000ffff 00008200 DPL=0 LDT
TR =0000 00000000 0000ffff 00008b00 DPL=0 TSS32-busy
GDT=     000010b0 00000020
IDT=     00107020 000007ff
CR0=00000011 CR2=00000000 CR3=00000000 CR4=00000000
DR0=00000000 DR1=00000000 DR2=00000000 DR3=00000000 
DR6=ffff0ff0 DR7=00000400
CCS=00104437 CCD=ffefbc70 CCO=SUBB
EFER=0000000000000000
check_exception old: 0xffffffff new 0x6
   506: v=06 e=0000 i=0 cpl=0 IP=0010:0000001b pc=0000001b SP=0018:001044d0 env->regs[R_EAX]=e9d43463
EAX=e9d43463 EBX=001044d4 ECX=00000018 EDX=001044d4
ESI=0000001b EDI=001044c4 EBP=00000010 ESP=001044d0
EIP=0000001b EFL=00000087 [--S--PC] CPL=0 II=0 A20=1 SMM=0 HLT=0
ES =0018 00000000 ffffffff 00c09300 DPL=0 DS   [-WA]
CS =0010 00000000 ffffffff 00cf9a00 DPL=0 CS32 [-R-]
SS =0018 00000000 ffffffff 00c09300 DPL=0 DS   [-WA]
DS =0018 00000000 ffffffff 00c09300 DPL=0 DS   [-WA]
FS =0018 00000000 ffffffff 00c09300 DPL=0 DS   [-WA]
GS =0018 00000000 ffffffff 00c09300 DPL=0 DS   [-WA]
LDT=0000 00000000 0000ffff 00008200 DPL=0 LDT
TR =0000 00000000 0000ffff 00008b00 DPL=0 TSS32-busy
GDT=     000010b0 00000020
IDT=     00107020 000007ff
CR0=00000011 CR2=00000000 CR3=00000000 CR4=00000000
DR0=00000000 DR1=00000000 DR2=00000000 DR3=00000000 
DR6=ffff0ff0 DR7=00000400
CCS=001044d4 CCD=ffefbbd2 CCO=SUBB
EFER=0000000000000000
check_exception old: 0xffffffff new 0x6
   507: v=06 e=0000 i=0 cpl=0 IP=0010:0000001b pc=0000001b SP=0018:001044d0 env->regs[R_EAX]=e9d43463
EAX=e9d43463 EBX=001044d4 ECX=00000018 EDX=00104437
ESI=0000001b EDI=001044c4 EBP=00000010 ESP=001044d0
EIP=0000001b EFL=00000812 [-O--A--] CPL=0 II=0 A20=1 SMM=0 HLT=0
ES =0018 00000000 ffffffff 00c09300 DPL=0 DS   [-WA]
CS =0010 00000000 ffffffff 00cf9a00 DPL=0 CS32 [-R-]
SS =0018 00000000 ffffffff 00c09300 DPL=0 DS   [-WA]
DS =0018 00000000 ffffffff 00c09300 DPL=0 DS   [-WA]
FS =0018 00000000 ffffffff 00c09300 DPL=0 DS   [-WA]
GS =0018 00000000 ffffffff 00c09300 DPL=0 DS   [-WA]
LDT=0000 00000000 0000ffff 00008200 DPL=0 LDT
TR =0000 00000000 0000ffff 00008b00 DPL=0 TSS32-busy
GDT=     000010b0 00000020
IDT=     00107020 000007ff
CR0=00000011 CR2=00000000 CR3=00000000 CR4=00000000
DR0=00000000 DR1=00000000 DR2=00000000 DR3=00000000 
DR6=ffff0ff0 DR7=00000400
CCS=00104437 CCD=ffefbc6e CCO=SUBB
EFER=0000000000000000
check_exception old: 0xffffffff new 0x6
   508: v=06 e=0000 i=0 cpl=0 IP=0010:0000001b pc=0000001b SP=0018:001044d0 env->regs[R_EAX]=e9d43463
EAX=e9d43463 EBX=001044d4 ECX=00000018 EDX=001044d4
ESI=0000001b EDI=001044c4 EBP=00000010 ESP=001044d0
EIP=0000001b EFL=00000083 [--S---C] CPL=0 II=0 A20=1 SMM=0 HLT=0
ES =0018 00000000 ffffffff 00c09300 DPL=0 DS   [-WA]
CS =0010 00000000 ffffffff 00cf9a00 DPL=0 CS32 [-R-]
SS =0018 00000000 ffffffff 00c09300 DPL=0 DS   [-WA]
DS =0018 00000000 ffffffff 00c09300 DPL=0 DS   [-WA]
FS =0018 00000000 ffffffff 00c09300 DPL=0 DS   [-WA]
GS =0018 00000000 ffffffff 00c09300 DPL=0 DS   [-WA]
LDT=0000 00000000 0000ffff 00008200 DPL=0 LDT
TR =0000 00000000 0000ffff 00008b00 DPL=0 TSS32-busy
GDT=     000010b0 00000020
IDT=     00107020 000007ff
CR0=00000011 CR2=00000000 CR3=00000000 CR4=00000000
DR0=00000000 DR1=00000000 DR2=00000000 DR3=00000000 
DR6=ffff0ff0 DR7=00000400
CCS=001044d4 CCD=ffefbbd0 CCO=SUBB
EFER=0000000000000000
check_exception old: 0xffffffff new 0x6
   509: v=06 e=0000 i=0 cpl=0 IP=0010:0000001b pc=0000001b SP=0018:001044d0 env->regs[R_EAX]=e9d43463
EAX=e9d43463 EBX=001044d4 ECX=00000018 EDX=00104437
ESI=0000001b EDI=001044c4 EBP=00000010 ESP=001044d0
EIP=0000001b EFL=00000816 [-O--AP-] CPL=0 II=0 A20=1 SMM=0 HLT=0
ES =0018 00000000 ffffffff 00c09300 DPL=0 DS   [-WA]
CS =0010 00000000 ffffffff 00cf9a00 DPL=0 CS32 [-R-]
SS =0018 00000000 ffffffff 00c09300 DPL=0 DS   [-WA]
DS =0018 00000000 ffffffff 00c09300 DPL=0 DS   [-WA]
FS =0018 00000000 ffffffff 00c09300 DPL=0 DS   [-WA]
GS =0018 00000000 ffffffff 00c09300 DPL=0 DS   [-WA]
LDT=0000 00000000 0000ffff 00008200 DPL=0 LDT
TR =0000 00000000 0000ffff 00008b00 DPL=0 TSS32-busy
GDT=     000010b0 00000020
IDT=     00107020 000007ff
CR0=00000011 CR2=00000000 CR3=00000000 CR4=00000000
DR0=00000000 DR1=00000000 DR2=00000000 DR3=00000000 
DR6=ffff0ff0 DR7=00000400
CCS=00104437 CCD=ffefbc6c CCO=SUBB
EFER=0000000000000000
check_exception old: 0xffffffff new 0x6
   510: v=06 e=0000 i=0 cpl=0 IP=0010:0000001b pc=0000001b SP=0018:001044d0 env->regs[R_EAX]=e9d43463
EAX=e9d43463 EBX=001044d4 ECX=00000018 EDX=001044d4
ESI=0000001b EDI=001044c4 EBP=00000010 ESP=001044d0
EIP=0000001b EFL=00000093 [--S-A-C] CPL=0 II=0 A20=1 SMM=0 HLT=0
ES =0018 00000000 ffffffff 00c09300 DPL=0 DS   [-WA]
CS =0010 00000000 ffffffff 00cf9a00 DPL=0 CS32 [-R-]
SS =0018 00000000 ffffffff 00c09300 DPL=0 DS   [-WA]
DS =0018 00000000 ffffffff 00c09300 DPL=0 DS   [-WA]
FS =0018 00000000 ffffffff 00c09300 DPL=0 DS   [-WA]
GS =0018 00000000 ffffffff 00c09300 DPL=0 DS   [-WA]
LDT=0000 00000000 0000ffff 00008200 DPL=0 LDT
TR =0000 00000000 0000ffff 00008b00 DPL=0 TSS32-busy
GDT=     000010b0 00000020
IDT=     00107020 000007ff
CR0=00000011 CR2=00000000 CR3=00000000 CR4=00000000
DR0=00000000 DR1=00000000 DR2=00000000 DR3=00000000 
DR6=ffff0ff0 DR7=00000400
CCS=001044d4 CCD=ffefbbce CCO=SUBB
EFER=0000000000000000
check_exception old: 0xffffffff new 0x6
   511: v=06 e=0000 i=0 cpl=0 IP=0010:0000001b pc=0000001b SP=0018:001044d0 env->regs[R_EAX]=e9d43463
EAX=e9d43463 EBX=001044d4 ECX=00000018 EDX=00104437
ESI=0000001b EDI=001044c4 EBP=00000010 ESP=001044d0
EIP=0000001b EFL=00000816 [-O--AP-] CPL=0 II=0 A20=1 SMM=0 HLT=0
ES =0018 00000000 ffffffff 00c09300 DPL=0 DS   [-WA]
CS =0010 00000000 ffffffff 00cf9a00 DPL=0 CS32 [-R-]
SS =0018 00000000 ffffffff 00c09300 DPL=0 DS   [-WA]
DS =0018 00000000 ffffffff 00c09300 DPL=0 DS   [-WA]
FS =0018 00000000 ffffffff 00c09300 DPL=0 DS   [-WA]
GS =0018 00000000 ffffffff 00c09300 DPL=0 DS   [-WA]
LDT=0000 00000000 0000ffff 00008200 DPL=0 LDT
TR =0000 00000000 0000ffff 00008b00 DPL=0 TSS32-busy
GDT=     000010b0 00000020
IDT=     00107020 000007ff
CR0=00000011 CR2=00000000 CR3=00000000 CR4=00000000
DR0=00000000 DR1=00000000 DR2=00000000 DR3=00000000 
DR6=ffff0ff0 DR7=00000400
CCS=00104437 CCD=ffefbc6a CCO=SUBB
EFER=0000000000000000
check_exception old: 0xffffffff new 0x6
   512: v=06 e=0000 i=0 cpl=0 IP=0010:0000001b pc=0000001b SP=0018:001044d0 env->regs[R_EAX]=e9d43463
EAX=e9d43463 EBX=001044d4 ECX=00000018 EDX=001044d4
ESI=0000001b EDI=001044c4 EBP=00000010 ESP=001044d0
EIP=0000001b EFL=00000097 [--S-APC] CPL=0 II=0 A20=1 SMM=0 HLT=0
ES =0018 00000000 ffffffff 00c09300 DPL=0 DS   [-WA]
CS =0010 00000000 ffffffff 00cf9a00 DPL=0 CS32 [-R-]
SS =0018 00000000 ffffffff 00c09300 DPL=0 DS   [-WA]
DS =0018 00000000 ffffffff 00c09300 DPL=0 DS   [-WA]
FS =0018 00000000 ffffffff 00c09300 DPL=0 DS   [-WA]
GS =0018 00000000 ffffffff 00c09300 DPL=0 DS   [-WA]
LDT=0000 00000000 0000ffff 00008200 DPL=0 LDT
TR =0000 00000000 0000ffff 00008b00 DPL=0 TSS32-busy
GDT=     000010b0 00000020
IDT=     00107020 000007ff
CR0=00000011 CR2=00000000 CR3=00000000 CR4=00000000
DR0=00000000 DR1=00000000 DR2=00000000 DR3=00000000 
DR6=ffff0ff0 DR7=00000400
CCS=001044d4 CCD=ffefbbcc CCO=SUBB
EFER=0000000000000000
check_exception old: 0xffffffff new 0x6
   513: v=06 e=0000 i=0 cpl=0 IP=0010:0000001b pc=0000001b SP=0018:001044d0 env->regs[R_EAX]=e9d43463
EAX=e9d43463 EBX=001044d4 ECX=00000018 EDX=00104437
ESI=0000001b EDI=001044c4 EBP=00000010 ESP=001044d0
EIP=0000001b EFL=00000802 [-O-----] CPL=0 II=0 A20=1 SMM=0 HLT=0
ES =0018 00000000 ffffffff 00c09300 DPL=0 DS   [-WA]
CS =0010 00000000 ffffffff 00cf9a00 DPL=0 CS32 [-R-]
SS =0018 00000000 ffffffff 00c09300 DPL=0 DS   [-WA]
DS =0018 00000000 ffffffff 00c09300 DPL=0 DS   [-WA]
FS =0018 00000000 ffffffff 00c09300 DPL=0 DS   [-WA]
GS =0018 00000000 ffffffff 00c09300 DPL=0 DS   [-WA]
LDT=0000 00000000 0000ffff 00008200 DPL=0 LDT
TR =0000 00000000 0000ffff 00008b00 DPL=0 TSS32-busy
GDT=     000010b0 00000020
IDT=     00107020 000007ff
CR0=00000011 CR2=00000000 CR3=00000000 CR4=00000000
DR0=00000000 DR1=00000000 DR2=00000000 DR3=00000000 
DR6=ffff0ff0 DR7=00000400
CCS=00104437 CCD=ffefbc68 CCO=SUBB
EFER=0000000000000000
check_exception old: 0xffffffff new 0x6
   514: v=06 e=0000 i=0 cpl=0 IP=0010:0000001b pc=0000001b SP=0018:001044d0 env->regs[R_EAX]=e9d43463
EAX=e9d43463 EBX=001044d4 ECX=00000018 EDX=001044d4
ESI=0000001b EDI=001044c4 EBP=00000010 ESP=001044d0
EIP=0000001b EFL=00000087 [--S--PC] CPL=0 II=0 A20=1 SMM=0 HLT=0
ES =0018 00000000 ffffffff 00c09300 DPL=0 DS   [-WA]
CS =0010 00000000 ffffffff 00cf9a00 DPL=0 CS32 [-R-]
SS =0018 00000000 ffffffff 00c09300 DPL=0 DS   [-WA]
DS =0018 00000000 ffffffff 00c09300 DPL=0 DS   [-WA]
FS =0018 00000000 ffffffff 00c09300 DPL=0 DS   [-WA]
GS =0018 00000000 ffffffff 00c09300 DPL=0 DS   [-WA]
LDT=0000 00000000 0000ffff 00008200 DPL=0 LDT
TR =0000 00000000 0000ffff 00008b00 DPL=0 TSS32-busy
GDT=     000010b0 00000020
IDT=     00107020 000007ff
CR0=00000011 CR2=00000000 CR3=00000000 CR4=00000000
DR0=00000000 DR1=00000000 DR2=00000000 DR3=00000000 
DR6=ffff0ff0 DR7=00000400
CCS=001044d4 CCD=ffefbbca CCO=SUBB
EFER=0000000000000000
check_exception old: 0xffffffff new 0x6
   515: v=06 e=0000 i=0 cpl=0 IP=0010:0000001b pc=0000001b SP=0018:001044d0 env->regs[R_EAX]=e9d43463
EAX=e9d43463 EBX=001044d4 ECX=00000018 EDX=00104437
ESI=0000001b EDI=001044c4 EBP=00000010 ESP=001044d0
EIP=0000001b EFL=00000806 [-O---P-] CPL=0 II=0 A20=1 SMM=0 HLT=0
ES =0018 00000000 ffffffff 00c09300 DPL=0 DS   [-WA]
CS =0010 00000000 ffffffff 00cf9a00 DPL=0 CS32 [-R-]
SS =0018 00000000 ffffffff 00c09300 DPL=0 DS   [-WA]
DS =0018 00000000 ffffffff 00c09300 DPL=0 DS   [-WA]
FS =0018 00000000 ffffffff 00c09300 DPL=0 DS   [-WA]
GS =0018 00000000 ffffffff 00c09300 DPL=0 DS   [-WA]
LDT=0000 00000000 0000ffff 00008200 DPL=0 LDT
TR =0000 00000000 0000ffff 00008b00 DPL=0 TSS32-busy
GDT=     000010b0 00000020
IDT=     00107020 000007ff
CR0=00000011 CR2=00000000 CR3=00000000 CR4=00000000
DR0=00000000 DR1=00000000 DR2=00000000 DR3=00000000 
DR6=ffff0ff0 DR7=00000400
CCS=00104437 CCD=ffefbc66 CCO=SUBB
EFER=0000000000000000
check_exception old: 0xffffffff new 0x6
   516: v=06 e=0000 i=0 cpl=0 IP=0010:0000001b pc=0000001b SP=0018:001044d0 env->regs[R_EAX]=e9d43463
EAX=e9d43463 EBX=001044d4 ECX=00000018 EDX=001044d4
ESI=0000001b EDI=001044c4 EBP=00000010 ESP=001044d0
EIP=0000001b EFL=00000083 [--S---C] CPL=0 II=0 A20=1 SMM=0 HLT=0
ES =0018 00000000 ffffffff 00c09300 DPL=0 DS   [-WA]
CS =0010 00000000 ffffffff 00cf9a00 DPL=0 CS32 [-R-]
SS =0018 00000000 ffffffff 00c09300 DPL=0 DS   [-WA]
DS =0018 00000000 ffffffff 00c09300 DPL=0 DS   [-WA]
FS =0018 00000000 ffffffff 00c09300 DPL=0 DS   [-WA]
GS =0018 00000000 ffffffff 00c09300 DPL=0 DS   [-WA]
LDT=0000 00000000 0000ffff 00008200 DPL=0 LDT
TR =0000 00000000 0000ffff 00008b00 DPL=0 TSS32-busy
GDT=     000010b0 00000020
IDT=     00107020 000007ff
CR0=00000011 CR2=00000000 CR3=00000000 CR4=00000000
DR0=00000000 DR1=00000000 DR2=00000000 DR3=00000000 
DR6=ffff0ff0 DR7=00000400
CCS=001044d4 CCD=ffefbbc8 CCO=SUBB
EFER=0000000000000000
check_exception old: 0xffffffff new 0x6
   517: v=06 e=0000 i=0 cpl=0 IP=0010:0000001b pc=0000001b SP=0018:001044d0 env->regs[R_EAX]=e9d43463
EAX=e9d43463 EBX=001044d4 ECX=00000018 EDX=00104437
ESI=0000001b EDI=001044c4 EBP=00000010 ESP=001044d0
EIP=0000001b EFL=00000802 [-O-----] CPL=0 II=0 A20=1 SMM=0 HLT=0
ES =0018 00000000 ffffffff 00c09300 DPL=0 DS   [-WA]
CS =0010 00000000 ffffffff 00cf9a00 DPL=0 CS32 [-R-]
SS =0018 00000000 ffffffff 00c09300 DPL=0 DS   [-WA]
DS =0018 00000000 ffffffff 00c09300 DPL=0 DS   [-WA]
FS =0018 00000000 ffffffff 00c09300 DPL=0 DS   [-WA]
GS =0018 00000000 ffffffff 00c09300 DPL=0 DS   [-WA]
LDT=0000 00000000 0000ffff 00008200 DPL=0 LDT
TR =0000 00000000 0000ffff 00008b00 DPL=0 TSS32-busy
GDT=     000010b0 00000020
IDT=     00107020 000007ff
CR0=00000011 CR2=00000000 CR3=00000000 CR4=00000000
DR0=00000000 DR1=00000000 DR2=00000000 DR3=00000000 
DR6=ffff0ff0 DR7=00000400
CCS=00104437 CCD=ffefbc64 CCO=SUBB
EFER=0000000000000000
check_exception old: 0xffffffff new 0x6
   518: v=06 e=0000 i=0 cpl=0 IP=0010:0000001b pc=0000001b SP=0018:001044d0 env->regs[R_EAX]=e9d43463
EAX=e9d43463 EBX=001044d4 ECX=00000018 EDX=001044d4
ESI=0000001b EDI=001044c4 EBP=00000010 ESP=001044d0
EIP=0000001b EFL=00000087 [--S--PC] CPL=0 II=0 A20=1 SMM=0 HLT=0
ES =0018 00000000 ffffffff 00c09300 DPL=0 DS   [-WA]
CS =0010 00000000 ffffffff 00cf9a00 DPL=0 CS32 [-R-]
SS =0018 00000000 ffffffff 00c09300 DPL=0 DS   [-WA]
DS =0018 00000000 ffffffff 00c09300 DPL=0 DS   [-WA]
FS =0018 00000000 ffffffff 00c09300 DPL=0 DS   [-WA]
GS =0018 00000000 ffffffff 00c09300 DPL=0 DS   [-WA]
LDT=0000 00000000 0000ffff 00008200 DPL=0 LDT
TR =0000 00000000 0000ffff 00008b00 DPL=0 TSS32-busy
GDT=     000010b0 00000020
IDT=     00107020 000007ff
CR0=00000011 CR2=00000000 CR3=00000000 CR4=00000000
DR0=00000000 DR1=00000000 DR2=00000000 DR3=00000000 
DR6=ffff0ff0 DR7=00000400
CCS=001044d4 CCD=ffefbbc6 CCO=SUBB
EFER=0000000000000000
check_exception old: 0xffffffff new 0x6
   519: v=06 e=0000 i=0 cpl=0 IP=0010:0000001b pc=0000001b SP=0018:001044d0 env->regs[R_EAX]=e9d43463
EAX=e9d43463 EBX=001044d4 ECX=00000018 EDX=00104437
ESI=0000001b EDI=001044c4 EBP=00000010 ESP=001044d0
EIP=0000001b EFL=00000802 [-O-----] CPL=0 II=0 A20=1 SMM=0 HLT=0
ES =0018 00000000 ffffffff 00c09300 DPL=0 DS   [-WA]
CS =0010 00000000 ffffffff 00cf9a00 DPL=0 CS32 [-R-]
SS =0018 00000000 ffffffff 00c09300 DPL=0 DS   [-WA]
DS =0018 00000000 ffffffff 00c09300 DPL=0 DS   [-WA]
FS =0018 00000000 ffffffff 00c09300 DPL=0 DS   [-WA]
GS =0018 00000000 ffffffff 00c09300 DPL=0 DS   [-WA]
LDT=0000 00000000 0000ffff 00008200 DPL=0 LDT
TR =0000 00000000 0000ffff 00008b00 DPL=0 TSS32-busy
GDT=     000010b0 00000020
IDT=     00107020 000007ff
CR0=00000011 CR2=00000000 CR3=00000000 CR4=00000000
DR0=00000000 DR1=00000000 DR2=00000000 DR3=00000000 
DR6=ffff0ff0 DR7=00000400
CCS=00104437 CCD=ffefbc62 CCO=SUBB
EFER=0000000000000000
check_exception old: 0xffffffff new 0x6
   520: v=06 e=0000 i=0 cpl=0 IP=0010:0000001b pc=0000001b SP=0018:001044d0 env->regs[R_EAX]=e9d43463
EAX=e9d43463 EBX=001044d4 ECX=00000018 EDX=001044d4
ESI=0000001b EDI=001044c4 EBP=00000010 ESP=001044d0
EIP=0000001b EFL=00000083 [--S---C] CPL=0 II=0 A20=1 SMM=0 HLT=0
ES =0018 00000000 ffffffff 00c09300 DPL=0 DS   [-WA]
CS =0010 00000000 ffffffff 00cf9a00 DPL=0 CS32 [-R-]
SS =0018 00000000 ffffffff 00c09300 DPL=0 DS   [-WA]
DS =0018 00000000 ffffffff 00c09300 DPL=0 DS   [-WA]
FS =0018 00000000 ffffffff 00c09300 DPL=0 DS   [-WA]
GS =0018 00000000 ffffffff 00c09300 DPL=0 DS   [-WA]
LDT=0000 00000000 0000ffff 00008200 DPL=0 LDT
TR =0000 00000000 0000ffff 00008b00 DPL=0 TSS32-busy
GDT=     000010b0 00000020
IDT=     00107020 000007ff
CR0=00000011 CR2=00000000 CR3=00000000 CR4=00000000
DR0=00000000 DR1=00000000 DR2=00000000 DR3=00000000 
DR6=ffff0ff0 DR7=00000400
CCS=001044d4 CCD=ffefbbc4 CCO=SUBB
EFER=0000000000000000
check_exception old: 0xffffffff new 0x6
   521: v=06 e=0000 i=0 cpl=0 IP=0010:0000001b pc=0000001b SP=0018:001044d0 env->regs[R_EAX]=e9d43463
EAX=e9d43463 EBX=001044d4 ECX=00000018 EDX=00104437
ESI=0000001b EDI=001044c4 EBP=00000010 ESP=001044d0
EIP=0000001b EFL=00000806 [-O---P-] CPL=0 II=0 A20=1 SMM=0 HLT=0
ES =0018 00000000 ffffffff 00c09300 DPL=0 DS   [-WA]
CS =0010 00000000 ffffffff 00cf9a00 DPL=0 CS32 [-R-]
SS =0018 00000000 ffffffff 00c09300 DPL=0 DS   [-WA]
DS =0018 00000000 ffffffff 00c09300 DPL=0 DS   [-WA]
FS =0018 00000000 ffffffff 00c09300 DPL=0 DS   [-WA]
GS =0018 00000000 ffffffff 00c09300 DPL=0 DS   [-WA]
LDT=0000 00000000 0000ffff 00008200 DPL=0 LDT
TR =0000 00000000 0000ffff 00008b00 DPL=0 TSS32-busy
GDT=     000010b0 00000020
IDT=     00107020 000007ff
CR0=00000011 CR2=00000000 CR3=00000000 CR4=00000000
DR0=00000000 DR1=00000000 DR2=00000000 DR3=00000000 
DR6=ffff0ff0 DR7=00000400
CCS=00104437 CCD=ffefbc60 CCO=SUBB
EFER=0000000000000000
check_exception old: 0xffffffff new 0x6
   522: v=06 e=0000 i=0 cpl=0 IP=0010:0000001b pc=0000001b SP=0018:001044d0 env->regs[R_EAX]=e9d43463
EAX=e9d43463 EBX=001044d4 ECX=00000018 EDX=001044d4
ESI=0000001b EDI=001044c4 EBP=00000010 ESP=001044d0
EIP=0000001b EFL=00000083 [--S---C] CPL=0 II=0 A20=1 SMM=0 HLT=0
ES =0018 00000000 ffffffff 00c09300 DPL=0 DS   [-WA]
CS =0010 00000000 ffffffff 00cf9a00 DPL=0 CS32 [-R-]
SS =0018 00000000 ffffffff 00c09300 DPL=0 DS   [-WA]
DS =0018 00000000 ffffffff 00c09300 DPL=0 DS   [-WA]
FS =0018 00000000 ffffffff 00c09300 DPL=0 DS   [-WA]
GS =0018 00000000 ffffffff 00c09300 DPL=0 DS   [-WA]
LDT=0000 00000000 0000ffff 00008200 DPL=0 LDT
TR =0000 00000000 0000ffff 00008b00 DPL=0 TSS32-busy
GDT=     000010b0 00000020
IDT=     00107020 000007ff
CR0=00000011 CR2=00000000 CR3=00000000 CR4=00000000
DR0=00000000 DR1=00000000 DR2=00000000 DR3=00000000 
DR6=ffff0ff0 DR7=00000400
CCS=001044d4 CCD=ffefbbc2 CCO=SUBB
EFER=0000000000000000
check_exception old: 0xffffffff new 0x6
   523: v=06 e=0000 i=0 cpl=0 IP=0010:0000001b pc=0000001b SP=0018:001044d0 env->regs[R_EAX]=e9d43463
EAX=e9d43463 EBX=001044d4 ECX=00000018 EDX=00104437
ESI=0000001b EDI=001044c4 EBP=00000010 ESP=001044d0
EIP=0000001b EFL=00000812 [-O--A--] CPL=0 II=0 A20=1 SMM=0 HLT=0
ES =0018 00000000 ffffffff 00c09300 DPL=0 DS   [-WA]
CS =0010 00000000 ffffffff 00cf9a00 DPL=0 CS32 [-R-]
SS =0018 00000000 ffffffff 00c09300 DPL=0 DS   [-WA]
DS =0018 00000000 ffffffff 00c09300 DPL=0 DS   [-WA]
FS =0018 00000000 ffffffff 00c09300 DPL=0 DS   [-WA]
GS =0018 00000000 ffffffff 00c09300 DPL=0 DS   [-WA]
LDT=0000 00000000 0000ffff 00008200 DPL=0 LDT
TR =0000 00000000 0000ffff 00008b00 DPL=0 TSS32-busy
GDT=     000010b0 00000020
IDT=     00107020 000007ff
CR0=00000011 CR2=00000000 CR3=00000000 CR4=00000000
DR0=00000000 DR1=00000000 DR2=00000000 DR3=00000000 
DR6=ffff0ff0 DR7=00000400
CCS=00104437 CCD=ffefbc5e CCO=SUBB
EFER=0000000000000000
check_exception old: 0xffffffff new 0x6
   524: v=06 e=0000 i=0 cpl=0 IP=0010:0000001b pc=0000001b SP=0018:001044d0 env->regs[R_EAX]=e9d43463
EAX=e9d43463 EBX=001044d4 ECX=00000018 EDX=001044d4
ESI=0000001b EDI=001044c4 EBP=00000010 ESP=001044d0
EIP=0000001b EFL=00000087 [--S--PC] CPL=0 II=0 A20=1 SMM=0 HLT=0
ES =0018 00000000 ffffffff 00c09300 DPL=0 DS   [-WA]
CS =0010 00000000 ffffffff 00cf9a00 DPL=0 CS32 [-R-]
SS =0018 00000000 ffffffff 00c09300 DPL=0 DS   [-WA]
DS =0018 00000000 ffffffff 00c09300 DPL=0 DS   [-WA]
FS =0018 00000000 ffffffff 00c09300 DPL=0 DS   [-WA]
GS =0018 00000000 ffffffff 00c09300 DPL=0 DS   [-WA]
LDT=0000 00000000 0000ffff 00008200 DPL=0 LDT
TR =0000 00000000 0000ffff 00008b00 DPL=0 TSS32-busy
GDT=     000010b0 00000020
IDT=     00107020 000007ff
CR0=00000011 CR2=00000000 CR3=00000000 CR4=00000000
DR0=00000000 DR1=00000000 DR2=00000000 DR3=00000000 
DR6=ffff0ff0 DR7=00000400
CCS=001044d4 CCD=ffefbbc0 CCO=SUBB
EFER=0000000000000000
check_exception old: 0xffffffff new 0x6
   525: v=06 e=0000 i=0 cpl=0 IP=0010:0000001b pc=0000001b SP=0018:001044d0 env->regs[R_EAX]=e9d43463
EAX=e9d43463 EBX=001044d4 ECX=00000018 EDX=00104437
ESI=0000001b EDI=001044c4 EBP=00000010 ESP=001044d0
EIP=0000001b EFL=00000816 [-O--AP-] CPL=0 II=0 A20=1 SMM=0 HLT=0
ES =0018 00000000 ffffffff 00c09300 DPL=0 DS   [-WA]
CS =0010 00000000 ffffffff 00cf9a00 DPL=0 CS32 [-R-]
SS =0018 00000000 ffffffff 00c09300 DPL=0 DS   [-WA]
DS =0018 00000000 ffffffff 00c09300 DPL=0 DS   [-WA]
FS =0018 00000000 ffffffff 00c09300 DPL=0 DS   [-WA]
GS =0018 00000000 ffffffff 00c09300 DPL=0 DS   [-WA]
LDT=0000 00000000 0000ffff 00008200 DPL=0 LDT
TR =0000 00000000 0000ffff 00008b00 DPL=0 TSS32-busy
GDT=     000010b0 00000020
IDT=     00107020 000007ff
CR0=00000011 CR2=00000000 CR3=00000000 CR4=00000000
DR0=00000000 DR1=00000000 DR2=00000000 DR3=00000000 
DR6=ffff0ff0 DR7=00000400
CCS=00104437 CCD=ffefbc5c CCO=SUBB
EFER=0000000000000000
check_exception old: 0xffffffff new 0x6
   526: v=06 e=0000 i=0 cpl=0 IP=0010:0000001b pc=0000001b SP=0018:001044d0 env->regs[R_EAX]=e9d43463
EAX=e9d43463 EBX=001044d4 ECX=00000018 EDX=001044d4
ESI=0000001b EDI=001044c4 EBP=00000010 ESP=001044d0
EIP=0000001b EFL=00000097 [--S-APC] CPL=0 II=0 A20=0 SMM=0 HLT=0
ES =0018 00000000 ffffffff 00c09300 DPL=0 DS   [-WA]
CS =0010 00000000 ffffffff 00cf9a00 DPL=0 CS32 [-R-]
SS =0018 00000000 ffffffff 00c09300 DPL=0 DS   [-WA]
DS =0018 00000000 ffffffff 00c09300 DPL=0 DS   [-WA]
FS =0018 00000000 ffffffff 00c09300 DPL=0 DS   [-WA]
GS =0018 00000000 ffffffff 00c09300 DPL=0 DS   [-WA]
LDT=0000 00000000 0000ffff 00008200 DPL=0 LDT
TR =0000 00000000 0000ffff 00008b00 DPL=0 TSS32-busy
GDT=     000010b0 00000020
IDT=     00107020 000007ff
CR0=00000011 CR2=00000000 CR3=00000000 CR4=00000000
DR0=00000000 DR1=00000000 DR2=00000000 DR3=00000000 
DR6=ffff0ff0 DR7=00000400
CCS=001044d4 CCD=ffefbbbe CCO=SUBB
EFER=0000000000000000
